case_id,platform,state,collection_status,reason_codes,retrieval_date,duration_seconds,entire_video_inspected,retained_frame_count,frame_timestamps_seconds,frame_sha256,source_media_sha256,acquisition_method,evidence_storage
g_40cf51fadd60e0cb,youtube,ready,READY,"[""full_timeline_review"", ""independent_adjudication_agreement"", ""hashed_visual_evidence""]",2026-10-09,5.521,True,11,"[0.0, 0.5, 1.0, 1.5, 2.0, 2.5, 3.0, 3.5, 4.0, 4.5, 5.0]","[""fd58db6c805af177241a92c4915e7eadb25a7b35d7846ea8caba62c215b62c31"", ""5380cb6b79ba593903dab820c6ba914d48fce95b5ddbfe405b2eb52962aad84b"", ""3115df039790b97a019d9220c1442a2a9c8d8fe6ca55ac389fedf3dd68a9fe7e"", ""ca66e2120035b15de6429b736d53f1c3e3ccfc68b232c46d02ec07ce71b4f77e"", ""cca0d4329c607c0e9819a1ae6899fd44158c2250debb6bdd080ccd300b85cb55"", ""c727b4fd143d86c01fb6254f012ddf0849462e40759fc78a69763df16d97b791"", ""505936a5ac246c48feb176b6ffccdc529870cb62ae2e28480654ae79a08e78a6"", ""5f051be78d4ffdba3e47d4beda20a10db574b224a92cf1359e3fce1e2e7d48ec"", ""2cd2708714e25368a782b1306db2ea44ed08910faecb7da0f378207cbb502a0f"", ""372f0a3b6a74fedd3135e4f205de238ba88a985b3ef6e2c999a960d4016bde7b"", ""ff5a0dc041c4c4c624fc9a035284956441708624a8718f795e4b1c405d0d27ad""]",987cd2e4012712f6c3eaf5182988c50e7669dee7d9221009684e87b12b6b3eaa,public_unauthenticated_yt_dlp_then_ffmpeg_2fps,external_private_cache
g_40ba77bd8e064268,youtube,ready,READY,"[""full_timeline_review"", ""independent_adjudication_agreement"", ""hashed_visual_evidence""]",2026-10-09,37.461,True,75,"[0.0, 0.5, 1.0, 1.5, 2.0, 2.5, 3.0, 3.5, 4.0, 4.5, 5.0, 5.5, 6.0, 6.5, 7.0, 7.5, 8.0, 8.5, 9.0, 9.5, 10.0, 10.5, 11.0, 11.5, 12.0, 12.5, 13.0, 13.5, 14.0, 14.5, 15.0, 15.5, 16.0, 16.5, 17.0, 17.5, 18.0, 18.5, 19.0, 19.5, 20.0, 20.5, 21.0, 21.5, 22.0, 22.5, 23.0, 23.5, 24.0, 24.5, 25.0, 25.5, 26.0, 26.5, 27.0, 27.5, 28.0, 28.5, 29.0, 29.5, 30.0, 30.5, 31.0, 31.5, 32.0, 32.5, 33.0, 33.5, 34.0, 34.5, 35.0, 35.5, 36.0, 36.5, 37.0]","[""63ea25b866633a1a211388ad969d68073172a40d9d37a50427d4c5b4b197e54d"", ""79aeb2fa2bbe3e1a8c3a1b3b99bd3422154a72d1ff7b63d191845ca8dcc30915"", ""5999d8ef5c7422066d89a6bab1f6d02d95e3fdf7aa17746daea82c1398a702f0"", ""1c14581c39ef23b0ba469159a9a9a7569b0247ecae02525d48686578e0883b7a"", ""a3865d87f1962f25966fed48d4401c2563f53e81f074c816564f327ff24f43fe"", ""fd90c944b21d04bf6e4ca53a239fcd73bb59eb5cb37d614ef73cee95f28a479a"", ""41fed4b9a22f2f4868b045f4b1297064a82ebf93e137e2eafe67038811680247"", ""6b0b40ca8e035735eb2ba5a5031995687947b963964f336987a381fa2e53f73c"", ""a2a79998f9ac0b75d4b5ceeb74b1d583588c5a259d1d09a718b8ba3fc51a4853"", ""d8f78ee989d8060a58350eb659dc98978e6bf09bf0371bc153c7a486a1aaaff0"", ""17c7a777e8a87f8cb030d73dc239e27654837e765f79aceb0830c30b8f2965c6"", ""fd1b8ec168a9ee40e4a92a44c20f70644e4655b36dd53ee646a18578b515d3f0"", ""d34fa88b52189f78c227bb8beeba40e4fb14309b24e60ace358dfa9ac80223b2"", ""814a4adad11c67245fc6a77a271db3402c17e254d54571e02491809afa674abe"", ""8a2fb4ce908d4c18276ca0b2caeaa8aa83aca7634d3c978964e0ae19d798f8c1"", ""0253ce9bb4b510dd6f31f60dfa111c1560fd6221aaa7265f0186adc976e0c675"", ""56013f7999c7f9dc00f9ef5997a37a98e556defe4cfdfecf856f182ddf9d2238"", ""2a8d7d200327d675d64c7aed91a477688e584da6c29b22f80eb8619db6a954fe"", ""5f84198d370e49a671377d57bbe960a2c2bcd7f1540db37bdbb57d9dd7f2363a"", ""0e1a095527d796943b8bb754a68752c1c9f1bf21d78b43bcebd33d50cbc2a731"", ""ef1c7c121011851e475331c74289a1bc55ae63c765da62c9e86e68da27df4824"", ""e4dcccbfd2f41d8fafccae94a15d476d34bc2905730ee8d8fbadd002a3dac302"", ""43e4e44e5af082a2aac774cacd717e022d30d8fe35422d2f0b9152b9b763e813"", ""0ac9e2dbb3ba66dde8a55954c282f9fe75a0fbda523adb6c00a84a820a887bf1"", ""cdc216d4b1e5e0832b5406ac56ab9f0721e4935ba20870f78cf6fe59db544f9b"", ""05b8f0fa5ca6447347ed40e0ff707503679d453c4a9c876b595f55d7de793d2e"", ""984e93e65cbc423f7e5fef9ffbc3580fcc4193b2ca5f599e929b29c070e0905d"", ""a4eb0a86f13ca13cea04977821ef1f236b64d9fae789ba0b71a963554fd1c24e"", ""3731accfd6209d943a512a9068f8afc5c069ea8568b36dfdae321fc12881122f"", ""9e12e333c2d1e0590630a08b6c1409b0447093bda69df6bc58cf9915b671bb70"", ""d9c9169c3bcb146381ac15925033097fe4424e98351b5b45e726fee46926869a"", ""f53812be92bb91bafdd5238cf15f6b99f1913b94ab713b09825730b404f55acf"", ""272e05f899baf4d440c71848f9f375f5077bc88e67f614885c4a187c8ecbfbc1"", ""6ca0d2371e02f4c86cf1ddee345c985677f920b2c3de155b383c05bd0e0b1e0d"", ""bbd1ca5d199a1fada36627cbb03c9ba201f0b21978626bf6e8298028f6720358"", ""fb6bf021cc02b08f8cb6780cdc5096b47fa1fb1458bfdebe107ef1296e5eaf8b"", ""03618c8578633dbdd2ccb1a8cc708c92d97b4c62146f377326497da112068ac2"", ""3b783010b50cfb8fc03ae1c626196ba8e8f84eb342cf0a464f07d67f4afeac9e"", ""460435942bbb0d71f9c5d21969b8aa6d22d3935d8b1430486dd31b41e340b096"", ""24f958ff7278a4176c7c856897631a7b037ff3f8acea0eeece02b6a186e6c2de"", ""dd332557f07e9f2de0f865298f60fbc835e83ec3c08c169b97d84925110d3ee6"", ""b94f7b5459d440d58fb05646385eed364811294e617d246cf32372edee64baa2"", ""78fa5f46a1c1a1a52278c0da66a4a41e5cda809ce251d300b5b51f0b88d2fc37"", ""b9d52296106e4ccc1a88c48df613d59a2fe80e99d78a81b3c4cf84d64a71c242"", ""0ed3658df65d8015f83a9c41abb2ee31e0c9a00d2784c54bda2fd480d37947cf"", ""8ce0ce12107c857f62274267633651a22e99d3d83a07e03aea051321eaa638cf"", ""c8ea1c8ba10c246d2161756825067051a7f4071332e3dadaea856126dd86f5ef"", ""8a63046b0cc4bec7352b504a76569d8d747a4140703233c2052e71a6c60fb62d"", ""aaf96ba10bf8e22819da5f6f1d20c16c6a3f014b03e2bd8b7c94f0d6c08bbbbd"", ""9758069e5f9e9712f4f9e29fa9110aff95889de197694fab86b5c339af623a99"", ""39efe1da5c7ad7a7e61b1ffaca21d6e460112b55e56a1de3de261b99c2856e4d"", ""a92cd33697617b004661ed8fa686e71ec2fb3ebf67ab56835887ce0f48b066f1"", ""d215cb605d081679b35ecf64c0c74eefc9e91f48fd5854bf8828c415c47ca21f"", ""58af1fd83c73ba12ef17ce3bbe25b26b8d70e6b055b1b6bd5372231adade9728"", ""fbc03f89e92c5b5880caf120ca89e5cfe4147f759c5326a473000963c127de13"", ""1d3617d6e14299eca5ab598f72e89df765210bf77e77326791728dbd7018686d"", ""fa822e6d61fb692d47750b789b387e5fe87f7b0251a049f10717274d48e6a785"", ""dc83f48d041247ff71d68ced1b41950bf6007dca4413c27f293323dad86233c6"", ""44cdadbee67aa2afcfbf8f3b06effed9f261714ce1c260f82e35cf98400c0932"", ""d7d7b45e0e0d8351b578cb3c8ab8837cd32291b7ba2172fc10d19c5e2a504747"", ""5d9a0f10a3939a8ecc7b2d706aba28a4ba61879b2a0c2c5d5a328959fe45ae94"", ""f15e2a7e9022ff2d510b7509eed7c66ae3e59624da584dd2b4183381ef736dd2"", ""193357fece51728e2485aebab760b15e2b7508a480648af0206d136d6bf53406"", ""53e6a2411b913312cdfb3e674d98a2726b73d21b9f37517505c31241b512daec"", ""fc16d5758cab420e5e455b720f3d29964fe8434aa2a88c364b02a09d2eab4a4a"", ""752ecd87208aff580e18bed64161e3ae6db9ef3d2834ee7c5c9e597a8faf2a24"", ""270ad24347cde89ace841ac31d2aaf0550c40c06893ade483dc5b47c78583aa1"", ""eb7647c3a7486b5193d2559bc394f55524a8b39b194b6309f83541d4fae74e53"", ""343125cf9e656a9361c18b1e0e44a4da41f6b0d0b1c430ecef5808f0e2a54b58"", ""ad1860dbfacb4316584697a61f6fc68c4dbb5257055dc7d767469e9358f75290"", ""700257cc5e980d212ec39d7a03d1127cd5d54acf4fcc22835d8e6347c3fdeb0c"", ""7e27862d3aec607c34d9afb455a44b874bbac576f6f79e7ae6fcf65355e8a1f4"", ""c70a5e8c5d7c9cb2d306d578388f75e0b9c59e9c09ae5f355ce50eb10a03ed22"", ""13f34517572016902c1422f99f3e595f881c673488181995409282e297e529f5"", ""f0a42542c8742c7098019e7d3ba7e964b2ee68b8f0dd1a374ca6acb71a540d11""]",08424a6cfb3c7f89ff537483ea6c4187697d0bf126f9913aff89babbccf35b6d,public_unauthenticated_yt_dlp_then_ffmpeg_2fps,external_private_cache
g_e1d4c496cb137360,youtube,ready,READY,"[""full_timeline_review"", ""independent_adjudication_agreement"", ""hashed_visual_evidence""]",2026-10-09,28.581,True,57,"[0.0, 0.5, 1.0, 1.5, 2.0, 2.5, 3.0, 3.5, 4.0, 4.5, 5.0, 5.5, 6.0, 6.5, 7.0, 7.5, 8.0, 8.5, 9.0, 9.5, 10.0, 10.5, 11.0, 11.5, 12.0, 12.5, 13.0, 13.5, 14.0, 14.5, 15.0, 15.5, 16.0, 16.5, 17.0, 17.5, 18.0, 18.5, 19.0, 19.5, 20.0, 20.5, 21.0, 21.5, 22.0, 22.5, 23.0, 23.5, 24.0, 24.5, 25.0, 25.5, 26.0, 26.5, 27.0, 27.5, 28.0]","[""770cf5f214fa8d21c06882238160b362d43f7c13e3e0bb371d266133ba1c59fb"", ""1ca400aff41509f27e9115a0e4183ed313766b9323c0a925b99d76c25dcb789f"", ""3ac59094233d711f3a97faa63433e99f491297446cdb6759c6336cfab974265c"", ""fc7cf9ca23688a4bad470b1cc60b953832e6d881cb9804b9670b621c72705db3"", ""b8e8746806b42acdc7c4962e2c916f6dc72d2e3a7ba958dd54723bec81a2326d"", ""7bf4b76b00c1dd43570527ab4d9dcc2b82037c02f199b752956620cf4d54ff61"", ""804eed026e3299bf88cca68f2e0dcaf1a3d32adf9cd8dd376aa5f0b10d3768db"", ""52d0b16bac3bf643a942bd80674502d27cd0577d901292f45905fa4a99991161"", ""36e0df169de1b0ba1675f78a352f861749ae9ce5cd74de82b355fd41840c5c37"", ""0d2c8a6bc6dbf1ceac2815840306bc3a479f225cebb92e13e2f7f04f720270a0"", ""a7a1a471a5a85284a76f29dc38b5224867808b906b7382f480d03628443c5d6c"", ""3133ace4003af32de05e76abb1b0e1959795db243de1e1a37e9b3d2fe87926e9"", ""d49fbb8f9cf568f3c8c5a35b43b9c1f4055d7dcf8fca117a897c71045ccdb938"", ""feca08149bb5deb4dc2f2ce33a6ee0b6abc82b991b8902a0e38b1343e5adac36"", ""1fdd8209f548df524c435ed4cd25494d383e5a3892e7386fb2dba69336409b85"", ""c596ab8842d1af7c6a4cf921febec94060a6c3fe637eacc6108b350ef93a5644"", ""83abc6d8409daa0645ec5cef66e0d5c1a1ae54203b535da9b41407c3c88d073b"", ""da51c7809f37be779be46dc57c86806bb68fddb5c1b3b16880262637cab0b30e"", ""e440da709a6ee8999a15a3c7bd39ce00dd85a005339a4cdfab28a2ea3a64dc35"", ""865c8dcb9877f3b13d4c16eddad1c69a40d62aaee0e6315f9949cc0c46bf0576"", ""c5d46f20def83045992aaca99488465361f63367874ebd609fec6e908e7e8807"", ""1f99460462eb307f9040df82a4ad47f8aba00827c6889afc0a96e9efa5130d9c"", ""104cd47c04b4917eaf57714996a6233741738a9a7e014a1786f55f55715e1f9c"", ""89a263cb333a07952cffacfb4ae51e8881e5837f08a1a795e7d8b638ac913fe8"", ""052d738bb9ee36987db3e1aa63e8a451da01d0920972a32f60a761f55d72730b"", ""16137e598fd61ec7f48f404858d80726c10d70a26e269ce98439fdd2f4bb6d96"", ""c7a5fd099c6ce3d08732100b9ebd04cbb88b25b8012f109a932e42096652e942"", ""1feffd9e65078da5a4aa07204feb6e4ddb7b101b3119f31dc0f021636c0aca6d"", ""4d04ac5ac67f3617faf9bb0c75556cd82526d8c658506c336f2152679a7f02d4"", ""b1d42abf126a4483a1eb6c93764e98e44d2409381cdd5ef03614e00af51f6920"", ""e162884f7718368202360a7af125654acdbd814256f57b204ea04474b82a9ff6"", ""73da1e02cc59942d248426bb600f4d38ab44e9afa11284df04eed297e30856b1"", ""704cca8ce096255c0488c307baf631e5c48a0818974c906f287a56195765ce44"", ""325eb57ae5a765fedc3f4f1869fdd812bbe83d62de701dba9008d17643dd32cd"", ""60a049a954828624f2a50400b1ab2dfbdca3d3b26c0454a23a3d3ec2dd7a6c6d"", ""2ec40534d673c6d02b129ad253b3c56799e920968c76675c28163244c2a096f8"", ""e6cd2b89053ec4862a62d58b75ec6cc059dbef5399ba36783ea418d9caed9c24"", ""322cddc4e7a83ffa0feafe8284696b6d2b1ede1f0090189cd377e64d8b2fcedc"", ""89f10a08b6789efc89784a2ab9b52764f43998fba8feaa35f5fad58da9f695af"", ""4d6baeae8049ce9c3c95fca8481b520a2aee166410409debe777fafe775dc5f2"", ""2fbbbe691578747af7cd17ab6ba30edbe01e065732c3834ed7b995ef3b417235"", ""23728275120ac297ad595c2e2e330ddc1401149a210a60605e8d4942043bb3f2"", ""470cd26681768fa116c0264ff8b6b27f6aa91c0719abbc09c8a68722a2c6a3dc"", ""345b46a18173f8b339ff7e8a39552caa91d5b66ccc6a6ef4a733ca8c651954e7"", ""24d481a88162859e089407a56787d0a19c25b25177bedf4e47b8a0af797c11e0"", ""50856ef8d22eae5b489ff88823678df48e17d94a35fb270f154abd8eb7837954"", ""30a55530521c8a91c7948a7d530078683caa6aa94f837214e894b29eb722295b"", ""0194161c034ddb0f1447cf4d16ec351f7f2d05c1375bb7e59fab19c9925db5dc"", ""6c7b0df4e8c4212a3338de6f3377ac1d51e2cd2d78d2441507dc3d6baaa21c67"", ""55b7a5a8d79be871a1de903954ef62f054d48a6aebc94c0f5f4ffcc5bf842f73"", ""bd497663e5ca9fc152aff1f31564da5b08cbc4cfd1c8bfe072ce17fbc2305cc4"", ""d8b327cdb0dafa79012455966382f944ac7f63fcb77070a9b2c01c5c8ef2df95"", ""e5bde356d38341eddb5ca7a14b69259be45466ef9ab0add361bc4f9a30401bf7"", ""04c9febb169b2835c0d93615785132fa840b6255e34da4c056959beb4d11e9ad"", ""5671a0e5ae43ae1bc7b54044247cbd2b30683fe6edc6f0819a1a8fe1e344ca60"", ""5dfba567b103b61cc4d225f27937771dfa4a3ec8f98a785ac0496175e12dd3cd"", ""3cd6a81c18856ca59394c6c9460210b21501698088ce0a2b0fe96e27bb595ca9""]",1a6744c1c379142014a1b6a0f2c53c8ea6a1a0cdd20c918170485f1fbe6748fc,public_unauthenticated_yt_dlp_then_ffmpeg_2fps,external_private_cache
g_152ef0bec90360bc,youtube,candidate,INSUFFICIENT_EVIDENCE,"[""exact_identity_or_complete_set_unresolved""]",2026-10-09,18.141,True,36,"[0.0, 0.5, 1.0, 1.5, 2.0, 2.5, 3.0, 3.5, 4.0, 4.5, 5.0, 5.5, 6.0, 6.5, 7.0, 7.5, 8.0, 8.5, 9.0, 9.5, 10.0, 10.5, 11.0, 11.5, 12.0, 12.5, 13.0, 13.5, 14.0, 14.5, 15.0, 15.5, 16.0, 16.5, 17.0, 17.5]","[""33a89fce3d9b930eac6669f791b26a94cddfba6b7c3b6d391916e32cf04176d0"", ""96d5da7ccd3f0173d627b30f7b59e62f91fbc215ac92cd5c1abe9a0b10cbbaee"", ""5c638e341cdb7e0d0dd9cc130c5d53dbf31ec3d7380ed1c1b2a89f8dfa7945fb"", ""6fe4db487b8556a66d9cc69c79907478554c8b0437791fec27784516195ea45f"", ""e1354f0bb8270f9dadf7b1cb65ef3fa93d1dcf4bbb6f0460bce5cd708d519e10"", ""cac4d62fddda248caf813ca6c57b13408db5b6cff316f8e76f5bd3ecc8e5ac6a"", ""d5d80ac1b3b3f54282147f47a92e9ffbeebbcf69cd1b55059ad2c458c6202f8b"", ""5999edd7ede24ec7a0dadfc196d938869d20038823416ca4b61a948736de681b"", ""afcc17c6c058245d33511d7d25fa8b3a405b6ca54b15b313fe5a72a0562d0ada"", ""1b2f699ae5152738ba6a47e3c3b9fda4ec7d42d16214e77bdd97553ce279505a"", ""1a9a2777f5957f22a329e833c2e7dc869ad3c7b20a9a76330c2e63dcd67e10ef"", ""183d7092b526e8a5771679691a4c9186e1e28b9c199a534fbb0dd136e0f3f0c2"", ""157b92dfd203477587029c41157d1ac9860d1e826a64d78b49ebf49207c88fed"", ""92c81cef4a2223e1c07ee4d8c60ba23cddbc6084642b7daeeba8339cf0580bf2"", ""afa1c31e82eac9f9b3170506420df4a84777dcc4ff08ff262756cfef1fe56b24"", ""4d2364c771ea9baaa2f145c7b55120a5e46d9e655f2ed8c6b452a16a53e6f33b"", ""bd4c7f5fe648ad67db56a5105ceb4249ab85df42171f977429ca6deebff395d6"", ""8ae3be45005771c2f9829a02bcfe4923f92a1b0a102420c7be671ee333a0e8c3"", ""59f4671a33f69480cfc55c829d00821932ab8121d8b9c51561cb4bb6904e07cd"", ""7f306f02606dbf4022296b04a536f6b2555c57006b5aa1df3c54e04a2895832a"", ""0d772f8ff93dc5f2228a5f096b4da620ec35a2c8fb64d93ae7db9abf807e3ce9"", ""ddbb99d6702b4dfa410449b0cebc5e79c3e30f68b891c11dada039b7fae9cb50"", ""09774a6bf4550c7898eadd516a34ebb4c500e577167755ba046b65fb7ed513b7"", ""79379d092e2e551264c357b381753381b908ad00f46c8dc94399d9cad3a4ea91"", ""1e9de90d74f07554429ff11ad0c479e7eb1486adf1f5ee283e76dc7093e2cf37"", ""2baee404d4cb6f1e085c7956e7c2398545266fcd6000928086361799a1455634"", ""f6fcc9041c25e0891cc75fe627d6f016538519bfb430af468addf199d863c1ec"", ""d54dd4718c6d19ea34ab3d5860fdd7dd0a1e2dd24b6b9d23aee578e154aa8377"", ""82f24f69710d57b353eff2166b7a50cc78222803390118dbe056e9788f7a2df1"", ""4728c03c251222365902bd8fdb950a162641fb3a645065505a075af1c9357efe"", ""15a11ac5c2029d56217bbdbdd3cf650381af11ae498c362caa2ca7af29824d66"", ""390054b6145d02d0e4890dabd482e8240a37df1ee2863789b07797acc0313adc"", ""f3d55fbd4193d76158f065b1d70e6f49c77fb615206e21e115aad2c889135944"", ""c500b2163da56b23a5515d313c019fe64e7aeba7f682bf45a26f1d6931c829de"", ""457cb06da767e3a73eefd433818e6679bac36dbbc737dd40bce42599e3e6aa2a"", ""524cc82e8f4c4853758dfb942ee406769b0becc7366a2e3120dae058e1093492""]",6a136b1213085ec37ecacdff10bfabf472b843023c4fec72dd02554e71ecac25,public_unauthenticated_yt_dlp_then_ffmpeg_2fps,external_private_cache
g_14f48dbd890a0bb5,youtube,candidate,INSUFFICIENT_EVIDENCE,"[""exact_identity_or_complete_set_unresolved""]",2026-10-09,7.781,True,16,"[0.0, 0.5, 1.0, 1.5, 2.0, 2.5, 3.0, 3.5, 4.0, 4.5, 5.0, 5.5, 6.0, 6.5, 7.0, 7.5]","[""58993f3e68beed3ecdeda28ed22882683c8ea268291e6fe848f85ab0537048df"", ""d028e162a3c024216217ac64a0dfb7535caae838663bd101e96836e58de85302"", ""bf29097d381ce98ca01db689e418b6b55660617fa61a526af3b752c3be1556d8"", ""4b1d8ee3b4128b4a1fe4b0f5dbb1494cd6f61be041acfd14b3e4255b6c627f46"", ""9cf0a14e1f77a2fbca828b8831bb54009e96e494b21d2a5e861a858f7fa1cad6"", ""b9828375ceadad591f1000b4e727cce604a24aca5cdc4c7c2666e68a20436cb4"", ""a6298c8f63053c65792346f7ccbdc94ab3f13e93e049317f68135fe70df5cc0a"", ""99a7eb49460cd6e4087c7304adb36a03d0a3ded151d1c25a5afe0524c606dee4"", ""dc0f53431456d25fc9456100426deae5f2107651b9169059261326c55d65e670"", ""fd1f5b100147e05ccc502a055d428a2137371b112207b8a2108ea215253f33a4"", ""8908a90e8b7b073d721ff79103e3a60d6a83032f66bec9c50774b965c0605938"", ""3f4c4cbda1d23bfb2f85364b9c599f6cd6b25a46e54683d2360eaa20accff166"", ""466eeaa92e3a00ff244357ed2433ec0855655c11b375449221d97992163191d5"", ""b8280a23c893bf6504324b27d3e726e4e8aa0a3fc0b5a57bf964569b6b1e747f"", ""841f5239c49bd61dfb9d6bdecb6e2c86730bac1b66a0c0448ba695b267135cde"", ""1e8929729a3311e19d7592f9ab347a6768b0223dca182eef7e68d8cff2afd746""]",b04cdbb127e127e77894616a258b2e216fef64efa75d744badd3544a8ca66e4f,public_unauthenticated_yt_dlp_then_ffmpeg_2fps,external_private_cache
g_a77492cf13bdef50,youtube,ready,READY,"[""full_timeline_review"", ""independent_adjudication_agreement"", ""hashed_visual_evidence""]",2026-10-09,10.466667,True,21,"[0.0, 0.5, 1.0, 1.5, 2.0, 2.5, 3.0, 3.5, 4.0, 4.5, 5.0, 5.5, 6.0, 6.5, 7.0, 7.5, 8.0, 8.5, 9.0, 9.5, 10.0]","[""1f8eeb958a7ca1309775baf89e0fa1ede70c831999500e4e33b1336a05758848"", ""e7afed2497bb63bce74fe65226bc4f3cceff083d78d162ddfc6b9dd515179df7"", ""897a59ad46dc2e3a2762602fc15e3daf874b12f35f7eaeb2944139d8bbd9a5ee"", ""c6e06472dccfcf13f47d5b584f410c67d266168e80f3812f922a13c9ca1fbc98"", ""912c41a294418a4c5ce28326ff766171d44215173f6d0168e8b0d808b8e1bd9e"", ""ee77fb8329f96f2d89d6abbad1bc2d978803cd064b16b88d480636ad376867c5"", ""b677c7ea2cd99dfeab5ba819c946147a6e79a098e0a16588f99d8548ac202217"", ""8fdd43af8d6edc04d1e11ebdd871bd797ce6693aaa47eaf8e04c6f5b97876df1"", ""ff5c393fd03af66c1739bd62d35a2b0ae1f690952808fc7cc9c5cbc52ef3b039"", ""4c15f8e09138f3b3e2253ad2162985517f66fb1a55adfec00c5b4696acd46b9f"", ""f0437be9f4d4f5d9117bf63bc3a1a56bb538f8450ac983f381c1583b05f303df"", ""a4d0e4c90316844602fdb91d93a2f93f3ddda2089cffb4d928a9405c0154d8d6"", ""c3fa57fe10c9e277be3808023194a44c12c76ffeedb905956cfdab3a2ee9726a"", ""a178c98d5b09b0047615462a239d66967819de03a0c74cf7e161c9f20fdaf762"", ""47bc476676a8913594bc50690bf8c79cda42cc0a7a8c312d592b1855f5d305b5"", ""7bfe10fbe528fd82b738c240c0f379bcf8c35093fdedcbfbcfa8efcbe8a0a902"", ""211981ec058d165382d7dc709ab88e37a8435af837fb4940f2b0e00f717f1026"", ""e5e962d5f527312486b8200cc1a4a57c640bd2ce19b3bd1880e77b08a416aff6"", ""086b0ca91987dfac59c6f00e3b08ab718589a22932c7153f1081f4446dc8f0b3"", ""c1c8c8bfa848a35325a1af1b41f897ba9bcd0666888828e3395c6d614304a9b4"", ""3959fcf40bc4c14a80cfe7bfebebaecad498540ef41cff845857172a8c83bf96""]",e21a6c116925605ae957cf684824b3d00bfdb9c503492873751e1de05a51f0fd,public_unauthenticated_yt_dlp_then_ffmpeg_2fps,external_private_cache
g_034cb50e1bbecc5b,instagram,candidate,NEEDS_REVIEW,"[""full_timeline_visual_review_missing""]",2026-10-08,,False,0,[],[],,,not_captured
g_a5e2f98474083b2b,instagram,candidate,NEEDS_REVIEW,"[""full_timeline_visual_review_missing""]",2026-10-08,,False,0,[],[],,,not_captured
g_497e2831b71a54c4,instagram,candidate,INSUFFICIENT_EVIDENCE,"[""exact_identity_or_complete_set_unresolved""]",2026-10-08,10.009002,True,20,"[0.0, 0.5, 1.0, 1.5, 2.0, 2.5, 3.0, 3.5, 4.0, 4.5, 5.0, 5.5, 6.0, 6.5, 7.0, 7.5, 8.0, 8.5, 9.0, 9.5]","[""20ba89c5d29951a4aae375c12bb9562f8b152f48b3071630d16046ec3baf193b"", ""c5c73c2d449314b012f170480b539f362eb8f86486b0e09235095919421467b4"", ""81d53c21c589d8bad07f7f6b0eb5805172a9075bcad200be0f3009d0d8dad7a3"", ""a30e4ac28d94ad8e15d6ed2eb54ea4e0c8d53ce054ddfef907b9b7a629031ac5"", ""39450cfaeb3d959ad8908b6408da9b0b41f611bc3cb0994c3c378ca1e630707e"", ""c7c29f1f282d17562f17f09ffd0681e34313f2de4c2535346c9bcfb12e1f6627"", ""5fe67015d48f93a28af7f6882397fbc9602bf446600f81de9dfb0c2e2309e3e5"", ""1031e5f6070f48addcf663578972bd802ae50a17735e2974cd9b0b63c34ca3b7"", ""457baef347cb3d3a59fc4f97de44b613b3f81dd81a9a0649aaa32776f5228301"", ""8565c9ae7aa83c5eeeed7cfb89758a78e58a92167a56e2e426ea0707dee820e0"", ""4c81a086aee585be1ec0727753af67353b7b8d6982a28c08afbd5829b5c680a5"", ""85ced0b39c0a9802fff09f1b9fe77213645db4bff908e44d3c33ab1f7cc1aa79"", ""4a905817988ecc73abe9f74f22d336600b73f8cbdb31ce4435b6f2253c7eee46"", ""fc639886add9e1cded1e079cd188ac6f43aefc9acb628aa285d0d5278a11278f"", ""84e1c96a095764597bc9cd5b2215701eadfd98b7d5618baae2853c407135858e"", ""2a8415a3ceb18337c4b0e9a1cb97f48c1b67bc688412c576a3ba271189e7d652"", ""98f0c5d0b187589a42dd3efc570ce4c2e2d4b318e395101cb435e0450bb528d6"", ""134f8e5f27bb437597d1164f2bdf41b7042c87265d47eca3efb2d9ce5dc22a87"", ""d1dff045eef6e35290571547f934c9bd681478c1d457718430649beb81199d15"", ""86c0c7495b6f84027e82c87c324f92a61923fd864c450d3a005d5d8d5d34bd2c""]",88060a8abf4b250fa66c790c2978588d9f1daa486b6354a7f9648cc4235e4466,public_video_capture_private_packet,external_private_cache
g_474d9c4f65de1ef9,instagram,candidate,NEEDS_REVIEW,"[""full_timeline_visual_review_missing""]",2026-10-08,,False,0,[],[],,,not_captured
g_2320d780ebe5251c,instagram,candidate,NEEDS_REVIEW,"[""full_timeline_visual_review_missing""]",2026-10-08,,False,0,[],[],,,not_captured
g_858d20262d1689dc,instagram,candidate,INSUFFICIENT_EVIDENCE,"[""exact_identity_or_complete_set_unresolved""]",2026-10-08,12.702993,True,25,"[0.0, 0.5, 1.0, 1.5, 2.0, 2.5, 3.0, 3.5, 4.0, 4.5, 5.0, 5.5, 6.0, 6.5, 7.0, 7.5, 8.0, 8.5, 9.0, 9.5, 10.0, 10.5, 11.0, 11.5, 12.0]","[""e2781af87691586af51e80294ff937ce042bafb9e31e4826d9e0f2c20fab17c0"", ""a215efe0d8ed9228c8670e655d4a8fbd57f73d1095069ee51c6c7898052f090d"", ""7ac344d5ff1cf7499b6ae0bdde42fd4b65e717253aa346128ac955785797ddfd"", ""b2c91d0a45467c3a651fe4f99c8a492133cf8dbffc2eafa10b3f76000ed0f777"", ""77b98dd8ea5de049415cac6daaa0173549d5fc6f84ff206969a62b678ee09916"", ""1cd0c23bff16ab8730d9ae54fa75c7c65b242e9bf46b3d18d108cf85600db4c5"", ""9edd5f0b7a39a565d6ad798266c38d79bbf1f3a8ccbb8fecb5ae1d310669ebfb"", ""0c5f34cdd1ad3093a4e6e44dde1105cd509ad678d422ee74a5711736b1b6340b"", ""cf60b1bd2ea7677d9814f42a77dd85b01031549f9182825b6257894ec59ce485"", ""e0e84f7b57ffb04b1ab23c15e6634ea0c5e6549ef6dc5d20fb1638b5a8e0ba97"", ""852c98b627bfde46e6ce882ca8b86f36dfcc828e843dd0e892c88abf307be27f"", ""6b4b51af50891be6233e360a866db333be7cc78aa2887210e5a0698d148a735d"", ""7a0e30f4b3ec992e6c8f0b41cf52d90bd2165527138cbc20d72c399aba4eaf06"", ""97f5a18a61fbe1f50f71c65f9b9de26c705e6e37c81ede26aebeda0704c903c9"", ""b1f891b2c6bb9ce95376d539d896155db0c9d9a48c9daddf8856ba9449a03281"", ""8c5e6fe4a507a52c65c3efb06b85f4e9e1ac3cc2410fdd10147cc18c69c88232"", ""bea40a735f583e199d970eccb6d401284c830a532d4a197715eef16206cf265a"", ""6d492be3e2b26cef3d827ad0c43d15c74be069272fc02f660081e21f1a6e41ed"", ""da833ac78ae38a5d069eaa9a3d7d6991a1f5bc7e949ce0fed6a4b838526d63ce"", ""3767a428fe984977b72efd8dcd523e42ad8c4d821ce181a2a73e7c0622517551"", ""4e5c964ccc9a4bd3f813e36ef8b1766ad5faf193cbfb61b43715c78f4881a3ce"", ""87c4d2b66c0c4987f7e7f98e6f0956b6f67dd9b6d3e1fdcbf326de1e395b2a8a"", ""aed9780c10262089d5af7cc7f0742e1c4f24b983708a4040643d9690afac4d07"", ""49339fb1746edd5cc8a1d3cc50381c157ff9ee4f0291a9a47b4ccc61aa48bf58"", ""935e6f28218de07994826be002282b9545dffca9dfa0de10ce368c83c7f1b7f9""]",20adb53211534e93078c3751c05e8d330e829e6155f79544dd998b409f8ec967,public_video_capture_private_packet,external_private_cache
g_663a496f4f63c6bb,instagram,ready,READY,"[""full_timeline_review"", ""independent_adjudication_agreement"", ""hashed_visual_evidence""]",2026-10-08,19.948005,True,40,"[0.0, 0.5, 1.0, 1.5, 2.0, 2.5, 3.0, 3.5, 4.0, 4.5, 5.0, 5.5, 6.0, 6.5, 7.0, 7.5, 8.0, 8.5, 9.0, 9.5, 10.0, 10.5, 11.0, 11.5, 12.0, 12.5, 13.0, 13.5, 14.0, 14.5, 15.0, 15.5, 16.0, 16.5, 17.0, 17.5, 18.0, 18.5, 19.0, 19.5]","[""f50edb6b067d7106b929b6b9a4e0594c07881785987cf5ac2eb3775bc5e1a9a5"", ""583745114e7529f105ce49e3982cb75968494a78da9704b22f761c0462399523"", ""a6fcd1cd622c0b6feaf862d708770e2ba2cb4a8fd4390710750bb8b75677cf1c"", ""08618a280a0d2cda2a507cbc39f80a389fb7b4fabc1c9e4da79cebee4cf9a40d"", ""a8281ef995ab1cbfc179c871cd3001f92c851a73b9265f4623f3c1b13c44a820"", ""c7831766c46ab93ddbfb85880bc5641611b0c3592106c2529ca66e0bc45f722a"", ""a6293b9989aa683f449a629aff704b03165d61843070086af8dc2dc7877b66b6"", ""e134427856d707f4345bab7c8858d5778a5996e56d56f1594b90c088ac42f39d"", ""ef3d5285520585622e99ff59a2bad280a17541be4252bdc433f187fefdd2e9df"", ""abea05b90c7663065787500bb71dad7079bddd11112eca984190e69ea6557915"", ""c77629c005dc8b42a1efb6b0bb07068ea2dcabb2324d9c82736d4024b1fe77af"", ""3e9aaf056ef7a3ab0110c819ed96fe79968901a46934e0286aa372c6527475fd"", ""6c6a0c0fdc4f9063776097eb1354f84cf852173d03ff8f12c0e816021e4bd971"", ""70b47bb1bd941c9283bce1a4e74a338dea79dd7e138b2bfa3f050346a1b16c15"", ""76dcccd1898d5875faa7c783ccb7fce4740f51050b1ec06e6a7589f97c3d6605"", ""90efba3b516a1b9e08f6795333e2b4be2c906fbc9b3018ea289306915295d86b"", ""851c6350c663a7ae61c080d461aa23028e64345d87c68511941f9c8c38ed4a7c"", ""d7b5c71438bc4828fc64525880f3744c197399739db9ef52dfc0d745a9b19683"", ""ce3400a95815fb1c18275fb34b3edebdcf17b842619b507e3f8aa7e6b1501ce6"", ""7fa9697c4f119af6013883146c7ba8c34e38fedb132d6d656f9937a8e8814264"", ""d19ada896711472dbfeaee84f8774aee59ea6a454d8c303307fbc63632875640"", ""3a1933d730b98cd38895112262e55c4cc0158afff23b276536020bf0e1792902"", ""262886402bc8b31642e22414b694c7a35a3eebeffbf448ecc436bdba81b263e7"", ""9c1facedf55905aadccc5bc47d5fa44e3187f7f9f0dff89b9cbac2a8d1157ee6"", ""830ccc96733cfe86d1ac56e0b641bd3965b519aa14786ab4842e4ae77872a272"", ""deb1f6219c37bdeaca2a17b412f054630276544d76b5cb31acd8e70fc41a2dc8"", ""215a1b890ef7d2184fb4dfeb6863993c4138b87a6a58b4c19b3b3e2694c21527"", ""d76a8e9639c7a0de873498071135458c70f1878cc543f01382bd75df6a3a115a"", ""9724d83876981122d3d167fcdd529950e1c08978cb40a6033c6285ae6e6fee38"", ""ed205657655d323bec02ada743e2ec7246857df7a42d5e3122512659ce76c270"", ""ada00db02979ac110e743a3c0a80e2d34b5a51b6d31c559fe491c09bbaf78a7b"", ""fafdf54629a2ecf45c5dc9b9fc3b43ef13dfbb4e71331fcce70aa4fe8fef2d6a"", ""7824ec6ba0d6253e75d264d1b4078cc62c568d9c74c20560f3f98227f436ddb1"", ""c4b1b1dac556f5b9cff3f8092e10636139c2df0cc6d38d329ae89c0a03f68b35"", ""3d22e43ef4b97b1a6cf3ec50ed8725eeb0be004951738cd4a5dfed09c7a16423"", ""4f0681a5cfe1413708bbf2c51f3542a6bd3be9759cc8c07f101aaa4d3d1b15c0"", ""d10c0e0e1c89303f5bba0f51a436948c55d602f13d3aeff0b65dbb7d96ad2360"", ""9047197677df2d250204d5498fc8c2352094261420f4c9683543e2bf04c070cb"", ""a2996e1e2b0e3756335739d6cd1f7b0246ee49680dbc5921c3ffc88d9362e0a2"", ""a489c7a604c33d9f07c291304acf3bb748adfd4478d061e597461dc37798cca9""]",148f6e128d90273c3f82b799d0639efb3b68d22df1eb959b8634b47b3d8e78cf,public_video_capture_private_packet,external_private_cache
g_132d43702d7313c8,instagram,candidate,INSUFFICIENT_EVIDENCE,"[""exact_identity_or_complete_set_unresolved""]",2026-10-08,34.156009,True,68,"[0.0, 0.5, 1.0, 1.5, 2.0, 2.5, 3.0, 3.5, 4.0, 4.5, 5.0, 5.5, 6.0, 6.5, 7.0, 7.5, 8.0, 8.5, 9.0, 9.5, 10.0, 10.5, 11.0, 11.5, 12.0, 12.5, 13.0, 13.5, 14.0, 14.5, 15.0, 15.5, 16.0, 16.5, 17.0, 17.5, 18.0, 18.5, 19.0, 19.5, 20.0, 20.5, 21.0, 21.5, 22.0, 22.5, 23.0, 23.5, 24.0, 24.5, 25.0, 25.5, 26.0, 26.5, 27.0, 27.5, 28.0, 28.5, 29.0, 29.5, 30.0, 30.5, 31.0, 31.5, 32.0, 32.5, 33.0, 33.5]","[""2ffd8abb72ce675c3e5134f12f2ad59efd0d4b93005d7ecbd255adc821942784"", ""aab973e795afd0272bd7cb843a5301d3133598b45b97841fba499a26fb2824ce"", ""7fec97f4d91ed66ed4cf37aedaf415f6fc133ab0268eb0ae12a4ef6f336825d4"", ""2fd79b63e9bccb6b09b063355ba9457891abb597ef110ff23bf9d1dd83034480"", ""a6609c1bb54b2ae957adbd82a12a683294ccae7675cd65c5c02c132e5de97c6f"", ""88c51adcf08f809db78b794dc9311605a1fd1e46e00da00d3c3bd573b9d117d9"", ""76ec0b15222f26b6a614c2f7432d1059f028ba2397254e3fe1d30c8ba3e51e3b"", ""433077fef0b1d4c66b73df4f1e5e7d2ea4a7668b8451dbc7891368715483ae74"", ""54fd9b3b0837bde42816e254150f41d1f6a7057e27bd17b72c8d0c76469eaf3f"", ""60ae1ea6b205aabf0d2d2f2f15191fa5443df9a47556c017b57fd696a08d1089"", ""012c9913473d1e62dc42ea7cb92525df0794390a1b1d2d59e9c1716c3689c97f"", ""7a0eadf0ba33a0224c653dc4b2551eb20370ef756a043800e536f525a422f10f"", ""42aa7e1c2b13201b413d1f43402d5e847ae53f6153da6346b84297048649cede"", ""ed6270a5f4132e51349d03ab1df6d28b84fbf6f13a5dac636d1dda141d566b51"", ""bf90cae3c91ecb559ba350f883fefffbf5f9c64735f2e4f7752f018da086a009"", ""3e870c31b13eb40f9495f34665934d17d4a098a04178b563de6e81242453352f"", ""06bf5bfc0437c76ec56d312f1054a8f39d49ab32cc79416430165c2348ec75dd"", ""1eb5e0520ca68bdf6b82d26b3c543317865169850b8832824356a6590c8ac952"", ""5de3127de949d2f4fc8e20f90408537047a4bee37234719f94aad65d7629d32b"", ""a78e69ebaf2c299d184cecc9b1db580e2fad43c82830de5007bf6db24fd50916"", ""23392b2351382dad0cdf9b8244b652739b2a80fb3c6255ba958bd70446437fc5"", ""7e7b61af39f954a6fab3ca4c4ce5a8c3dae92d0032309c1d6e4c043943063247"", ""62c752df85e9c54beb515990696c3cef941c81999436fde3501445bdb04d22d8"", ""6d022decc6f51645443fd91a9b54312ebdf3f7f0ce61a64f8f9e674bc936eb3e"", ""9a0e5791de1965c06604fbbf065f0fe8b4aa661897ed49872b81b155def7ce88"", ""882fee73665bdc2c0e23bb76a0b5aa00e3b2bf5670bc938bc0f70ab8720cf0ad"", ""2c702d6832ff7e6d7f4170cfe70167b701fa2bb9e29c8f368b1c41c1e1cd8898"", ""bc7ddc7559a502931f9fa50425a97a66c67b7c3c1ae4cdc2810cec743b5f3931"", ""6919ac7e4dc93834eb5be8109a84928af535a962ec011ed9bc06b9164486f6d6"", ""71513c4e6ef924aafa996268924d1d0a458321dafd789188ed3dcfa5ca7ceb80"", ""0b980303d9f1f31840cb17eae810ca4b2393b81e8e822d4820cbbc49ab7d2093"", ""91776b681b4a354e52f326d70d038d526416f33fc40788f4dc7bc981c4c2669c"", ""0350e3b334490d3adf50f7d164eece6bb552a589c82fb29f6557f270f071d1a0"", ""8252e1012e7632310e75ade41f20c08f1a365b34a13a68323ededca579e198f9"", ""e6883079112c29d4e2962dbf24b01ff662660811631440f916101402f099c05b"", ""8130bc531e90ddfc2cb104aee7a5cf93aabd42edb581e849cb77f1b9e57d61b5"", ""c9bc3fd516c2be7170621366f860ee079ffc124ae95feaeb20fbcbb71a484e1b"", ""416ebec870ff7c2dffabdab052e6acc9d43895e4a076b25367e026a4fd7e31ea"", ""717e7ed9ee34d832f3aa7c9510ac27a3ac716565b5cd010101d706dca72e04dc"", ""4eda10d25103c91a77fbab15359e18880d3743923200ff102da5bfc3fa3f182e"", ""4f78dce9692579b38bdad08c3bb872e4832fbe8fac171c9f4d58a50c2aac9ba5"", ""4f6b8927cf5062df3f320830b1830a2c1642c006576c684cce7579a641635d9e"", ""06fead8949d5d0311e7b6c80b29f9a58690f55af4b382ecb2b5a941e12845848"", ""9533780b4766ccf7ae48d2f4c5cc5a4767d201616f884de6645d5ec1c899c3c8"", ""a491e4477a25f263572fb061f0e04c8770d4d4f058d27e96e11fae682b4624b5"", ""612be53a294c67eeaeaf721adc4014ea3a1bc42397492a465773da1d0e87276e"", ""93f64ced4ba05fd357af7027fc89af93bc6b417d032b4ce51f8e70ada2c8c8b7"", ""ca7bf654cfbf6f904981b58eab077a2d5618abcd427e3dfaf22e8324990b2b08"", ""6bcadb500288c494d2789c768a8e7aae89545003983f66447f3beec419f68d4d"", ""7c9855b09bfd3fac6162f7a8bb6f595e5b087a19cf68ba33c2f24660d26bcb82"", ""c93228be96d5e594f15cc2d65237eb4f823c925b76bbfc02f782b5d25ddeec5d"", ""108fbfb106fc126cc8dc510c5b4ec216b6cfee9010f1ed6ea211f120cf116396"", ""4c1d4d92d82a97d6519acd6bb20bb9e33076364e173d64271e64710e2643c6cf"", ""84ae13b9fd2d0dc3eb367d986b26bc4f785f44046648c4a54b424615a1f2d9b2"", ""557c42015d5a11fcee17d69f08fae3dd298f6a1c9cabd13702ba6cb9acd40f06"", ""a85441471e9058b6f686ac1a5a1f4e133ddaea4d2449ba97c3c3a182c482da67"", ""d6aff009faaca59ba8ea912989ba9441c68438de0fcfad553f6912adac613f70"", ""e817554c05a65b8d4a4dadb0054fdfcc85c9f3c48fc01d7d0e6b7dab607e2e85"", ""3365ef8b7e68c5b375300c3025a5217ff60dd252ae636da93da8222d40b58e89"", ""1f079f80d7b8894a238145dff7cffc51b0695654fc5b86053a6387847f28b1de"", ""d9622b5304ebf2bb00e18984e020a84d8d507675bafc85c7ab2d92ea619e1f13"", ""378e0f30c1e6dc38330620bf10410c08f897e50bb9f0571fcdd444de635aa0d5"", ""4aa772dc382e3f2291d4ed6d57a690124d51025efcd2717e6f44088929ff57a2"", ""c97045a84afcdb3dc06f441d11b78b2b524c14f5fe7eca0e258c270bb8d2fd35"", ""8e7b83948d64e2db234956c87afb4d7fc71b5f9886e15a98155dcf6137496866"", ""e3a2f17113d613fdc31e5b2c3752a798924f8ed9ff5c438f4abfc266c156bbe8"", ""19fa687118a210c9c5ef2b25feb0ed19df94eeb8e315c73d1ba35630cee3bda4"", ""205f39d0f3725c597b244b99c119fa839fce0fb5df56e1885c42ca1bfa2c8d90""]",e37436d51222c4222bcd0c00b0c42306d877b93333da558cf650c7ba64ee878d,public_video_capture_private_packet,external_private_cache
g_c126d20fb288b951,instagram,candidate,INSUFFICIENT_EVIDENCE,"[""exact_identity_or_complete_set_unresolved""]",2026-10-08,21.340998,True,43,"[0.0, 0.5, 1.0, 1.5, 2.0, 2.5, 3.0, 3.5, 4.0, 4.5, 5.0, 5.5, 6.0, 6.5, 7.0, 7.5, 8.0, 8.5, 9.0, 9.5, 10.0, 10.5, 11.0, 11.5, 12.0, 12.5, 13.0, 13.5, 14.0, 14.5, 15.0, 15.5, 16.0, 16.5, 17.0, 17.5, 18.0, 18.5, 19.0, 19.5, 20.0, 20.5, 21.0]","[""4e14c7503e8e2f853ff95e765ee1234eba89b17d15436256d48820aab039e809"", ""229b76872790a491914b2caf347ad66786e56edd4b42133bbb1b5bf3f91984e1"", ""26123618f5351dd4e32b12e50484cd8fd23c835965de819701194e03d1a73620"", ""1b88008a5377d162de2fea59ae90e16e303fa87b24f14f24fbbd1f9bb0f0bb00"", ""ca1eb8e1498d92f73e830262e65ecf6ee7d0ff76deb3f1ffe719fde559c0c14a"", ""fe7c65827daa32b8f8f837e6ee609e36a3c4bc89b9d2158428dc0ebc4ef43d9b"", ""8debf2442f3cd0eddd31063e7f1f7f1036b4fb5f7f70c96709e4f09801f7e025"", ""8273c07bf24c493ccad6b93f0bc803973ac9820e39bd6ff4dfbdd3734ebb20e5"", ""205885a2b87ced03ce2987b3aed541117bc4f3652e93c43af432f8d9391891c0"", ""5f2af9a8dbb0fdd8b16397d28df55bda6a44e24a31b4d40f7e724b25cb9d65b9"", ""220b7a30c2c9d7d6b2118df0b1a08e70f07f296951fd866a268080aab2f92165"", ""2955b52b4355f24a53c7060f31d00c743a482d61431b5d9423d7cf2642ba8caa"", ""969edcd8985e893e0fa5b488e144b9ef33984bc8592f5df52598d9fc7a9bf6f1"", ""f880cbd823d9923a8b85e0b524646c9e5dd089442fe331b224f35242610e21bd"", ""9b5c26c6447547bbc3b715b09de268d3320b2fafb10da2d2ccf6b6d32c1e0050"", ""da581543657491afc7ef8358fde807aa4bed6bb14649c208ddd3b030bbb0f005"", ""900dbbc8fa7852befa595cacba9d39dad85765f2d7867d72e3284ed0fa8e3d55"", ""d0971c691db5dd38d8c0df0a780c314ff889e6802fbc68c1985c8488ad3a9fd2"", ""31848d92ca771087dfc3500d11c535c28b06d3277507f28c97f616a5c79cda88"", ""c4be1bd180169bbf2bbf37a13f3ad74ef84a4f5d82be6ce2b78a8f7fdefaa3a0"", ""ba737cd3b8ef37f65306509701bf156e657ce4a22684039593853d544f79d710"", ""8f6ea2ff36681a0dfed9fcfbd91d4dc8aabcd93d2a889d407f46fc56a6899024"", ""46247026006101a38d63827470a673e6556d3894b0f72fef228d25bcaf7f842f"", ""ffcbb1b661aebf237c08ccd8ae2c963be125b9b8cba10afedd3573f19ffcacd6"", ""466b2c378855955999634fa446170a7b69863c1ea63fa957da0dfeec1a6a22f6"", ""e85b8b4bf000662d2b11aeec2264ebb42b7ccf7d2e1c132663fbd425318574ff"", ""455e49c23e30cea0d6d8dcaf5709a2868836f1b181d71560034d22d3622e4826"", ""16075078e3f65201dc96763cbdd5ad07b46aac5751792583096a9a06ee80f3a7"", ""63f668432d3e65818e5c43fbf047d7927fffce24022a3fb432d1461d2a98db3d"", ""358839f3b77726410eef85b7e8318020d6158811346d33783cd510ffe9ea3566"", ""2fd8f167e56a9348d84adfb9ec8d4d4723ea301e399c20c6ad708f7243f0be71"", ""99fc95b93aab212968495a284cc90584571e1590560c98b1379f4bea26b516b1"", ""9d6de1c0b278e3efc841642697ad5cf46e2c79e442a909cbd3036e95f5d8cdcd"", ""aa881a77b86da9ef4acced984db54a937eefac505c2fe7e87d64e6c5c954f19e"", ""32c1c4240390be1ea4a922ed781bc2a07ba433f00d12aded2f3f04eac3e5d4d6"", ""32656d6ae7766ca0e5a27f0977e5c72f3e667eb3faa2754343a96dbe7c00e51b"", ""32ba95dbe363da183bf4b3efceb35165fdd17185b1936da064db6b9f42c46175"", ""621dde627f6724eb7b389257684911ca65c3fabdec665f139207bd309c8cc546"", ""1b7c47c9bfeb400701425700bd058f3ce04e745f28712664da99e29ba732343a"", ""4c83f63640687e05e183ad8edb1cf0e763b76aa6dd39a5fc5e8b97091a302e11"", ""397140e576c12c039500350aef84b4917b49d1605420881f9d1d42a5dad1abb4"", ""b775282590df1cb5e98ef48ce949c1665314a1e0ce7f378679b48c9835626242"", ""e087a9e0651680c3dcd7dbe0d0bdedbd59b9a586c5f22d15e4da915781543e28""]",684acd1ca78112947c4261eec444a336a8ec06c3205275bd738cdfc9e008beb4,public_video_capture_private_packet,external_private_cache
g_d4f1b2eaa72cd967,instagram,candidate,AMBIGUOUS,"[""full_timeline_visual_review_missing""]",2026-10-08,,False,0,[],[],,,not_captured
g_b09aaa5713ee1775,instagram,candidate,NEEDS_REVIEW,"[""full_timeline_visual_review_missing""]",2026-10-08,,False,0,[],[],,,not_captured
g_c4f1fa7603deeb17,instagram,candidate,NEEDS_REVIEW,"[""full_timeline_visual_review_missing""]",2026-10-08,,False,0,[],[],,,not_captured
g_802089e92a946732,instagram,candidate,INSUFFICIENT_EVIDENCE,"[""exact_identity_or_complete_set_unresolved""]",2026-10-09,11.235601,True,8,"[0.5, 1, 2.809, 5, 5.618, 8, 8.427, 10.736]","[""c3e470b5e797ca63cdd51bb9152dc98da88554d8818c49e066525ef19785ab4f"", ""411e69800f8b6ec48065be9b67c771a0f01945dcd71931f5e8a9b0bcca14e532"", ""176cb4db6ad3087c7e7e4373679f7a8f0a8e10356cd037bfae640ce5eab79ba0"", ""b381b19117f8460ad1d43d0812e90601b91a39131e37509bb7c7063d2e917059"", ""ccfe252189ceb1dffeb6a17eeb62b9f11610465a39dbeb52e17557ab3ccbd860"", ""e899b7ab94ae3ef37e4a832eaba8c6744d7f5f0430bdcf3350f312cfd9fa014c"", ""b5d3657630805c984b22fb4f81ab660a2e9c536af4a03507e62ad3be172cf788"", ""f1741eeba11387c3651bce95af9a14e2ea89e011b28017918b9f84f7032d8dc2""]",afb023a57266a112200e95a48a990570f8a8e6ca791fff1b4d0a96b7e3db4696,yt-dlp_public_source_no_browser_cookies,external_private_cache
g_6e22d1ab25cb77ae,instagram,candidate,INSUFFICIENT_EVIDENCE,"[""exact_identity_or_complete_set_unresolved""]",2026-10-09,15.090113,True,5,"[0.5, 3.773, 7.545, 11.318, 14.59]","[""a4072a423331516c5cdb4722f2f1f72702495666f3d3f97994623c802473272a"", ""a0f75f6c77d78a4a7ec0393cdfdb8d5ac2dab0c88389da76ea120a952c0da9eb"", ""964fb43d7f0447538d35069c20aa5c3c865b04573b7c399c354e58d17fe4d252"", ""ac3a8f42752e9299bcfbea5e7669d19d0bbaba2d36b34e3d8220a0f044ffbad3"", ""f53baa102fd21c93d4fd52259171359ec76a9b6c2b01e6aa541fbee178baa786""]",3c4882162b4862290d2268287a973154f199ce0a3f67313b874e40fc41a22218,yt-dlp_public_source_no_browser_cookies,external_private_cache
g_22b3580348790252,instagram,candidate,NEEDS_REVIEW,"[""full_timeline_visual_review_missing""]",2026-10-08,,False,0,[],[],,,not_captured
g_0099ee2b5f1d002f,instagram,candidate,INSUFFICIENT_EVIDENCE,"[""exact_identity_or_complete_set_unresolved""]",2026-10-09,24.633515,True,12,"[0.5, 4, 6.158, 7, 10, 12.317, 13, 17, 18.475, 20, 23, 24.134]","[""5be35d25e4d45358207c3625b8e74ede07472f540f18a333dcaa9d6a647c47d3"", ""f0730ed24fddfb2a3a7a5b745871c767b1602232dd0edefc48c6ed1da149be4f"", ""ce7bbc014ebd01de87d6c7a36f09117b0d25c32899e1cab43d8943fc7aaedc16"", ""857263cfdcffc4ed8c84eec3aa7ec41f157ef02e40057adfc461ea27667ef20e"", ""3a44c2d1ba729f3a16ffe8acb612bc40750dbcc691339f0b2efc37a68863ffdd"", ""c56154c53cc2bc007d6fdcb4d75120d9032afd7f5db69812af1c41ca288471e6"", ""330664cf48f9f09574d345adfde2d30d1e008dd9c7059a16a4177e9b9676d1b4"", ""c366abb465fc89f4dff82989a78f023d1b59414507db0f72ee72be3ff56d0704"", ""5502e1b390d7047e23540ff60c502adcbc9f1bb0b5b5a20c4f9fc78f98917db6"", ""53438ba04e69ca09b8910d247360af8922621e8269f46277cb0d1812af09771e"", ""7caea793f75ea70bcd81f786742bae34ef8186daff90b91c2914ee8efc17b50c"", ""7261f33b516ae11ff985ab6d79d7c078ebf8cda144bfc388cb554d23beb7542d""]",99b5a848c177356a8eaf0e6b0353113dd15275ca7fe6780d2a60c985d14a195e,yt-dlp_public_source_no_browser_cookies,external_private_cache
g_056c4c21a0a6119c,instagram,candidate,INSUFFICIENT_EVIDENCE,"[""exact_identity_or_complete_set_unresolved""]",2026-10-09,10.958413,True,5,"[0.5, 2.74, 5.479, 8.219, 10.458]","[""896055d32259b2faebe058e10511da7351aaea3ff5c09debd2abe723c754c230"", ""914d02d4cf89f39f19a4765af88ae2b5308479970f848f45e4fc544f06f63f65"", ""eef5ef0e46bd9ba04b95ef8c559cb176c67b9cb04d0988e6ef64b20719fc9eda"", ""66b8119a162421a9608ff8d22d7752d5e331687e0e6f6f5a90bf0f2d308ade81"", ""4443f7dba74e58a145f68a079a69a400f4c229c10448613b452f1e541cce52be""]",a243f7928d9e3e84b5712d83c6db884598c8a2d1a219628a4a6c8fa297d6872b,yt-dlp_public_source_no_browser_cookies,external_private_cache
g_0643eb2722b3867e,instagram,ready,READY,"[""full_timeline_review"", ""independent_adjudication_agreement"", ""hashed_visual_evidence""]",2026-10-09,13.789796,True,5,"[0.5, 3.447, 6.895, 10.342, 13.29]","[""51b8ccce9b8ab90146a4248e38779b59dd196d217fcf211fdff2e21bbdedc371"", ""6ba6450494279491d0f64a78512f4f7a16c9c69cca3f2ed1573cc907608a9e63"", ""fabd59ac2519dad63a2dd037c8c947b715bd0518ef2c58f5e584071ce6847f21"", ""f50d2862a85d40a9a1c8777fc8eab2216ace23a702e00958d0c098173687194d"", ""eb2505c3acdd661d8356fd55458921dcb8af147ad172a8b834947d1c8e88aea6""]",775115d1a579bcba86ec962bc8f3fae2b8808c8f169a113651638d93646dd1b2,yt-dlp_public_source_no_browser_cookies,external_private_cache
g_078765cd5f6b6227,youtube,candidate,SOURCE_UNAVAILABLE,"[""MEDIA_HTTP_403""]",,,False,0,[],[],,,not_captured
g_0a8acffefa317e15,instagram,ready,READY,"[""full_timeline_review"", ""independent_adjudication_agreement"", ""hashed_visual_evidence""]",2026-10-09,31.669161,True,7,"[0.5, 7.917, 8, 15.835, 23.752, 25, 31.169]","[""3b28ab6ae0377e00c499cd7573c37647cd8aafccf0c430f5b440cc9ac8b2a8e6"", ""eaf1a2a1285335310f38d89083ccbc31063e47154f510f025ddfcd3893ffcf50"", ""e9897df273ddb6187e0b1a4cd1994171db6fecd2bc0f4cb4290388844ecf2fab"", ""27f88af267d9630466e3ab96bb268bb5de42bc05fc368cbc905d2aa841f48190"", ""c5afd72143d81bde547ba345ad997466ba1a24d94efd509debb98238c9a693ba"", ""a4234849300cbae199a8d8c6e51c3e935fc6c67c818a8f0fb0d1cf8b7a34166e"", ""ae501aa68a0430be14e5df111222602827a99bdf06d82a4653693ea1b71805a6""]",986e80440e001349da444274a4e4d78b095bdb473e3111256c98fdc99157eb39,yt-dlp_public_source_no_browser_cookies,external_private_cache
g_117b5a555bbfb817,instagram,ready,READY,"[""full_timeline_review"", ""independent_adjudication_agreement"", ""hashed_visual_evidence""]",2026-10-09,5.523492,True,5,"[0.331, 1.381, 2.762, 4.143, 5.192]","[""33187463b638a720a14b20f34028c37845ff9dd654a87a3cdab09d15caef5938"", ""f0dc8db74b14c06a70a2ad953645e3264cb4c541f818eda27280903c98c9c398"", ""08bc554f478f2b0279744ccd2b47ded1180502253c20ec2be3991707e5ea9799"", ""da702076424eab331d34fea44c9c327dc4014bd864748f646d4012c67f03727c"", ""5e325c00916045b54e85726559af4985f2a41fae6deaaf65317309dcb1847f94""]",dd0bb1920e5fb5bd423b36a9e62640080ebfd776d62163596ada529e2ebd5eb0,yt-dlp_public_source_no_browser_cookies,external_private_cache
g_17699991231e6f90,instagram,candidate,INSUFFICIENT_EVIDENCE,"[""exact_identity_or_complete_set_unresolved""]",2026-10-09,13.743356,True,6,"[0.5, 3.436, 6.872, 10, 10.308, 13.243]","[""5e6f8d9ea7b91f9555d3088767b211bc7dcc24218b59f2ae706ef47c92ef32f3"", ""e106f54c2bbecaf8a19815f440bcd5efcba78786f3b5e1ae8b2adb138d527f38"", ""b1147eeae252850d3342bb40404fc87f1d66005a43971e086f2b256d74ad8c23"", ""31d18106ec694c31b8ae9701e139cc5b18f0dab9ecee0c1a02a919d1180c196e"", ""1bcbdacd5893b1fa5c8d4bc06b1ef71fc8e7389602ff01387eea4005e9e305bd"", ""66b76a236bd931a310fbcd06005608153b6bad8c075dbd98b4cc39e60ce0ee26""]",4d6c39f05511a666975caa1e38c4a780dfc370f7da7d1414afee1aaa361be934,yt-dlp_public_source_no_browser_cookies,external_private_cache
g_186726593bd4f608,instagram,ready,READY,"[""full_timeline_review"", ""independent_adjudication_agreement"", ""hashed_visual_evidence""]",2026-10-09,147.629615,True,8,"[0.5, 36.907, 73.815, 110.722, 141, 144, 146, 147.13]","[""aeb6c84e510aed16f356c18ad7a2f74288d333d6fdf9928ba9e4ed64b8d40adc"", ""c3a3d08b8a909c1f83e2aeca49a0e1c5a7dc320a5fddc2300971ab998d64d3e5"", ""53acbac652517ccc4a8daa300b24787cb0c0c1918592c5a548caf4573943bf8e"", ""f0577d30642857922cfb6353f8f649065250f3aeab862f112374bbebc8e6e7a8"", ""616259891e67b46d9c8a1767ba8efecae7c6d93d1b607546057e5e0176fc00e2"", ""8d653ebcd688a11efae3bdd07090e7ca90c6ba1294999a64a2e54fb68ed89f50"", ""bb61bc0d8dc9e6607d15567103f447fa5a38d99ae3b344fff6f64cff0d9f0c8d"", ""528117084264f30ae1d6cdcbb1b9634e1c2e611dbcfc588ad61a4748394342e7""]",2a75af58093d5422d192dc7f044ad40711d7fa25837d946ea64049095498f98e,yt-dlp_public_source_no_browser_cookies,external_private_cache
g_1c334195cd3c77f0,instagram,ready,READY,"[""full_timeline_review"", ""independent_adjudication_agreement"", ""hashed_visual_evidence""]",2026-10-08,8.009478,True,6,"[0.481, 2.002, 4.005, 6.007, 7.3, 7.529]","[""bc1301533fdb268564abfa742e09f3f3d32e6629cc965cd6d1165f6547818732"", ""b17735435f42cb428eed455fd1e09d2acad5f3c54f77c112a02a63c9dc805af5"", ""59191d2ad36aac8928eb153eb63c7c8297e662d98535507d2a52f49bfd0eaaee"", ""8420932829c36a8b71180ce2c08f4c6c2a82c2d0e12da51ea4dfddee0fb96322"", ""d10e5471e12200ce2746e1472e65f3e37b67c93dc10d0246036b7a4e566c82d7"", ""dba557ba3753dbc44b68deeb4ab9530b76a5d3e33af96dbf84183608a90ff02e""]",8159b0156ed46815dae36261ac9ee424dde23cd0645f8ac7ec03effce10ab787,yt-dlp_public_source_no_browser_cookies,external_private_cache
g_1f1c08e3ef8fb80c,instagram,candidate,INSUFFICIENT_EVIDENCE,"[""exact_identity_or_complete_set_unresolved""]",2026-10-09,7.450748,True,8,"[0.447, 1, 1.863, 3, 3.725, 4, 5.588, 7.004]","[""93bc567dc8107360c0963a264ebc7f675d7cd37cff1a7a3ea86570f2898cf8a4"", ""421216a5d296bd81806b671587d86adaa089d00ef4c0b9be881ce6a3e9feef3c"", ""7849610c4876ab98d8103baf1293edd1fcd338b48e976351e2f56594f65ded5d"", ""a2694957e898ff8adf6a9e77108dec25b66304494a418a7b34f146096a6e5177"", ""d38d4c252d72827249a1fb71bf6c2b41e9120650b3323fb475b6c662e8da04d2"", ""e62707e32c134d47f50abef124c0f079748812c29c4dae19443a733e2ea9adf7"", ""2220b78c63c9175d67c53c98af4598aae167138eb08800347b59c1527a0ed216"", ""bf19f158d56bb849ab6debf720ee69ae3ce3cf933ea11e54911e060ac11c710e""]",785c2f21da67352bc2a08bba9b840a182959d876ee1059a8075d6a58a1ca7a63,yt-dlp_public_source_no_browser_cookies,external_private_cache
g_2075033f2571dee3,instagram,ready,READY,"[""full_timeline_review"", ""independent_adjudication_agreement"", ""hashed_visual_evidence""]",2026-10-09,11.88576,True,5,"[0.5, 2.971, 5.943, 8.914, 11.386]","[""e19698c635b5d2d3c2bedcf4b27ee404a4bd1440f0c8bb030ceedabae26aabd7"", ""16c2b91238253188b651927aa847a5af77afbcf118b9c7a210d519cd7c38196f"", ""b1ab5ae809a518d8b3d575c92e3b17bfc6b2a6224a24b7dce5bfd4afe95d6717"", ""4e46b3cb15524c2eb59430d9022cace3b50a35690c445eee7311b26bffe0e96d"", ""f7ddb980d10b7490c809aba5afcd674ce61c8e15b31ee81f21bccc7f13d2276a""]",8384a88c3e303b381ab440d0eca57b6d6c598c8815cb8be1d6fa08c2a3ff54a9,yt-dlp_public_source_no_browser_cookies,external_private_cache
g_20cb6121db7c4ac3,instagram,candidate,AMBIGUOUS,"[""exact_identity_or_complete_set_unresolved""]",2026-10-08,7.961587,True,5,"[0.478, 1.99, 3.981, 5.971, 7.484]","[""6dbe193cc958ad115dc1ba703a2222f311eb84f9b2d5e17a3be3af28d513e59d"", ""9ae942dcffb1924360c9c62bd8b443112a67eb9b883621219141b87c665df402"", ""994f1d40ad3020767335787e806bd7d915215827232d6e7e0ee17d356fdb8c52"", ""fc9211f351839bb093f381f643984be0c80c4d130d4a72ab40889767f16fffab"", ""fd8d739f3af904003aece8d28960d92db037b575b668903c22e5a22debe7fd32""]",30bd96766364278a3ac4a9d16e9f2efa371b0899d4aad482142a342ca9022a59,yt-dlp_public_source_no_browser_cookies,external_private_cache
g_235742774cc04d9e,instagram,ready,READY,"[""full_timeline_review"", ""independent_adjudication_agreement"", ""hashed_visual_evidence""]",2026-10-09,29.302177,True,8,"[0.5, 5, 7.326, 14.651, 21.977, 25, 28, 28.802]","[""9c74177f061f0eb8ca1e00961f9eed33f89ea27d31728f1a997529c07ea95e3f"", ""f0a4a0197300560751968e34fd9b08e207229d258a84264211556507fb9c1422"", ""ba34bb7b5f316ffcd11be438b2b747c868d14415785184483412536af18e6183"", ""40614ddcb1ef16564c88fd098a5288441695a653d7eec914fb2386296dfc1fdd"", ""17f2756c8c6decba5ff15d87e82cd0e8461da4e0290ad05556bd1265d65f2f0d"", ""d24d343ec965f17ea759e213bcdef4da0bb1062db476d62441aa05ce03f94205"", ""2bd927c8e2b86a55bab569c04d700f3d7f61ce78d79b9ab63e181f1f268159af"", ""fa54d1898ef7732ba401273e59a7d54a49e4f22866d06153f8871007e0a39bb2""]",a97794b46f21d8f08ef8b4667855a0a4a5756de0d16167b59c65e092fb6d580f,yt-dlp_public_source_no_browser_cookies,external_private_cache
g_2a9b88a0eeae110a,youtube,ready,READY,"[""full_timeline_review"", ""independent_adjudication_agreement"", ""hashed_visual_evidence""]",2026-10-09,35.89805,True,10,"[0.5, 1, 8, 8.975, 16, 17.949, 24, 26.924, 33, 35.398]","[""97b55164f584b40d2405eb1f9351d8cbc395b603cb9374fb62f45957ac331226"", ""c623686cc3bd5b0ced2f40c25fbd2c9b5a785c79a65c09a04c26b04d3c040923"", ""5c83974d77f0204bd78a3c1e541db83ca56774e12e5cee4c691ee4fdb6f8176f"", ""5fee7d84544325e0c554107454c78fa873dda70527e6967324db8962eb02fdd9"", ""ad5930c09a7d6fb56d28049b4abe1f7c87f8d1232297bef5396f6209cad312a6"", ""2e62b3e2e83a28bee3fdaf827e6f392907623d6a9dd97006fc0cc4e61f67cd7b"", ""e7d235b8d7b83918b8fe1051e0e663b2f549dc6e7636277bf9f20d3ac6aadaff"", ""723df19f24b5dba190777041615d1d78af7d05c5b1e2a802c4cc4f6721951e2e"", ""45a4adbc5870ae7d6bdb3e04a84b244bf7870d3e8600e43a5eea87570350d623"", ""3c31e7d3815a840bfe6f4c499fdf45875836cf2324f625f48be5a372066061c5""]",a26c00d1006f3970db610197a3da82ac7408a647760aac31374664fd3ea457d0,yt-dlp_public_source_no_browser_cookies,external_private_cache
g_319565ccd17d67d3,instagram,ready,READY,"[""full_timeline_review"", ""independent_adjudication_agreement"", ""hashed_visual_evidence""]",2026-10-09,14.347075,True,7,"[0.5, 3, 3.587, 7.174, 10.76, 11, 13.847]","[""7c7f2012f6521057f768e206ffd0f9bc06e1deaa57002dd3871e1ed06fda0a70"", ""5e023c2ad2f4d4f6322ac34f2fad533542f20560a594e267fa2672b26f5931a1"", ""6f0b4e98e30314e5040224628fc15332a3e4f32870a4e8d920f15462d4535156"", ""0d8afd82058612199b5e0d02f653ca43550b402929ce4af2fd71b54fc523a7e8"", ""634a605daebb8f5c8ea0384ad54c8d62f6e47e0827e5edaa157852a9fc4ffa6a"", ""aca8d3375e7e5f65c32abc98197fcabc16799adf0e9b951426df96e2062898c5"", ""44bc73b4afc242b182478cd3a22065bd4e64dfbcf31643003b5ab6eec9cdecb4""]",bbbcb0599e9735c1709c058cdc56cc81dff671d4b10826cd1e9de310d0a3f2c2,yt-dlp_public_source_no_browser_cookies,external_private_cache
g_3390fd41fb6a2976,instagram,ready,READY,"[""full_timeline_review"", ""independent_adjudication_agreement"", ""hashed_visual_evidence""]",2026-10-09,36.127392,True,7,"[0.5, 4, 9.032, 18.064, 25, 27.096, 35.627]","[""977810edb9fb19f7492f255cf7ad3fee50a97a36c69e8aee000b4ce4e359d336"", ""7e38a32b66cc33bae0cdae518abfdca2fc3494e3781ee870f6f057c2991d458c"", ""d97a239e02a29f20f3bcaf550d5adbdf21a28cc81108db6f5a87f528e08d96fc"", ""c7e035b9252bbed47769c07f7b34a3d205ac774e48443ec9d69348b93257cad0"", ""f6b0375eaa693d39bdbcb028f458b9f1ae9fd56157a58d6e7551cfa125a49614"", ""efa26bfb85e965d2fe925ef5bd714c5e9b3078ebdd9eb102048bc178f0ad8942"", ""49b6a6806562106d5a3ea0b1e9ee04e794214d9f85a3384f11e3394dda80ec7a""]",0197e62d343fb288b69e8f7ce78ccab2662ff3f214b15126ae4c10fae723a68a,yt-dlp_public_source_no_browser_cookies,external_private_cache
g_35646a862b01f85c,instagram,candidate,INSUFFICIENT_EVIDENCE,"[""exact_identity_or_complete_set_unresolved""]",2026-10-09,35.153605,True,8,"[0.5, 2, 8.788, 17.577, 18, 26.365, 31, 34.654]","[""688d25d1ed91a77dc55de023fd736a004d61606c617bca6124ecede1258658e8"", ""4ed48d7e39649d5735c516dec8d0fbb4a7c285a6f8b701cb64251a9eb13da79c"", ""571e6405636be1a90e4684a5a6d453de67a90cb18262faccbe842b1c13f45c8a"", ""6edc2a809a0139b8ae2aeb56599694b9fe4ce70df1d4afd64a3102d2ddee4063"", ""777157c0db488c59e65e4f5e56d2bc40839b2537042b39d1c84d0718c4f7ca98"", ""500da52873dec1ad85076c46cdbf7c9862c8428119560e39dcf594b638ead514"", ""9e7e6a8518d898490da1643cf8409fdff533c7642b86036bd28ada536a6e1b1f"", ""39f05ec61fce6fcbc4b1c0a9e4dee86b7971ba5597238c5167cf29ce9c209115""]",93f140707b089027884320b884f4d023bc521759bc7263e8995a3a630adbca1f,yt-dlp_public_source_no_browser_cookies,external_private_cache
g_365e72058d9a5901,instagram,candidate,INSUFFICIENT_EVIDENCE,"[""exact_identity_or_complete_set_unresolved""]",2026-10-09,23.799048,True,5,"[0.5, 5.95, 11.9, 17.849, 23.299]","[""3c8dbbe9f1a5f63f2b75bf725f4ff29cace39e2b0a8c9f3a23e7dafc387eaf4e"", ""1dc117333d2324f70b51bebdee4181f79d7e1a713a13cb26858e1c149fa3bfca"", ""e47bd1906548d1fa9aac01cb8edfadc12c8ee81a9559f7c55b33f6d2e84efe8d"", ""6db39d3c4cf4467b46779e324cce1fb245f3eadf78c13bcc6bd9598fd7c3cb10"", ""5369c0bdf33211e1632173f45888ae2c84991d4d7a3863ffef905e6a024ed6b7""]",8ad17f6d2e3b41895df7698e7aa654d1ef3f2b7449586db73bf369e4fafa81be,yt-dlp_public_source_no_browser_cookies,external_private_cache
g_389a82cbf37d8de3,instagram,candidate,INSUFFICIENT_EVIDENCE,"[""exact_identity_or_complete_set_unresolved""]",2026-10-09,23.751156,True,9,"[0.5, 1, 5.938, 10, 11.876, 17.813, 19, 22, 23.251]","[""c791a2721e907fac0ef0738ffca25d316531a19a980a21429840acb89b7eb41d"", ""6b447b33d01dacc32ecb660c3e6285d00db73f2b0f1fc22ef78f702ed71717d7"", ""710326c7572cc32147ec6aed58634416141099a8c33e7c753aa15d57fbc333d5"", ""9a263f2d63f96509180ebecbe8076eac8d1f9159d4100d788e3947d8bbeba161"", ""1fe558c87aa5a140cc1da6867bf206898ccfb9e42357ae9a0733c0e0e46f45f2"", ""f73eb88425a3e13d13cbeb98feaee406f2f8a996e0d6fc87755b70cbe096e923"", ""ab04048895f15ba3234dc7499aba7282ccfff9ac5871398461e22f43aaa3e1f7"", ""23db2e3adc60d2a17897a11b275f36ca80074b4fe07ad265cd40052f936569e9"", ""82908767ce685402246d1ec0bfe256e81674c669bd3b01884f4fcc86fc8cd838""]",b8461745a5cacc55617ce2ccb8dbdcd3e31cfe931ae7a1b8fac0692520a8616e,yt-dlp_public_source_no_browser_cookies,external_private_cache
g_38b71ce06ea21826,instagram,candidate,INSUFFICIENT_EVIDENCE,"[""exact_identity_or_complete_set_unresolved""]",2026-10-09,7.957958,True,8,"[0.477, 1, 1.989, 3.979, 4, 5.968, 6, 7.48]","[""a2df7f1ed6c138ba799f896530c55bb76f5ca1f00682959591a1567e537c841a"", ""aab63661eb3c9d97380d37073e2b788c292234a81f917e51b221f63a23fa5823"", ""f6d0c697a7aed838be32c2986fb1f1c6df6c1f555e613d6085df9f55fc8a5db5"", ""569fcd41c1e45ff2f69cbb09efd12e03b69177d6a5c39f2634055cc8621eb4bc"", ""4440491107cd589f4f7babfd8dde8701dd15cc671ee52fbfe10abc6f6dd175f8"", ""ac061ee8a3d1c5cc53f64b81c6fea09f53c6cdf2cc75568ae97c581d090a4a66"", ""7e67963eeb3497d152c1ba48fbcbc6578c7d13d845dfc317e9a1d9fc1a25be25"", ""02b81f424127021b6e9304b79482ede8c26cf9b4c6e2e3c239e12848dfb586f8""]",8d93882f6bcfbfd86901c67b21d61bab99cc894be6b6c50b765fc72ec3d73199,yt-dlp_public_source_no_browser_cookies,external_private_cache
g_397c756fd5b9c198,instagram,ready,READY,"[""full_timeline_review"", ""independent_adjudication_agreement"", ""hashed_visual_evidence""]",2026-10-09,10.167483,True,5,"[0.5, 2.542, 5.084, 7.626, 9.667]","[""c871a22a608ea94cf051cc51a41256d93893c8613df12a64e1ee851fbbab7668"", ""5dae375053d5ec18f6f90b0e2ee661e6498e61446a7eede77acc6b81fa2c8e32"", ""935a95bebbb7549ada251be7797601bf9a69b86a6a9c366b6f8e5db419d56aa8"", ""fcfd1f08ab5bedd8f85a8fa793ac4556e75974c071bd51d41dda85457cf5a2ae"", ""2c71c92a41a3e237940fb2044ff0ac11f724513134a51e10083bb89cbbb87824""]",61a031cf7ef6f167b57fb5c13b4973a112e02436ffb61477a740558a98a5a151,yt-dlp_public_source_no_browser_cookies,external_private_cache
g_3fad429ba804a289,instagram,ready,READY,"[""full_timeline_review"", ""independent_adjudication_agreement"", ""hashed_visual_evidence""]",2026-10-09,12.466259,True,5,"[0.5, 3.117, 6.233, 9.35, 11.966]","[""1f5a97e75865b1070b9ec91741a0e18b5d676e34a21ca9f406e1e96212bfc1f8"", ""ca2760f5486cfd5afd72407060d1e7134c53e3b9d30bf32fa2d9cb2e722f9d04"", ""88b5a190ce0938999c1194bd691caf29841f5d2401b49cec6200873b7e77eb32"", ""edf3432580831e2feed1eaca52b87647fa38af64d89ca10095c60e653d361b1e"", ""839d275d1a5a0fce97accfaa632ef4768852a4bc24b744dca6bc1914a1b23d57""]",dc6ea918035587355951ae5405d366300b317a1cbf6f3e2d4f38ba3f929a3e8f,yt-dlp_public_source_no_browser_cookies,external_private_cache
g_40cf5351fbd38963,instagram,candidate,AMBIGUOUS,"[""exact_identity_or_complete_set_unresolved""]",2026-10-09,6.732381,True,5,"[0.404, 1.683, 3.366, 5.049, 6.328]","[""82fa524350e8e7f96de8799e00a11ea156beadc5e79991c66dbdb16ddd724307"", ""74f176aa8f7eed8b6f8b059f805cc887d0ffd827202f725694a79d64af12c55d"", ""4b930d518a6cfab012ba4713bde398dab241304beccc73d26f4b899f707076fa"", ""3de03245f9a78ce267966e395eb342c6e6b0ea29b556f6387a878c6b3ffaa8c4"", ""8d7be678a984a2beb347425810be7feb15ced836ec3dfa89edc7fb1e4f509876""]",e6953ed0fa13861dc343e866e0d280ada510d0bed784f48ce523820142d29be2,yt-dlp_public_source_no_browser_cookies,external_private_cache
g_40e5e8b6775b8256,instagram,ready,READY,"[""full_timeline_review"", ""independent_adjudication_agreement"", ""hashed_visual_evidence""]",2026-10-08,10.887302,True,5,"[0.5, 2.722, 5.444, 8.165, 10.387]","[""09f2ac91b52618869216acfc55c63b70e03f7e611003dd43e79cb581788bb493"", ""7ab9049de9c2c98cadc27110709115bf142b8d82eade97538af2691a2c686ffb"", ""7ad491d01be039ed3156b8cfc5637da707cec7b90a61f7a4d0e58414db077b74"", ""68f2dc50adf6dc3ca513a7e8790ca76bd96b0d304ad37b0ad9ab9de298e4a4e7"", ""c40d0036208e1102ecc576e00ed78db0391d521f5b3a38fb951832c49c14100d""]",0d0cbd7bb227755f3b9a838b766ea9adc509b2e64306cc58e3d78cfa23183130,yt-dlp_public_source_no_browser_cookies,external_private_cache
g_442a62dbf7067a5e,instagram,candidate,INSUFFICIENT_EVIDENCE,"[""exact_identity_or_complete_set_unresolved""]",2026-10-09,12.744898,True,5,"[0.5, 3.186, 6.372, 9.559, 12.245]","[""0d436a32b9627dce4c639d96e6942362729d140b087804e476de1e2f7b86ebf7"", ""5cf0c2d70f251709d569df97408c765c586e578799e32fb1a13143eae8c7e13b"", ""087d4ab4cacf2ab80fdf207d91fbc8705e99735520213e8e4021605f70fda8eb"", ""7140dbff2dc311ee16512508ad786ae0d6bae1f527568569aa4f7b0bd12cac32"", ""593d07fc74f54e26b5a8409ec943d5cf421349cc23e2408c9148f7928c422c80""]",09cfafa2e9c291734293fd999e88d7ee67b0c2ff3d37e2b66f4fe7cf4e760ee0,yt-dlp_public_source_no_browser_cookies,external_private_cache
g_444930e5711013fa,instagram,ready,READY,"[""full_timeline_review"", ""independent_adjudication_agreement"", ""hashed_visual_evidence""]",2026-10-08,32.320771,True,8,"[0.5, 4, 8.08, 13, 16.16, 24.241, 30, 31.821]","[""eb03cfb86946161e51635b177d51be31d9e0d3c061de74d05846b8308177ee6f"", ""92f78106374b1831af4bff4a2aace2d02475b999724c1f8f250cfe23e0ace0a1"", ""3785f7517f1005de236792703d3ec35b6f6c849a8aed3461d66b5e6813eff8b9"", ""d4542e3e4e10b1c7bd7f46c8df41e8c64ee40ced1ae7791d1cfdeedd15453c6f"", ""2a21cc8c3adbb33e6fd4e2a68024c5e448f6cbef06823037a5ee3f6c9c4257b0"", ""ceea6308b09a1773ebed637b7dc9f119f8be5ebb1b2b046a66660b5d0409ec66"", ""0ac54cb0808c7bdba868e20b7c117817fa6980edc165c8e2baad4089e79196ef"", ""8f8fd661512d5f6cb0092ffe5aa6945bcc250dfe65a20bffea8037d55114ba38""]",0664b1e9832d52e0fc0620bcd7cca9a318488e045fdb546c0b1ff684e2b55e6c,yt-dlp_public_source_no_browser_cookies,external_private_cache
g_4799609640f8fe03,instagram,ready,READY,"[""full_timeline_review"", ""independent_adjudication_agreement"", ""hashed_visual_evidence""]",2026-10-08,6.893469,True,5,"[0.414, 1.723, 3.447, 5.17, 6.48]","[""ad77e537b1590cbcc6a9e16d58244c74b45999362e2435e649e4818ca24b56f8"", ""4644e487a869cf5c200c6e4553dc9c9cdec3a969a7b6434306c671d7545f2a26"", ""8ad0a5900baaee99f7ad8b1259772d60d52269691705bd95b5d0e0a51b3b9ed1"", ""f105a3bb649b9cb7162100e186b165a371089c01e167d62a8a154277f8f70cad"", ""8b826c53537ab7c127620fdcbba5470cd9a6079a67354c4df3659f1e2b9a7861""]",7aad87fe829f950e1a8e289bfcc4663934df7e1538a9a1ba637b795b08e37ff8,yt-dlp_public_source_no_browser_cookies,external_private_cache
g_47b3de911a302323,instagram,candidate,INSUFFICIENT_EVIDENCE,"[""exact_identity_or_complete_set_unresolved""]",2026-10-09,8.682857,True,5,"[0.5, 2.171, 4.341, 6.512, 8.183]","[""08ebfda1257f71201c7e9ad5c2421d65ce2163575064c2fbb027f7d1614ef946"", ""9522961bfab2611bdd360f34e26fee11e390c329ba1c7fa521aa1960dbbeb8eb"", ""5e06839c21e8fd43b1e0a4e6461e9671ba6d3188f20f14363ae4b3b1d46e82a8"", ""e4b1ac14ea2707233871ab4dd5b9eda7544c1f5daea9f42415e738602b0646d2"", ""38bb4d4bb60649e0d4b1ca3780a6078af23ea8f109c130c3beb9d1a9402eb08b""]",8253af28008aab65bcf325c3a33381fec02ef739d01c15276d72cd45f91de064,yt-dlp_public_source_no_browser_cookies,external_private_cache
g_4a83d0e7ecc312a7,youtube,candidate,SOURCE_UNAVAILABLE,"[""MEDIA_HTTP_403""]",,,False,0,[],[],,,not_captured
g_4b39c1f847cb2a30,instagram,candidate,INSUFFICIENT_EVIDENCE,"[""exact_identity_or_complete_set_unresolved""]",2026-10-09,6.38263,True,5,"[0.383, 1.596, 3.191, 4.787, 6.0]","[""94a47b7ae7696596893ccc61bc2dd31ebcd3ab89e5f1d0fa04ddffcf566a9c73"", ""ed0a7fda3d620eec7dfbc0a56e5db5eb60a3aec43e302811828ab9620ccd3b72"", ""34ae2375ea81d3a1b3f9f82f020a9e51167ff02616fa719bcf2be160416083eb"", ""79c44c1959bf7b4e563ac6389e7126be25db4348340e2cd8b98992333a05e4ae"", ""47276a0cc2a26e35cc16951a8013dca5547d4112ce0491ef31a0f496d493276a""]",2a3d0725a5d75cd5d11bf3bc5cf66502024fd15d4b018cac65cb018f004c2bd8,yt-dlp_public_source_no_browser_cookies,external_private_cache
g_4bb92b7c50cf3bcf,instagram,candidate,INSUFFICIENT_EVIDENCE,"[""exact_identity_or_complete_set_unresolved""]",2026-10-09,8.031247,True,5,"[0.482, 2.008, 4.016, 6.023, 7.549]","[""a80efe334d606dcbf7adff1e920fb3ba7b1b8d3dc07c6b6e505083005ed2e80f"", ""3ebb61dd7dbd55fe9da17d552d2c9288ebf37ac1330029f6bc7703e51df579ad"", ""c87d863e44101b02efedb109c2448b7bb8ca538dd885145adc3a0dd707efa0e0"", ""dcb6dac841cd2be6240363fa6c27de3b02e3dfb9aced0e123b21cc5a1962eb82"", ""534ae7df46af075ab541a680c1a1260c5563391716b8ac463a186b154f0c3816""]",71d97580da4f6d93e612de6e44610ad2a417100097063e67095be6e97a61eb45,yt-dlp_public_source_no_browser_cookies,external_private_cache
g_4bdc337579e5a19d,instagram,candidate,INSUFFICIENT_EVIDENCE,"[""exact_identity_or_complete_set_unresolved""]",2026-10-09,7.682948,True,5,"[0.461, 1.921, 3.841, 5.762, 7.222]","[""5a277eec349847076b4792ddf0a2f82117ae28bb62eaa5798007ead80bf63cc9"", ""bef9d233cadf2bb6f7dc0edec36090bbf37790ee4b88e15fc8f299fc9726cde9"", ""376149959a4807b2e4f898993607741e0bc53b0be687526404e5ed9f11e6a89c"", ""ad6a4f34efd56ef8aa26579771c64ae75024af0ac16286c0c8c3ae36afc0c79a"", ""7bf93ad73d0498813a9010d64ebd3e1017dec5627dd1d5a3366de3c6d2739635""]",7e93f3feffad49cb829e260a621b1fa1283742c3e3df00a0d1440dfe214e02f0,yt-dlp_public_source_no_browser_cookies,external_private_cache
g_4e8e8cfd81542d66,instagram,candidate,AMBIGUOUS,"[""exact_identity_or_complete_set_unresolved""]",2026-10-09,31.274422,True,9,"[0.5, 4, 7.819, 14, 15.637, 23.456, 27, 30, 30.774]","[""bb3f8bb784223839623a837e62865acfe79dbc9849d3d3c074fcb2fb4806105e"", ""8faadd5d0ff89f55875273a70e034db1ed080b0736d2c914c4fde5906ea0bd3e"", ""0b16563f8d87efe98993065ea169da0225389e6d3559078c18e7a5116b069695"", ""3fcea6f59b294a6f058802ae612dee7139a8157a9c148962a320a58b7e67057c"", ""e676ed7c0cffd7a48a7ef41221f56b1dbc3961c447c94f3d612c27101d6b10c7"", ""bf195c7cb6e7cc8c39b9564ff4ca14294caa2f1f5860a22e579f6fb2600c6533"", ""9038da76b19d72b7f67aa66eae8a1851389d755d86ff16e8729a24f4a03563d5"", ""9a8b751ab2ee425bfb04cce2050c326307bdfa8d99e14d38c83ff7fdc31ad4e2"", ""219d3a51d95b44348a7b9370282c89e5a9bbe195f46043ec49842d2691733a4c""]",27f78585edbcd184932390783e611b6e2e8085c11a8080fa60bbc21acb9264e0,yt-dlp_public_source_no_browser_cookies,external_private_cache
g_4f9f1979a74a238e,instagram,candidate,AMBIGUOUS,"[""exact_identity_or_complete_set_unresolved""]",2026-10-09,11.76966,True,5,"[0.5, 2.942, 5.885, 8.827, 11.27]","[""c81706a9819fecbdf37bc764d4eabba9a52ec3ce74fd93ff3e25f95358d8a898"", ""3b401895ada7b0c17c907794e82ef297af2444053cebdb48dcb6abe7738b8d7c"", ""69324385c21eea2c8cc6c0886a2b0bb378d00cab4c7d6f209c6f3067970e0af9"", ""48cdc62cc00c1c6b919b6b4805d66af2d02e8d90048b2da001c5ff1806d197f8"", ""1e1b7f64503c924dcf628de44c852f48f696df480735731937b52d168a907a1c""]",c7edc4cd613a8f76238d277a1704597c85ff34e52d741429c87a633c92c41036,yt-dlp_public_source_no_browser_cookies,external_private_cache
g_5261c8b834c2e0c0,instagram,candidate,INSUFFICIENT_EVIDENCE,"[""exact_identity_or_complete_set_unresolved""]",2026-10-09,14.441406,True,8,"[0.5, 1, 3.61, 6, 7.221, 10, 10.831, 13.941]","[""92391f68bb9eefc3a72988ccdf2d83df057a363c3b7ba171ff3d3602baa05e98"", ""6c328d3ee4f99acf3f6a055fbafb4868f3da81efd41d8c0aa798f78be8eaec81"", ""75e066f7d03dcc715293187e7c760abb448abdef56ea5836f655bcc77341df5e"", ""060a64d5cedb02a938f7daa989eb5f05d339e5dad5b13772de2c72a6485d0ac0"", ""bad1f946f750a4bc6333faf02fc7a723be4ce5143dfc8bb2b858e7157bd03f33"", ""1963f5c385bb929ab5468dac222b88ed5895bffa9ca8bfa9558d3c260a576d75"", ""e46fc3c22b6edaf0557308e8bd840bbcdebc5d66e182e9f3f64ba127dac94bad"", ""15fb5c5f554fe5ca981a9dea5be2dc937924771bd3790ded7bf27de07f40249a""]",c57a85827e0c89df78da2e347096e640682c95d56665bf59769650d9152c0440,yt-dlp_public_source_no_browser_cookies,external_private_cache
g_539aa1012992ccf1,instagram,ready,READY,"[""full_timeline_review"", ""independent_adjudication_agreement"", ""hashed_visual_evidence""]",2026-10-09,24.960045,True,8,"[0.5, 4, 6.24, 12.48, 15, 18.72, 22, 24.46]","[""cb872a957432843f979d637a1674f0cb5d6a6dc0e040e217a69f1b29f16aab33"", ""4d5211036556369bf99c623b68d9347fd37fbe4e128ef95aa94324ac4f4652cb"", ""7e26e8a42e24a83700b9d2128ab75b54806abd0ba640ab50979f601556562644"", ""2c28ac75dccbbf7cf67c0e577aaea0d8ce42597fd5814c6844347c732ad2c340"", ""b2dd27344b41eb175a737843a730506560199c49ab02e5bfdac3e5f27262a095"", ""bde62de6f22acb02445fe18c96b9946ea75ae2b8f483a9b1fdfb42544a06f314"", ""aee8e7de873babe0c523618cb173195ec07e4e8b90e590dfb3b1b4af79552f09"", ""3e1b40c42e75e1a1ec8c4a3022c8bbd8496f953d7e74c43738f18d0f5ce8a07d""]",fb97056e18423143a007f4db1cf512bbf1f5736dcd496f8ddc03c6a28bae0dee,yt-dlp_public_source_no_browser_cookies,external_private_cache
g_57b183e939907870,instagram,ready,READY,"[""full_timeline_review"", ""independent_adjudication_agreement"", ""hashed_visual_evidence""]",2026-10-08,15.020454,True,6,"[0.5, 3.755, 7.51, 11.265, 12, 14.52]","[""fb67031defcabb9fb85316647c7eda161b5026ddc5ac3ce9e616bf6b1d45a481"", ""fd84346f4a573732634098d4a4d458a98742b350d845e96ee14d898f8b89a2a7"", ""4ad92a173215f25be28d00135cdf22531d935c30ca9e7557e649f9d4b1bc615a"", ""a93a4580d22fad7d31a3525934ead911c69d4af9c029ce495ea8809f1fc293eb"", ""b68ff697f74d0522f3bc3d7d3ed17ba1269d956faca27c5e3690023c83b50851"", ""49c6b6211fd516ab3dfa51786280b63ec9a65f057a8848e5bee7e512bddd4541""]",aa68d387b452f8bd77e3abecfacf8e90cbfff516a95df7572a59a74498e6803c,yt-dlp_public_source_no_browser_cookies,external_private_cache
g_58328d06626228e0,instagram,candidate,INSUFFICIENT_EVIDENCE,"[""exact_identity_or_complete_set_unresolved""]",2026-10-09,89.16322,True,34,"[0.5, 2, 5, 8, 11, 14, 17, 20, 22.291, 23, 26, 29, 32, 35, 38, 41, 44, 44.582, 47, 50, 53, 56, 59, 62, 65, 66.872, 68, 71, 74, 77, 80, 83, 86, 88.663]","[""356a5b88c1d4432511d76b98b386c99f5d1c1bbd14fd4d23655d0f66f53706a1"", ""abef5139fef0472a0fdc2b6235b5b386e6b93d79b54a66f65d8b1acf1efd81b9"", ""fcb9f295a6f8ee2426c30b67651dd9c9e148cc374b5cf59fd4cbcda09d17439c"", ""6bba25305a0ac7b2bc57d7690d4fd9c6209ac293703583d7bfba75f32be6f720"", ""cc6d89f94c63c1665ca8cd584014bb2a581d0f0c000f8b08997c1a53be4b0729"", ""548a9ef5d1ccc0b63b9a867d5d4c12af35c86d11f78a15809a85376ab4f48b52"", ""590b92127d28062e841e0ffa9b3cf199b78a672eefabd67c516788c24d165d60"", ""d95f139f2a5c6f8c22eea821f6dc138b50c4320d8d4cf11bb3befd34579264ac"", ""5bbe0a2b0a8cd23997fe263951ee4390b08bfcd87ad3c314b9b031be27b94583"", ""6ab05e848e942985b00ffb042dcfecf921e72b29ae5ac8f2bac2b9c38c942735"", ""f72f02c2877af90e2bba7861b256e065b5a7b71661467024bb2f72a6e6c0d0fb"", ""1e256b637f631ccba5582eaba9f60e96684db84eed8f33a913f7b8f62f60236a"", ""b8b5c957174f6485a970daacfdaaa1eeb4f725a4ea6219b955defb230aaddd92"", ""a81ac907fb0630009426ec5b39837f717457397296ff640906cc1adfbef1eea5"", ""6277247545f96ef2b74115b55ed3edc0c16b53f550f531aa749b58ffa54ac88a"", ""409e0cb56795b8ffb6ee779ec971dd79b7c75651abafe08582072d03aa3f3bae"", ""b388637fd824a4f5ded9e0050407d2db6fa70e339a9b6888251872d680a330c3"", ""8ca9e430bad2aca6dc91a670df81726e5a3b3ab40d1614ac9a21c180f442226e"", ""71565711a1ec896c973d42f43283c007054456ee450669e07f469e8302ff1769"", ""db0e396daa4b9ac816421835786ad0ebc39933043a70ed7d0c895f7d1d274de6"", ""0e17ba096e41e4cfce13b2165247b019abd34a049c47ea217efd94bb01e66787"", ""a09119989660ec4b8e2499d8db25f7047e446ee718f633d399fb4ead708ee9e2"", ""a68b2c9218917c451f4171110a1ca5e759913300ca3de7a1765d0e6653c2751f"", ""25fc9b5fb55e0e3737ea380a7c38889a73f0eca2b26caaf5e3df3312c909539a"", ""63a3edd8d73ca518e113077e932492df18b99be47d3931fdcab880a9e8f91a13"", ""7618f09dd81e0d894941b8703105feefcde236a817a0f29850a33b2682f1b7d1"", ""9fb3e9ed63d36191a30985285abcaf8520209cf2722532a50e5638d0335ba82e"", ""51b73d48fa4baeeb02f08456b9c86769f88bb85654af560f30101b1f4da893eb"", ""f208302e92e823a10206c9e2a13cad9a6f7d47dd5e6e01acadfc57a25f4a82bc"", ""1ae53760f67134d57ec0cbfa4789e5deba34cb0bfb52e07bb43081ab38dc2a4b"", ""6f99c7de79f3828e24077f28c298452bdaeebd203349be64553f049499e7e754"", ""328c00eaaed06df93943e27bf0f002b1231e2cdd614de53a61ea106a8384ccb9"", ""ab9fa066b214df42dc2f7538aad99287371c9c5a6e6f28c5ca39f1bdd9422dc3"", ""20b73597747477fbe40148917208ba983060bf8dfa6e0f724328d5deee49e569""]",bcae096368ff5568a67644ec23400cf03fd2dd7dcd582210d0e5bf2864b61597,yt-dlp_public_source_no_browser_cookies,external_private_cache
g_5a68216650309e8b,instagram,candidate,INSUFFICIENT_EVIDENCE,"[""exact_identity_or_complete_set_unresolved""]",2026-10-09,71.816463,True,8,"[0.5, 17, 17.954, 20, 22, 35.908, 53.862, 71.316]","[""417fedc2ad65e9249e0bb73badee3cef1aef7e85e1ef8ea2db40822cab8bf1f3"", ""72972826320b8ae99c18bd24cbb22c92c9aa26594c209bd98bb9328aa4098fcf"", ""3b22b9fb8b26402c4b74c3ef88ede2b320665c1abca46f424c3c9828df686f86"", ""63147ca56357f9c73dcf78606e0d0ed815246ef0f838d5edd6c8aa997935f2e8"", ""ce24865695ac88896752ead59c1f69a11296ad7d997727336a37ee33d34cd435"", ""2cc0a4df3f6e1964f831cd0b099b69b032535c86f354336cc5e1f6086480bd42"", ""17c1de1192f98deaaae8956f4847db28147fc649a31d105babd55a7b1532e85d"", ""63918038e3b4190fe6a16f60c96a44193afc5f1a4913310df15d52fa5842a543""]",81ddd45c849a58f7eb6133803ff99cd2b447af419674dd3e7a98c99164b17588,yt-dlp_public_source_no_browser_cookies,external_private_cache
g_628816436644d330,facebook,ready,READY,"[""full_timeline_review"", ""independent_adjudication_agreement"", ""hashed_visual_evidence""]",2026-10-09,74.311927,True,11,"[0.5, 5, 15, 18.578, 26, 37.156, 40, 54, 55.734, 69, 73.812]","[""02a4a05d26fcd579e595acd0dad7ccb5fe73f0702976c3e3c8f26fca1c419ea6"", ""8577d685178fe55312d8b8b433b7dabbc5e89f189c3aa205a05b6c8a3fc34f64"", ""3f2c6939dd7bce904b2af9e0191d797625803e623581c39fe2d2f9383f314e47"", ""8e105fa5caac89450a8164bc2f63546bf2a76ac73853d29ab69c32eefac25f66"", ""8ea8dfbc04bceb28838ca327a267d925ade979f4b18316df301686fcbba70bd3"", ""2d5465a75bf285c3cf0cd75e3c1782847a2448e1dcb3e906104c70a289b4864b"", ""7fb002686486df4350f5fb191dfc03f9f37fd031f81b1a6087cd8b3f117c17c1"", ""e1e06c1100cb22c455efd379292060c70030c8ab71d98ec8c238d1302333e0ab"", ""c705f516d64f9774e150576c57539656c6b428d520dbc551ae30bc65d57994e6"", ""03a81e7198bbb9941b4185c619ad8bd876656bd380a1913d4a2528c34d2aa429"", ""32b9e07d99a54cf10d8317284026df5c53e23ea7752f8ccafcba7fe5504fffd9""]",a4f9e5847510f3fde9f3c2e1b1aec0498bc7037dd87f6ee46f2dd2fd906d0368,yt-dlp_public_source_no_browser_cookies,external_private_cache
g_65ab0ed6c9fa0f60,instagram,candidate,INSUFFICIENT_EVIDENCE,"[""exact_identity_or_complete_set_unresolved""]",2026-10-09,8.424535,True,5,"[0.5, 2.106, 4.212, 6.318, 7.925]","[""008c2884da36f3f358dcd78e99ed4425e7227593c78f5b0b55682caff8fc2116"", ""1ad93d3b1b628e841e8930d248ced57d19df7b6e2beb44984ed416d5af310d0b"", ""e629bc971b47849de21a8ae0bf631df6adb3986762fc23b9610b7e057ca3ad1f"", ""80060fb319ce0ffb36540a1066c1187069b833a0d2031d055f6b74d9a189d33d"", ""90e7a55af511fed966b3d8bec40c88f5d8c3e0c30c2513ce384b34d9a76b804c""]",2744cff2e8a9f2c6326bf434e788996d78f23ef065186489c5eb1995947146d4,yt-dlp_public_source_no_browser_cookies,external_private_cache
g_68cc3d99cca3cb95,instagram,candidate,INSUFFICIENT_EVIDENCE,"[""exact_identity_or_complete_set_unresolved""]",2026-10-09,10.306803,True,5,"[0.5, 2.577, 5.153, 7.73, 9.807]","[""f89e12692fec91d53cd5c5acf76f29ce060e0e36afbfd447982a1eff4d627b5a"", ""92ca4ef2d9efb2ee00d53d27f9fc3896080edc0f5d3ff684823f23fdf69d27d9"", ""37472f3ee60f2b21deec16c747860be2acd5ea527fc4dd858e44c4c631610d97"", ""0224d30ee146fab4d0a4d0e2a4e200dd0c2d68e8d8f6ac772752654152a1a735"", ""a697ca60e61c75f34b877ce20196201d079a549147b58e6a40fc506f231e0f2a""]",19be10e0a48003cd08d9da66ae284802097475e058ce311ff24e729da0755cd5,yt-dlp_public_source_no_browser_cookies,external_private_cache
g_69a340c407e377bb,instagram,ready,READY,"[""full_timeline_review"", ""independent_adjudication_agreement"", ""hashed_visual_evidence""]",2026-10-09,37.011202,True,8,"[0.5, 5, 9.253, 18.506, 20, 27.758, 35, 36.511]","[""44640c41a8fd906100dedf7c3944c172e8e7aed4dd554588100f3f736d4b4f7e"", ""c4d5ccabaffc5b58a2632eceaee5769e76854c863bb6168c8070c0e02a98d1f3"", ""17beb833b94d6e4ea62b2fcf52d8bb7e375f00a1d7ecfcc55ffec47c9c456781"", ""7389726427eeb8bea003ef74e01e64cc427fb0addc43f18e8da8d301948d912c"", ""fecc73c7dee57eec2f308ba13d227d0236fc99ef89f86c98c45ac654aad4b96f"", ""55cc34c074b907b7f408b4e8f0bd3997d6b821ab5e67fbef2eed776b6c4ffa31"", ""201990f8695d59df2cdb756037fa8574c616e87c79df1237805399958af22317"", ""97481e282541a523630d635b2f8b9e707bb09548958cc4f8d582fa103b166019""]",8403f81ec45ceb55257ba812cbc323eda99fbf2eb55197615fba8da13109121a,yt-dlp_public_source_no_browser_cookies,external_private_cache
g_721a00d5e9882dc3,facebook,ready,READY,"[""full_timeline_review"", ""independent_adjudication_agreement"", ""hashed_visual_evidence""]",2026-10-09,16.433333,True,5,"[0.5, 4.108, 8.217, 12.325, 15.933]","[""faef4fc72debc103648e5470f35f2e3a4798d9860c6415319ae3778e0723d187"", ""c49b911b11b7edb8117604e9d7990a6709c342de3874dd2e2f6583137650e146"", ""644fd10f6a70a7c3f671ad4d2fa66345ab614e0a1cefc07ec0c34ae68d420ebf"", ""569d79fd5711bb13dd1c0edecde87b10818b480a5e5fee5fa8c06c3eeab09652"", ""ed0be451411a18629bf5f5287dd530fc0870ce007bcf40a965571cf55f9ccf46""]",2e9fc05494b6f43f7b07d964ade4c250f7bc93281b66112a18d5d780e067951a,yt-dlp_public_source_no_browser_cookies,external_private_cache
g_72bdc7d7bca57cfd,instagram,ready,READY,"[""full_timeline_review"", ""independent_adjudication_agreement"", ""hashed_visual_evidence""]",2026-10-09,18.735646,True,7,"[0.5, 3, 4.684, 7, 9.368, 14.052, 18.236]","[""8fcd2fd22510b020108c7042db16e3725e82e9b1d4e9f6890afcfbbbf44e4c5c"", ""ee16cd800f5bfbf291d1c97ff0113541cbdcade6e23a2490207ef3d750f04fe8"", ""0d63c7b22b45317d8eaefdc1055d2717265155294889f68aca25ccb333ad3312"", ""adbba7840906ebf99448448390ab978b6fc8ad5782b72c75c20208c8085eb67a"", ""88bca2fa9aca60f0ae19c19ec02d7287f16f0bf589d0b887f6028ed58bff3f1b"", ""5761747c306d831682655d212149ad647c3ff8fbf9c5d0ee2036624222ef4b88"", ""74b3d89b9ec94988da0e5ac713d3b242e1510a5fbeb0c19e9ee33ab3af8f29fb""]",0fe0e338163c1cc268d6ad9549e15feca8f1b5edc39eeb54c983d6f23285903e,yt-dlp_public_source_no_browser_cookies,external_private_cache
g_73b60b55d34d3611,instagram,candidate,INSUFFICIENT_EVIDENCE,"[""exact_identity_or_complete_set_unresolved""]",2026-10-09,8.704626,True,5,"[0.5, 2.176, 4.352, 6.528, 8.205]","[""cc086cb036be81c969d61b1f79993fcd79306789a41de37db2c0a218f19b2582"", ""ffe24c6c6381ee8b0573732ffc509ac7609f56323097245cf3cdce2f4e2d8316"", ""37326581864155349041df3dd52a2e1e4357cc33b2e2364af754c9aad0a6cb47"", ""4c375965e83f1b1ffcaf87147970f8e380ad9e8c9544b70af0caf8176c564f43"", ""2aac9d1dfc34f0d64586e016043b9f8f86d7a8a07336292fdf125517f89052b1""]",1a16ede202123135455c640dfb45454e10e9b7e462dbeb5cabec7806d1bad2b3,yt-dlp_public_source_no_browser_cookies,external_private_cache
g_75c2acbb24aea095,instagram,candidate,INSUFFICIENT_EVIDENCE,"[""exact_identity_or_complete_set_unresolved""]",2026-10-09,6.333333,True,5,"[0.38, 1.583, 3.167, 4.75, 5.953]","[""b626d4fa97c46e9dc48369b7280722a674586a793d2065f022e95b604287cc01"", ""50217af50c5c30c26ba79743dc8d7590e587fa6c42fd2b7205c0fb19e33bd732"", ""dd173ccddc84145023fc11e5c3d48b8c5ff4c0b647ecedb1a7e1126384b681c0"", ""91eab02ba340b7c996a03eb1e807b4806570fb4ca95a2782db5181497c8c80f0"", ""dcd017d6df7804944775f06c53327652f06ee8c5481e9b3d4fb4bf42d0de7150""]",ac35d61b1685d702dcbc3decfe2324d6fb5d7477a618af0574ab120f3f445ec3,yt-dlp_public_source_no_browser_cookies,external_private_cache
g_7cbd2ab8eca847a5,instagram,candidate,INSUFFICIENT_EVIDENCE,"[""exact_identity_or_complete_set_unresolved""]",2026-10-09,7.380042,True,5,"[0.443, 1.845, 3.69, 5.535, 6.937]","[""dc0802c3865da7f16fb10925ecab55017a0728ef9a9717edda69c4eb6e3d3b12"", ""e54eceb1654d5f89976afbcbc248dccd58b70ac76f1580d3f775792e3b043f09"", ""2590c835d1bab39b9eb5ccc7bbff92283dd46475e20acc0755f295db76cab5dc"", ""22fa735fd2be68de2f56444ad062e03f22b2a11e9b8de89c3afb8a44baea6406"", ""098f68eae04236433ae2ba120f84c9e8ebcb9f9f5b54f06961e0ecf2624e8a3b""]",600c0ce2d55760fb29796104eaa641581f5f074a17dc63d84edb9e4a606f22a7,yt-dlp_public_source_no_browser_cookies,external_private_cache
g_7ed1d91c4c07fff4,instagram,ready,READY,"[""full_timeline_review"", ""independent_adjudication_agreement"", ""hashed_visual_evidence""]",2026-10-09,6.35941,True,10,"[0.382, 1, 1.59, 2, 3, 3.18, 4, 4.77, 5, 5.978]","[""caf7a99e27b13297c76bc52d004bd4582eab0fefdfb8f3fcd0178d76e5f3868d"", ""3fff6f3bcd7607eb7c15888ebe89d47c52ed89efbd059eceb9e78f2a9e5ae627"", ""7767f4f4b6f6390db83f36689903cb22e5b20f10d021ae09895e677355b06e97"", ""83b310b6f9105e2270959c33b1bffbb1be91b3eda88bc6780c86c502a393f4b8"", ""eef63c8d82648bf6d6f343f38774579c9ab23679e72147f0e7e7e80cb8e6a936"", ""c35051097ebe20a9af71d4498cb4f28704ea1cb17d88d49fe65299b857ef47d6"", ""3f8ed0e8063da2e08cdfc98ef404e4c7136725ebfda01b4c05d8508344c9b5fb"", ""c210164c363078732a7910cad5dbf40f18709102977507b2af71be9a2ec6b038"", ""bcc585cfbec0986731fa1038417c30cedafd7a3747b1d1f912cab8d96e1c3120"", ""f089da20ec60045538a9f3465dc59cccb8210c55b3629869dcb7c4bb53994228""]",0c1fcb726a9e0055b8f6a1d5fa83487a41ed60e489874c2376132764d9523deb,yt-dlp_public_source_no_browser_cookies,external_private_cache
g_7eda74930acd7214,instagram,candidate,INSUFFICIENT_EVIDENCE,"[""exact_identity_or_complete_set_unresolved""]",2026-10-09,12.094739,True,8,"[0.5, 1, 3.024, 5, 6.047, 9, 9.071, 11.595]","[""e49020e29f14890ffddc689bd6fcb2c3e580a2c8de712dc658cb091af97f73c3"", ""e72e50d219276ccab4105f9e2ec38a69369f2bb2a64892d1ab6c1398f5808069"", ""db867b114ac2380dd0222fb38909237f412c36e9fbdfb8ddbaab1910bcd5a1ed"", ""b1b95daf94fe27effedcfbb2eedbcfed24dc393de6ad9c45ad5a1f9b9f5ecb87"", ""3895bdd8a182cb409b9f63a574acadbd7a53f6ff2014c7051c5781156a8c6e0a"", ""cd87ab137d392de205a2e4e4f1b9a0850397fb83ad2b99db5193162546174208"", ""f97449ba84488f52318b3482785b64da3114bbffcda10398f78f9ff2815d6c31"", ""843c3c385344080f69d30a79cff952301d619a649b1f8378b2b7e020789cab88""]",12d516dd4e56b0bfb83eb6470315acdaf8aff303ef9d4e48bb273d41aa3543cb,yt-dlp_public_source_no_browser_cookies,external_private_cache
g_8068627a5e7aedd8,instagram,candidate,INSUFFICIENT_EVIDENCE,"[""exact_identity_or_complete_set_unresolved""]",2026-10-09,26.746531,True,12,"[0.5, 1, 4, 6.687, 8, 12, 13.373, 16, 20, 20.06, 24, 26.247]","[""871612904c032da14370ee12c597c2006c17b4e3ae1d0348f4f1f0014adbe193"", ""2d87d4c3be8f0cafe7692195de4812f41f94e65ff165d25c137d2509ce55ee87"", ""5fc78702af13bfa46e3c5a6cf0b0baff1a8ef539bec03cd44a66565b41d070a8"", ""f06289ee871b35422775c765b3bdd3e960f1da609a7606f923cef8cb3ac06e01"", ""c0a611364c65567ccffbbaca2e6fb00a4f227b6485d02ccbbe88c7679bee26fd"", ""1781f0a5e79f983b92efb63bb6030e14c390ff74a13eb1408f908d03ac9d553f"", ""182709cfd82b691c3677e46afd1108562dba6509666d58c7f906724a8c494a7c"", ""90403c899a33db87b1ce90857b7e2f58f9b56e73a2b40068270921249643b859"", ""8309baad4d6d0620712a4584d52fc7694ff23784b681566590b0ad8e9472f6e6"", ""1a3d159f736f81e272f3431180c224e158399583e245c3a91a7704f7edc5dd41"", ""ae1c6c4e61d64a5132d2f1f96ef3339cfe178592674a291c389a9583757c45b3"", ""00d3ead72f1cebf42a712e33ea70c293970df8c1b361be8894eabb9a36e03c9c""]",a28442290418dbfdacddd9163e0f88996d281935bbc6e85b7818496610cc7ed9,yt-dlp_public_source_no_browser_cookies,external_private_cache
g_8390ef601db2f5b0,instagram,candidate,INSUFFICIENT_EVIDENCE,"[""exact_identity_or_complete_set_unresolved""]",2026-10-09,11.049841,True,10,"[0.5, 1, 2.762, 3, 5, 5.525, 7, 8.287, 9, 10.55]","[""6af7febd7513daf8393d7a3861f7b5bf02ad824b562a49be256d162a914e279c"", ""d74799a46aece9175223a81d6ee4822e6488c490be26b670313eb93e8e3a7a4f"", ""db82a755994a60841276f315008aa7ba905741d08551e19e7bcec7951589c222"", ""b2a32784b7a3a5f393bf01dd4303c3a07b23111e24bc5875844792c700791c68"", ""3cf7f2728e67dc69b877ba3c85a9bac0a65cb8ba4ea3e8d609e22ae36067bb96"", ""d6cc9ab864c650a656e0af4e7df690ecb47b44215655afd6a6f2d426752097b6"", ""de7f8087e9eac52a8d8faa7e6c48a261af57a1be5456b407172df22e3e7f9042"", ""e5f499813ff0d2fc93e79e1915bd72e19346b5a39460c08dce45b1c26c62d5cd"", ""cbc56bd05971bfdc8197bece6b92a784e07c0ef7311638c859082570cc676be8"", ""52e9efdb89d5092e14a0336f747c29f5f6a7c487a124e6a072950d66a9b58375""]",bbb96d68e26ec4bd5de81aec636ccc6b35864cc15e4b34cdb84123d4f890fded,yt-dlp_public_source_no_browser_cookies,external_private_cache
g_871c0010a28dc826,instagram,ready,READY,"[""full_timeline_review"", ""independent_adjudication_agreement"", ""hashed_visual_evidence""]",2026-10-09,9.424444,True,5,"[0.5, 2.356, 4.712, 7.068, 8.924]","[""344ea9f5a3c494654726f99a90307dce2effbddcf877380c1304811e54879fb2"", ""8b29bd0d67b49806dc1d92512591f5da1affcdab7f70e8a7abcbd963b0cc2320"", ""f8c1604508f49fde2280cc4dd58650245281b2313b8248c35f73861902e963cd"", ""e282681043d2aca7318586e6bdedfb2a8ff3b8175e06dbd5aa2e25955cf8fbd2"", ""60f7d41cac57fee74f9409ed491eabe1c87ff083241844d740f2168cdeb2f242""]",1462db6683c3f8022224931183383f36709550fd696d503d3f11f5cc590781cb,yt-dlp_public_source_no_browser_cookies,external_private_cache
g_8817a2c51b73cc1d,instagram,candidate,INSUFFICIENT_EVIDENCE,"[""exact_identity_or_complete_set_unresolved""]",2026-10-09,14.929025,True,5,"[0.5, 3.732, 7.465, 11.197, 14.429]","[""8deb1767d6de17b95e50f6520115eacbca69b37c9c10655332370c3b45571705"", ""6a05eeba68566eb5604b9f0624a89aa4f64ef013ebb0e0b15bc05316e32ac9e0"", ""c1729cb1f7a5f46d9a729847b2b20dfb44760273be16079798b1b0ce72c9b55b"", ""3f205e5c3ec72573a5a3b4f20eb5a576e5b20117ba1d2f6ebb82be591ab7b4c1"", ""206b895f84b70f8a17ff0c7fb8cf7d64cbb6c8317d8c09595ad8c7203ab71666""]",4dae53dd413d53d5d85b37b4939c8f2c5c17fbf724832f3e7e6630c1c0b76c58,yt-dlp_public_source_no_browser_cookies,external_private_cache
g_8a7c557963f748c2,instagram,candidate,INSUFFICIENT_EVIDENCE,"[""exact_identity_or_complete_set_unresolved""]",2026-10-09,7.241769,True,5,"[0.435, 1.81, 3.621, 5.431, 6.807]","[""b5af4c9fc388fa0aef170390fa0da881d8721a622e5ddc3d8b7173bcb804f950"", ""cef79243cb8302166522cc9a81f9e73c60098ab1ef679bb6d9034c10f170cc1d"", ""2d5030e52ab33decb97033601ddfe66549595ef0bfbd16cefb55273ac6f04cd9"", ""9e2b6f4a7a6bf3482e348f07290430dbfbc03095609a3824cfc881ed96b85d2f"", ""37122c608a71277f08157036fa5a62893352b268d5e0f79d66a89851d77ee442""]",1e49d21c0300299046b8a5d0f9e2c3d8ecdf0a64f0786f194343feaf5a809a50,yt-dlp_public_source_no_browser_cookies,external_private_cache
g_8c81a2995b818304,instagram,candidate,INSUFFICIENT_EVIDENCE,"[""exact_identity_or_complete_set_unresolved""]",2026-10-09,12.814558,True,5,"[0.5, 3.204, 6.407, 9.611, 12.315]","[""8dc9c8b7c38e3e9fd46266f95c9d15f1b09612acf8de1b1bb8bdbb6b95975775"", ""d9b785b5b193767110070608bdc03130fe3673590a2bb8aa46c8081102579970"", ""76b920b4826ef2c426f5c36b63582e97487be8bc184f1bc03e813078ecdd4354"", ""e7ee0df85db684f4f7b3cb2cb8a0cd4c2da03e197f43b896c8ef32a04865c4b4"", ""8e21b0f16343b21e835a6e76902f6ace075c828a455c9d3e5251a13ad8f38072""]",c0593270a74d427d9de41619ed72963f500da51416b666adb0e8ee4dd343c1bf,yt-dlp_public_source_no_browser_cookies,external_private_cache
g_8f77f60c6cd2698d,instagram,ready,READY,"[""full_timeline_review"", ""independent_adjudication_agreement"", ""hashed_visual_evidence""]",2026-10-09,8.797506,True,5,"[0.5, 2.199, 4.399, 6.598, 8.298]","[""3b3b45497a745601be028d86ae76b005ea4faf738e9ece5018d301560bda9f16"", ""8ae91b7c974196f0b486cbf1da4767297981ceae00fe7118534c9b1719a8a289"", ""a68815196995d1a726acf56ba0de7218a24bf7f1c04d9f1c37d5f9af3bbb7a74"", ""c4d0e7073b3649d159a2413391bcc35d11afa32b72cd061a80f063e893f0c919"", ""3d26da7e833880f13151ac3134710a07fd5cb6d6f8a6e7e7a35753b827daa40e""]",6acae6ac4966fde97e5476973b98d30140010e3cc2ba3543828805454cfad359,yt-dlp_public_source_no_browser_cookies,external_private_cache
g_8fa7686afb4197aa,instagram,ready,READY,"[""full_timeline_review"", ""independent_adjudication_agreement"", ""hashed_visual_evidence""]",2026-10-08,11.6,True,6,"[0.5, 2.9, 4, 5.8, 8.7, 11.1]","[""ef5fc41f4edf1db33d37fb3df199a0e2778e68fe137715a04189c0108708b761"", ""5a935ea3ff0f298d2608d839f5604d7ac247ccc521cf3f812205777a468e8c54"", ""a4822f998245798fb0ff863e5760efaab68c54fbeaa3167ee6ee04e3e9a0762d"", ""5346a6e97f9617e54c75ee274dd5ab98735e78beefaf5805f8795acf1edb1054"", ""cef892f274851b672ea50c76bca5417f79cf746f0bad02cdfdb29d3e6aa1724c"", ""0faabe3ffc7b72c9e06d613b294d924648bb38407a98ebb0706492431089aac8""]",a86553a204c2f151e83fa328a07ff56a47cd7e8a162d4ab892bb1e5251915d22,yt-dlp_public_source_no_browser_cookies,external_private_cache
g_8ff92266c08cfa91,instagram,ready,READY,"[""full_timeline_review"", ""independent_adjudication_agreement"", ""hashed_visual_evidence""]",2026-10-09,25.864172,True,5,"[0.5, 6.466, 12.932, 19.398, 25.364]","[""f68186375bc0441434bd5588c819266d19e31e0196dc9107d63728d13645fd93"", ""1aee8bf6190f7a730753b186bb2477c6b798c879ba72d530e0d6b1959efe0b3b"", ""019c3a3f989efd2b63f89e25abba628c078867e7cd5827497b9cbc639ea8678f"", ""350e15e8ea4dbb9ecf8202f606d487a4912324f1095dd5234a689a26654d4d84"", ""382baf1396e06b75293bb0b8b4d24fd39f1204a16819e865bbd399215f370bab""]",8c8c7e018c521dd6eb76be8506a29262c098ade480b775dc1ab1c752ef5911b4,yt-dlp_public_source_no_browser_cookies,external_private_cache
g_9757b1e96992116a,instagram,candidate,INSUFFICIENT_EVIDENCE,"[""exact_identity_or_complete_set_unresolved""]",2026-10-09,9.122585,True,8,"[0.5, 1, 2.281, 4.561, 5, 6.842, 7, 8.623]","[""24fa9c056503b44e4bcc0a8990907ffbe6bcfc802764314613bcc23a86b205b3"", ""e31ef63fef26fd6412433a27da6118978c022c5a6ad87c13221b09b502e3487c"", ""d68d4da6d399fe0c28d858bac9dfb84043dacc3d4f19c3421796b960d2f396e4"", ""2a4c500ec465f00f5ee210e22585325fd1fa5defd47b7bd5d716a836180c9be0"", ""ddeed200b4384d1e98fc0d870872b5e2a72eaf4bef47e1e9df5e5aa6fe1db17d"", ""c9ae6f5a31024f365da442c7eb710201760c2f98f7c7227167d0e50887701b85"", ""97067ea5826068f253d32b94a9d29072561eb253347949f47ea1de7947364e72"", ""ad8ba36a3ca3028f98d7ede522ec448992b3c172d65e539a44ce09afeacc955d""]",35085f0675537932ad8b51aa3ec8823583fcd08d7e09a14f2d9e43ae34421496,yt-dlp_public_source_no_browser_cookies,external_private_cache
g_9dc9c68f6d1303ba,instagram,candidate,INSUFFICIENT_EVIDENCE,"[""exact_identity_or_complete_set_unresolved""]",2026-10-09,7.357868,True,5,"[0.441, 1.839, 3.679, 5.518, 6.916]","[""3a4867cf4e4840a260e5ffdbdcf0a841a3b346feea55987e39a84082c6ffd5d6"", ""0f2008b68e7af012374bbf58e702a32d054246dbf36ea9739cb9af43e2d74eab"", ""8f78ce00eeaad8a9c9213fefa3f351dad67dab1831ceeb8eb1fe938e6fa613eb"", ""88b8fcde6f154cf782321e395a53887c7db0dcdaffa0a578638ae502e1d883c8"", ""144d1f51d7009fcfa9d5f2fd7b4f3d4747ca0b6b9c5b59c81e7279c2b60981a3""]",921dfba94713c2c4f1101f00208b55c54b80b4887b7198d3c7bdd5347ac8c7ca,yt-dlp_public_source_no_browser_cookies,external_private_cache
g_a598b63e7937280b,tiktok,candidate,INSUFFICIENT_EVIDENCE,"[""exact_identity_or_complete_set_unresolved""]",2026-10-09,66.2,True,16,"[0.5, 2, 8, 14, 16.55, 17, 27, 32, 33.1, 39, 45, 49.65, 53, 59, 64, 65.7]","[""75bec1249b21da9332a74901b3ddc5aa0ee55ae8036369ffb3ac6f1379b8d207"", ""3f1efce2a6cc85e8b1030d565ece591ae2160f3d8eb0c4ea8f232d6843caa747"", ""9b4e03de0d285fedb47e0c6ab46018faaaf930b8fc9c7bf6420a3aa0a3b55515"", ""1bbf167f9fadcac808fa501afec01d53b82d4b5f168b489c0232254d6694b686"", ""600ea6998eebf8da56ec30015e2551f0e43e31d7d85c5dbacf1cd748f4201fd6"", ""719d195ca0798d2a3ef977e706a307c392df30039776b5e0f7bf7457bd96a598"", ""9f4881e8a7102f6e2c868669b3df9179a40ebd9b55bc3a710e800f2e34993bcb"", ""2f5640054398e627e7b9e33f9ce755c6e0a51c6337d673b768841e984547b7df"", ""e50e611b3b164e8afdb171fefa76ed0684e83dbbfebb44936ba7cc506e85d8d9"", ""a650b9d88f039454e1379ac7961f44e8b61f2e7f47ffa40f9c08b26fc46910fd"", ""1f55ce6f216b45bfdc90c0408a211baa58286921093ceadaddc7dd82ee7e0c37"", ""390dce485e36a84c36ceeec004a49eba46cc4704a3bc12ac3db12d06438f77ef"", ""25beff1b90d1298d1a4263f56fa84c2cd87a57bb5ee9eb61df86e7476d98d3ea"", ""3291ffacd7dcbfac3088dffe964b792d4f5147ce39ebbefbce3cacddc598744d"", ""9a7211998c8e2fb5a29510e2ea8e97864a19cf19ddf8f9a5c7dc508545091ec8"", ""fee3a33393da0e9a50b70d9cf33e9314d0ae492825139e96edb184c50cf8b99b""]",c831fd1b4077a242c8b80f62ca196064883ab604742740305994abd997c8cbfb,yt-dlp_public_source_no_browser_cookies,external_private_cache
g_a7d0dd811cf7da55,instagram,candidate,INSUFFICIENT_EVIDENCE,"[""exact_identity_or_complete_set_unresolved""]",2026-10-09,9.029705,True,8,"[0.5, 1, 2.257, 4, 4.515, 6.772, 7, 8.53]","[""25a91b849926dbb6af3f862ee6f58593eb57dc854cf8fd92cae15d22a9e95e00"", ""a2f704a5a8e4cef773dbafce91e7804b5ccb13fcba9ad889700c00ab24de91f2"", ""9b379ee21b11db18837fbd53df77f868ec6da4e127a78e2ba740369bb8ed41df"", ""a431345d9eb00f50ff8912ff87c7289df578dc034f79a1984838ee982240dc26"", ""1054709f0924edac61df23553792176be40ce37d3387a5666cc2e140a49ebfd8"", ""46d5aac87aa2173e1ccdd3ff5ded066982d6bb68b0f80a634690a182ede4fcde"", ""415f2acb02a8955a45ae14d0fc80a10ac35ef56915c99c60548cf283d9b07ffc"", ""e665112ade769fcaa4c28fefb5ef35de2ab62869f8c5920d7f72661692dd5e7e""]",ce45ff30df1eca4ce832dd63a3b881079115f86b5c8e9f5f0629719da0be77e6,yt-dlp_public_source_no_browser_cookies,external_private_cache
g_a942e403ebec9e72,instagram,candidate,INSUFFICIENT_EVIDENCE,"[""exact_identity_or_complete_set_unresolved""]",2026-10-09,10.631882,True,5,"[0.5, 2.658, 5.316, 7.974, 10.132]","[""d211c4f5649a540e8a915281478b4092ec47320af8dce40ca2d2ac676f517682"", ""a9333a0b8ca422cd9ab1467269b9d57c3033c1b4998876de5f40925a3fc1558c"", ""973031d6aa21aec7bf438aac95cd7dd09711b0008b509d844cf1b19dff5aa438"", ""87286c6d2ffd2878b616a5b27973f89eb52fb0e3c286fb571ae406ef35740715"", ""1eb20e67f249d6c8b4edbe7c49d89a241ab0c6f0c4f0d49da810691f4cabef3e""]",5fa9d657594358e8660d968e7215ad28bd6a8d845c45b66b08fdcd1e4aa49b32,yt-dlp_public_source_no_browser_cookies,external_private_cache
g_abbd0e4f6fcf1f6b,instagram,ready,READY,"[""full_timeline_review"", ""independent_adjudication_agreement"", ""hashed_visual_evidence""]",2026-10-09,14.142708,True,8,"[0.5, 1, 3.536, 5, 7.071, 9, 10.607, 13.643]","[""67e31b11984da24bedbcb9a2cc822e0a1463f7bac4ba4a69f4e8b46e6ff8f839"", ""782489ad2f4a2ea1794762b01069c40e90666056db1d5f1d95cf1f2e781087d1"", ""3bffde0b3761de38a988a67f751be31ce5601e8aafc11b4f50aa86b95128774f"", ""f720d0ab812ade6b66afe8132fa044f31cca1740c1672414e401bf3d419d017f"", ""f3ec15157fc41f2fb62d1e475329eb931f5d68064c8653b81686605c57e9cebf"", ""85a45670c75ff0ebc52a59765a0d0485fa072eac6cf5efa15c9137f3616077ef"", ""f2ee96eaec3eb19bf494cd61b06a7ac71e617ee5a65346e2514251cbe2d4d68f"", ""2aa53bd028849161847472e8c66cfc017e4db85e7835dbe2f473c7121658f851""]",f1f9d63b5f03eb3241a9c40270ada250d77f31a4fefc792070dc7e21575b794b,yt-dlp_public_source_no_browser_cookies,external_private_cache
g_abe06315806a69b8,instagram,ready,READY,"[""full_timeline_review"", ""independent_adjudication_agreement"", ""hashed_visual_evidence""]",2026-10-09,25.771293,True,5,"[0.5, 6.443, 12.886, 19.328, 25.271]","[""2098e290ab9cbf52a6234d30a2638199dabbb6c97c993a58e87ff6ee832aa017"", ""e1b5d9896a918d5e7b1e6f335ef8def9418fb98311ec15eaf4d94d483b70c38e"", ""216499e2545d1ea24e11ec82ef6b351a003f4ea82c57e4baeb632bfeb5389895"", ""5fb1a88a8a62a3003c12403d22274607919ee2650baae4fe5096888935da7a12"", ""391c9acb5fcebd818c0f65c9ae1c007ecc2a35d8fecf13ac874f56358d751a68""]",a03b8c48f70eaa3881df9ed7a79955a78e565cb8ba4f2a33673bb3184957be74,yt-dlp_public_source_no_browser_cookies,external_private_cache
g_afe486a57b97dc6f,instagram,ready,READY,"[""full_timeline_review"", ""independent_adjudication_agreement"", ""hashed_visual_evidence""]",2026-10-09,88.55805,True,8,"[0.5, 5, 22.14, 25, 44.279, 60, 66.419, 88.058]","[""9bbde5b26a4bfcb02ef846ab01955dfac2e9457e96fb2947c2c2879d2ced3678"", ""e2f92c36af17fde76a8fb8f570b41dba309a816db53f04c3aa200347185392d2"", ""e19d5d86175e611e1da2265389ec560c84116cf1a0563107aaf76e9260fe9195"", ""360b154626f30a5b333d81ab327305a800c6515670f55eb2205e2a5a39c29894"", ""8f88797c4d112bbb2ace8ec698f66abfd0b76c40cb2f1217d2fa16082aefdcd5"", ""cc19b610c7f7bddb57dce040df239dd9cce061e177f1baedc9232721cd334d01"", ""a22ccd32df4f2b11ee45e4f45df56ad9aa0a64a6fcbcd5d8dea4c7cdc2731121"", ""f31bd458c3afbc499f487da13722283b7f20ea4f4c223514da3dee91283ac68d""]",0d4e9eeaefd5d63eb29cf4787c7fa9c0d7645a434a5d1d1e618ea322cb3c0665,yt-dlp_public_source_no_browser_cookies,external_private_cache
g_b02ce36a56b361c9,instagram,candidate,INSUFFICIENT_EVIDENCE,"[""exact_identity_or_complete_set_unresolved""]",2026-10-09,17.830068,True,5,"[0.5, 4.458, 8.915, 13.373, 17.33]","[""1c58331ba572e1c75ee15de2f3c929af51fdf1163fd5e750a8856a8491b84b82"", ""e1604f111eb0375834cba770053eed1c6d04f72d84d472952cc9db4b4d087d26"", ""19f760e5c4830aec60ba74ac3c6912fff7f868a0c5308cf78bc01b17c4f92810"", ""423d8959b842a2f5e95e9693856af58359dab07b0f797217f17effdcbd30024b"", ""e4c6d5b482c4e70176886f68b5e5e51adafd1081127e7715a2ce5628c9c36fdc""]",9c635a8ec5b84f9618fe7e75cd2449998810e4c715bd724a710086ee8bf5852e,yt-dlp_public_source_no_browser_cookies,external_private_cache
g_b07d64753aa44bb9,instagram,candidate,INSUFFICIENT_EVIDENCE,"[""exact_identity_or_complete_set_unresolved""]",2026-10-09,10.817642,True,8,"[0.5, 1, 2.704, 4, 5.409, 7, 8.113, 10.318]","[""34c6c3594468ad61eee9f2e77c6b5394211501a12c9abb96da1ae13cb2fb21a3"", ""f6f48e83bf6c5309c71684b66d349a99af6126d1d179553a39792e13fc5ec6fa"", ""738622bcb739894e9ec48c392138d707b13484d86fa93c50b5b18cf71b5b7cc4"", ""20e762f37bf118a736fe48f177b9e87dbde407f1cf8220a62d58082f0a2a40f4"", ""e68b2b801678e0c572414451774876f6e829b951ce29d8d41460f063744a1f15"", ""73cf6250a6f9b832b98918cbd154c622374d9728d99e2ab3b609a2bfb1ef1e9b"", ""59eb77b4fb29dc9014bc151aa674706461278f24a09d21677a1d40441167bb19"", ""84b57085fc543c61b79be5047468954722cbc530104183f13d16513e6aec03ec""]",67c13bd8e2bbb4d54ec90545df6de65acc96e95b6c4a17bb6e3d4c1214118373,yt-dlp_public_source_no_browser_cookies,external_private_cache
g_b5043553f7f33c37,instagram,ready,READY,"[""full_timeline_review"", ""independent_adjudication_agreement"", ""hashed_visual_evidence""]",2026-10-09,32.483311,True,9,"[0.5, 2, 7, 8.121, 16.242, 22, 24.362, 29, 31.983]","[""ab257fc2b307d1d96ac6a27046bb9f0b78aec4a65694eac367c6c83a8a66efbd"", ""11fb9794000c18a34e0d03dbe4d83b4a504e4c14f000ecb5ca37549efb626c52"", ""b11359bf56dd5c745e07a11b012c26bab4dc77702333a6bdf6c54e6eba9ddfb7"", ""8a54b6ae9066ed66e34a14fb4da9e86a9939e309a67338f533d0a4c679c3199a"", ""3ca1b4866b9f0275d666442d743613b3a87fe4ccedeaf245b028b777459bd1b3"", ""50ac13b519c43df6069b6247a1bf735ef11839a9429ac5f8feba8b26668aa999"", ""bb6f51ad0f9a9263231fd178330321f4ee781ddcf8978fe60e5a5161a13f0bcb"", ""41542a1866ff6878074ce7298bd5de89c7f5e27af45a154952c725f2dd99cee8"", ""0b3ac683d38bbcf2ccc8fe5c2b9ea4067f7215b201e7ccec53173b335a76fd6e""]",65d20225338e70657fc8a0ca8a7f83ce64600d8620ec9f064d739e452bd4f5dd,yt-dlp_public_source_no_browser_cookies,external_private_cache
g_b5b42b5a3416bdd0,instagram,candidate,INSUFFICIENT_EVIDENCE,"[""exact_identity_or_complete_set_unresolved""]",2026-10-09,11.282041,True,5,"[0.5, 2.821, 5.641, 8.462, 10.782]","[""d1e54ee7afc72cf2de5a78e85fbdd83fbbb61cf8a21cf6ec00bf2e4857195bcb"", ""3d7db88880ca557fe1ab10abd1fee9cd38f464d43f4a95feede330b195a443ee"", ""d9b62cfea08bf40825a0afb790f0364ad84d1549a4e5153ff9886bfbdafa47d5"", ""db57a8edf3bf00f7118076d8484c6a8937ecf330c6df7109af82a22edd9e7fb1"", ""ec9658fed7e610657b62bc8432fe046cdf8ebf739c1e6aa20ee1860e3f38c1a2""]",1b88f061f3f305d33b3e341e8f9daa12a40d1e0fd16fca9bc04c949794196f5d,yt-dlp_public_source_no_browser_cookies,external_private_cache
g_bcc58d5417a85c67,tiktok,ready,READY,"[""full_timeline_review"", ""independent_adjudication_agreement"", ""hashed_visual_evidence""]",2026-10-09,24.703991,True,8,"[0.5, 4, 6.176, 9, 12, 12.352, 18.528, 24.204]","[""75f6abf3dfa7bfd370b533e79c487f8cd008da6b5ab1c6797c73781099dd2cd8"", ""6ba849c813116b0633499c3673cfceac2dcdcddea3662341184750d6b49180b5"", ""f74eb4a046aef96bcaf55d18f40dbcedbbb4e467dc3b708d0a86d8ee2985b3f2"", ""64c0ab6a073c4dcdfbfcf87325a1a4d29532d6bcf6e096ecd50cc8b9afce399b"", ""fd2502d5384ac584db6f4f058da76ae1173ace419f1fd47c1989766de0fdd6b2"", ""a5d453bc7b4abdd571f1948dc3437e5f8953c6927b325bca048775fd3ebf2548"", ""fe75111d1e3cb56fea050521db2fc5afccbe7307029eed0f14192588384ba5aa"", ""7960741cc8b07dde98332a78a042b54f48c42a523ecc6fa9f6e0b5c9e3ae115c""]",2358b7ca38e5a06c775b5265f56d9d6fb3e76cd2af57236f3f4de5dacca38c69,yt-dlp_public_source_no_browser_cookies,external_private_cache
g_c4dc99e076dc478d,instagram,ready,READY,"[""full_timeline_review"", ""independent_adjudication_agreement"", ""hashed_visual_evidence""]",2026-10-09,5.802132,True,5,"[0.348, 1.451, 2.901, 4.352, 5.454]","[""82fb11663ca53706d6469765f443430a33a218ff70922ead3017078ff380bd6a"", ""02143b41a59be522cd7787d7cc874df85060ff6eb096f24e0e1b12cb12c50abf"", ""d321938b30883b7a2eb3d2b80ac72768628ea5d802ae93316703bf0fdaa7d058"", ""82a5d0f7b10a416a6968e457c7c0592b4170b471321c8919d89ee9adbdfbac6c"", ""2485f88de6b9e0822c1dbadeb4b9ae2b791529c2bfade17c192566fc7b55aa7c""]",828c8cf1976462b3614d58a33d70f38e24dad96614e42aa8f32da4416c3ded85,yt-dlp_public_source_no_browser_cookies,external_private_cache
g_c4f474cfecf7c939,instagram,candidate,INSUFFICIENT_EVIDENCE,"[""exact_identity_or_complete_set_unresolved""]",2026-10-09,9.122585,True,5,"[0.5, 2.281, 4.561, 6.842, 8.623]","[""dc837940d48ba80df09ac2ee4470fd53a697635959794df290f766d4617ae119"", ""fff6aff70da2d9cccf847da6fdf31b91208f915b6121e2116d649dc69fe8e331"", ""bb4239349dbb1c64b40e0b800840f606c65d18ea3c113bb25a53f4cb6d9afca0"", ""e776ea2135c424423d8d113f1c8cb511c327a42f8e2e9eefd02c87a938ddb15e"", ""834282cbb749dcf00c110cc99c889359f9cf456835d7cb60644baf04d61e288a""]",7ef456b1345870d2544265d4771e49abfca36f80e2b62850bb5be3da13e35ee8,yt-dlp_public_source_no_browser_cookies,external_private_cache
g_ca1464cc99eb6cdf,instagram,candidate,INSUFFICIENT_EVIDENCE,"[""exact_identity_or_complete_set_unresolved""]",2026-10-09,13.302177,True,8,"[0.5, 1, 3.326, 6, 6.651, 9.977, 11, 12.802]","[""11c6a71e7b939d1aa24efc2ffd5b1e23eac8a994c20b5eb3ed601237f805bdc8"", ""50d76ead3354b1a24c22d5d092ea16a0086a8a54b7ca94ccbaae509c32ee3db1"", ""db031f44365ad7a8713fa97bdd02c3ca036a5f8ec8125de7ce86cebfa148b2de"", ""37bb1542067e616f9a06c1ca5cf6f2a11542f8bcbc0c738bcae30850afd8df8a"", ""e88a5fa057d632706cb0bde8296b2cb9f42a56352334ab27b565d6f29b05ba0c"", ""da675291f3f4ffd754853493399b6714f44717d279d26920bd142d07f43bbc4b"", ""ac609c521091ea36423798142c55fbe3f334ca01da8002ddd68b193be3263c1a"", ""1dc79ad83aa5de25646be0043a76020aa1f7cf08154ed94fb399a7498d503c6f""]",47717c90acc8e3ade0affe5d571672e2b0fcc78b2ece1b054c68cc1d1a665f6e,yt-dlp_public_source_no_browser_cookies,external_private_cache
g_cc59b712fa5dc475,instagram,candidate,INSUFFICIENT_EVIDENCE,"[""exact_identity_or_complete_set_unresolved""]",2026-10-09,6.08,True,8,"[0.365, 1, 1.52, 3, 3.04, 4.56, 5, 5.715]","[""49fd783ac09721aa3c134af6570b6c2fe544805a522611ce422a04bf04b68bfe"", ""dac3af15b4fb37a0c4bd8186feadb500dbfaf3fa3c1d79d1ad87084bc489498e"", ""27ce42620d6c559d8e1b650d66e83fdb3a32a91f9a7e88480a5ca0b9c97ee6f5"", ""085ddf68663bb9d94468124adc62b5f9e12236952b4c55acba5ad4d814e159e3"", ""4b527809e09cc2865fb7ae3ec0eaaf5d64f2c385cc3b3fda7fa0d54ca0886cc9"", ""fd50ed92dc2f96868b1460d6b4d29dfa0ab9b60e461a4a6fe15e8fc56323c0ca"", ""78125603b9c979fea75a12a93ccd13578f6fb0850a5903b658d81a74cdd5fd22"", ""d60f9f9b70ee6bef8dba6cb63b28a753e949eda9e552d2c1359f7829f93feaa8""]",eced723789e84ab626e91b9e4adfa59caa69526c72b1dbd360a5b268170e471e,yt-dlp_public_source_no_browser_cookies,external_private_cache
g_cca6b0df4d244bec,instagram,candidate,INSUFFICIENT_EVIDENCE,"[""exact_identity_or_complete_set_unresolved""]",2026-10-09,5.866667,True,5,"[0.352, 1.467, 2.933, 4.4, 5.515]","[""a8837eaeb161a048cad9f95b2a3889dce6593c9c3a9a1844bd3cf25b03c85919"", ""bc024c9cee766defa717aa35099deba101d43a52035f204aedab52ed2bcbd3f9"", ""01b9f0b6dbfd8998f9df87f3e1c27e6c17299f6c0f86aa9760b96367fc98db6e"", ""d42bc217ccfa8e021d58ebea66e1fa737d5827da4107a20823e9d0dbd9ee9abc"", ""0946f457a2b0bd50f5c65e9b4bec7109b244e1aba30504d8a435f2f761734328""]",806f7370ff38e0218a3803ab8902ad1304d764af7355d4465df0aebfd4447b4c,yt-dlp_public_source_no_browser_cookies,external_private_cache
g_d13a981a46c07e50,instagram,candidate,INSUFFICIENT_EVIDENCE,"[""exact_identity_or_complete_set_unresolved""]",2026-10-09,10.702993,True,8,"[0.5, 1, 2.676, 4, 5.351, 7, 8.027, 10.203]","[""347f29a21188f22570aa7bbe3a1f18115439734d5189cf7db8086270ac126359"", ""f8406f3acda15b44e41164c25c80ded4222bec069bc5147a73fc28bee8d654bf"", ""2a4755107ba2c35777040f36c996bce00025891da310377c3963e2fb00d12256"", ""d365c8e8b981e43f4eff334700ce8025a71e726b90bfa1a7387de8742d31bbeb"", ""cb2d2327d5699d3aaf1765e90c3ced918e9e8abd5679b31a73064fa7f8ee1587"", ""4a2184c919016f862d834f647e207dfb2250b75c6b471986b58664bfedf39253"", ""a8df5222126d875b70186b42b3a7b080e5516c457cccd33881ddb95414a47c70"", ""a6826984eeabde34148aa9c3d721fb86b57acddd8a26acaf9fea620045abf318""]",eefd110c362f9d622fc5978dd2330292af57c3c265a0e1fa6e9a66d0ae6cc67c,yt-dlp_public_source_no_browser_cookies,external_private_cache
g_d165de6b3810e469,youtube,candidate,AMBIGUOUS,"[""exact_identity_or_complete_set_unresolved""]",2026-10-08,213.089524,True,8,"[0.5, 35, 53.272, 100, 106.545, 150, 159.817, 212.59]","[""99bf948a9436c044d5cb9b859a9746242a3f61ae6bc3d9addc9b7480f7830815"", ""ffb7e5af7b8af9cfe8245e7274e3f9917a957552eefa0aabe04f6a266866912b"", ""d9bf421cc62657dbded2b9ae0a137acbc4adf6d2cd02e20c8c830e2f13b5c1fc"", ""544dc3ca38e7c80aab2214f5db0d5eea3a7907cfceb2c1981846ce10daaae3af"", ""66692a0775c078c675992c89c1de1855acc76ef45172eaebe8abd4bb92229e02"", ""2ca00c854501a077b6cd17eb8acd4d70e503373a05e0efbe67c5ee81df83ed63"", ""f4cca992f25af3614bf2b3889952d82acbbbe7f36b1ba3cc24f7ce6cce99f426"", ""719904c2f5cd4d14bd0c20ef8feb269ec5ea94264739c982ae62753f52c59c7a""]",b298074d11825b452dcdeb4728d74407be38ce9a8671aa2607b1fd5f958dca53,yt-dlp_public_source_no_browser_cookies,external_private_cache
g_d2bb55987b8eb87f,instagram,candidate,INSUFFICIENT_EVIDENCE,"[""exact_identity_or_complete_set_unresolved""]",2026-10-09,15.647392,True,9,"[0.5, 1, 3.912, 4, 7.824, 8, 11.736, 12, 15.147]","[""9988198be617c4b98ba41542cd585e59d24586c47461c8a9fdfc1a5fd4cbee9c"", ""461ca381149e33d57e629eb4eecfc41de53541badd2f7e0cdd5b9ad9013d003d"", ""3ffa5101520e2e561b3cb1b24f8c02749bad126eb8d5d6af6dbf8b029a11c441"", ""4d9bf8b3bd4cc42301c190abde3d1f7f17ddaf2696a470e2ae78f8b0a641a0ed"", ""a6c19062ee590cdf53fc8a23292f42d654b54f9cfd9e5b1e86e80395bbaf5b3d"", ""c73b79990891a90af0be75a04bede552b2595d502d616e2b60b677f21881547b"", ""9b4e67e6eef195a546c15c4a98bedf9de1fc8c54fb88a82d9048e0a9f7e2f2d5"", ""1586f1efb4e3f332dcc04a15634f278428d90aa88d2ebbfc8d1b57c49c20444a"", ""38e3689f5623c076427a5d93da010b6552e1ff9f67b8dda90b50e0b355f1e4aa""]",f38280f4f0ed776d8a14ea69230f2a5db99f060288b5b145b87004c92ab42a59,yt-dlp_public_source_no_browser_cookies,external_private_cache
g_d46ab9413102c7ea,instagram,ready,READY,"[""full_timeline_review"", ""independent_adjudication_agreement"", ""hashed_visual_evidence""]",2026-10-08,7.05746,True,5,"[0.423, 1.764, 3.529, 5.293, 6.634]","[""1945ca404278c0d7c34a6fcd2eee45167197941b17ce15351c2245f935f741e5"", ""43fe591f79412d9354655aaf701a43b13c6e6a2d7a765b348d6377ace0947953"", ""da2a2c195c8b7466a68a979ae43dd6eb37fdef5a9b5a122d515dab2ceffb9763"", ""15f4bccd1840c423daebd9d03fd0b781bad6de99056658746880833a95e9a534"", ""62eb939edcaeb28dbf0ccc4d5cc162b2ac0af8e98be16f244f283f0fd45f96a5""]",72f5d0e5a22a8bb335a540dac18bd9c7b9655ffcf7fa94da3f35bc6e5ba83b46,yt-dlp_public_source_no_browser_cookies,external_private_cache
g_d6389b475f799530,instagram,candidate,INSUFFICIENT_EVIDENCE,"[""exact_identity_or_complete_set_unresolved""]",2026-10-09,21.128753,True,5,"[0.5, 5.282, 10.564, 15.847, 20.629]","[""0babe5ce9f64630162cbcfddce8c81525670e8c2c0cfc218466cdb2000358619"", ""48147a8c8773ad76f2926ce9366338762b052b6ca7719a2132882b882ef14c8f"", ""97610f5bd7fb77b7d250cff599dc634abfd53d84ea2900f93b21593d2fea2cbe"", ""38ce3f2e2b2dfd3fa5f8c6f6c98c2bf28287d8a0a470197d9618bb57a3438cab"", ""5d730aeb6848bd79a5973f2177139c70544f8926af66e5169a3e2c3df563c062""]",0dd5b9cf59e50af5ba16f042a882ba44aee2fae2b27453b894e68f7d0389875b,yt-dlp_public_source_no_browser_cookies,external_private_cache
g_db84cb5b03895cfb,instagram,ready,READY,"[""full_timeline_review"", ""independent_adjudication_agreement"", ""hashed_visual_evidence""]",2026-10-09,14.463175,True,9,"[0.5, 1, 3.616, 4, 7.232, 8, 10.847, 12, 13.963]","[""2b922295120e6b001c0d38e06a08e516f9acac656bb99b78ec0302f0dfa3414c"", ""bbbcb26d991ea52c732d0846951fa82cfd9ae653763f6e98da592f53935d8da7"", ""3dc24306575500dc6b1d3c8224b0c69502958a4e47ea0410026ac167fc19ec4b"", ""be33e2115588d3c39a5da45e92f7486abded2ac5139b13a5726fec833c3a74c6"", ""bb220d88a584b5aa22cadfd5b1a0782fe9879a5168704a7cd4f80309081946cf"", ""90f4f8531465fe7a0e802177e6f244ca8ee407912a567d1bd09cc88036fe4319"", ""f0532068d60f6beee65decd98e93142a5a5e7f4d3c449c8e510bce8435aa01c6"", ""aa6f62796c93dc76a124a8b1557f338d79fa29adde5e553d2180611e8a80f952"", ""e33a747abebaeec5f9465d36a5c87c13fb125d21f6251f1776abbd74d95e48af""]",f948030aea396013ebdb5007bd9027d60f0e60825fc153102dc515009379c9db,yt-dlp_public_source_no_browser_cookies,external_private_cache
g_dc2b21301ac26d1f,instagram,ready,READY,"[""full_timeline_review"", ""independent_adjudication_agreement"", ""hashed_visual_evidence""]",2026-10-08,7.404308,True,5,"[0.444, 1.851, 3.702, 5.553, 6.96]","[""5d26d1058a27c417aa7561846c94431564c37e0471fdcb7833ffee836f43d9fc"", ""ea4637fcdfa0d5f154bec095ad95ae950aab61407486f8ccfc4e060fc8a3d6c0"", ""ddd82f0423a2be98ab084214dd45fe092ed0376366ecbf73041a1c0b86e4d4c4"", ""baee4cfd6b5671abe077bd494b4e730517ee5b931d239f05dbcbcf5e87eb3667"", ""872d16cef0f59c5493eb3f7a7f24866fd07bb630236bbc003ce49edc5c9e42a4""]",c977c7f5408d9be86aa23b2000b586bc329447d6cf8401e5f577e22bb02db495,yt-dlp_public_source_no_browser_cookies,external_private_cache
g_dc9f174e9dd1e976,instagram,ready,READY,"[""full_timeline_review"", ""independent_adjudication_agreement"", ""hashed_visual_evidence""]",2026-10-08,11.88576,True,5,"[0.5, 2.971, 5.943, 8.914, 11.386]","[""dcb36070b8a4a7a0940f92e78e09897b203824a57f7a2a30c4e166ab1cc7438c"", ""8a93eb6a04a961e279888fc13705a290f186da118855cfd3409c16f7ecf202b1"", ""eacab3eaefa8033799a8111901eddc59ed24d8b03e5da24255f1fdffa8e55a25"", ""373b6455c7a531a7108e6f5e1fb2a6fb057a2595fa52c5c2c8d6a3cd4c9c1b58"", ""fb9f474bde5d1c67538b03ca88372362d111fcbdbeac4bf0b466f8d0a6931058""]",42e72e08207f63b5f0d3e751fcb970ab6e29d5b0eb33ec3519c1530e21dadbe8,yt-dlp_public_source_no_browser_cookies,external_private_cache
g_dd16ecdfa075dbf0,instagram,candidate,INSUFFICIENT_EVIDENCE,"[""exact_identity_or_complete_set_unresolved""]",2026-10-09,8.6,True,8,"[0.5, 1, 2.15, 4, 4.3, 6.45, 7, 8.1]","[""bf49e7a56f1b6055da551cf0e7b35dc4f15789d6e66132fec83e36ab0cdeb893"", ""3e703f9c421c2170c2a8ed3e42fbe81e1bcb02bc52f2e9dc1e3a3126e914f89b"", ""0722a2ed5a1a5497a426768d7079df7b14531b431e0d16762e4bb6fad7333567"", ""6d0c146c9d012e0d7614c402b6841f562c434b607ab059e55650c14c9589af4f"", ""4e5e3ceb1a0a9601be40e2cedd80c94766e486832426fa4906d36883ffabe3f5"", ""5a19dedb870d0d87f2f5e577e5d18f2178a3c364c4420569493799e08860ea7c"", ""7ee1b8ed33d9af0724f5f84c5ac1c4385e6c027ba668e0e5135c2062680df816"", ""720c9d7bb3e0ed8f1049f44635733a6efb1a3e5d303fcea1c8e8574554b933a0""]",537b5c8f978ab5cf699b51fa206c552368db09a587c21fdc54e8e5f4801c3be4,yt-dlp_public_source_no_browser_cookies,external_private_cache
g_dd983adcf6024c71,instagram,candidate,INSUFFICIENT_EVIDENCE,"[""exact_identity_or_complete_set_unresolved""]",2026-10-09,6.70771,True,5,"[0.402, 1.677, 3.354, 5.031, 6.305]","[""ca45f52aca5831ad88ede1ee09e6b858c4c2473538507f7611dc3eeac211e0c5"", ""484f1b069dc75ad287a420163a5f7bb1d0785495f30e167630b5c4d7b95de5d1"", ""ccdf4ef6f28474b49675b3a6fe6f372f4a7277c5fc4a70c4ecf9c9da859bdb95"", ""cb576cea1d0885fba59a00c4033de1482fa61438a769ae43d2ca2f18fa086017"", ""e9b4a910e7e706f9fab271fae8511d67d7fcd1510f854a9552adb7bb942d6d82""]",0e2d172a15d54009254c19f95c3f74f4bf234c7ee2e95942cea5569b4a74e158,yt-dlp_public_source_no_browser_cookies,external_private_cache
g_e5503b5436130c81,instagram,ready,READY,"[""full_timeline_review"", ""independent_adjudication_agreement"", ""hashed_visual_evidence""]",2026-10-08,12.303719,True,6,"[0.5, 3.076, 6.152, 9.228, 11, 11.804]","[""acd4a46be67285aca011b223439cd392ddf40a65192104b3e6a11f7c8d5c28cb"", ""3b5bf700aebdef9bff36c62a707c3d1372743fa3d3889d396bf58b8a90511161"", ""ae21e15260c98db68cb66faf61d7f6f1dc628a2f6c11f53f72c6d6a96925896f"", ""1d7fd16a0325120b44dac34d94981caeb510f2a963c2b9d7a2a72a027bc25910"", ""0e69a70486a4919fd4e4b21b06d95db262fce7b4ffa8b0e04dc8eee18f8d1126"", ""25fba67e0b0ec1a30ee49f0f65bc4605782062f721be68324eb0a82fedf12dc5""]",fc9b549151707496bb87f7d20dca41f40efd7d3b8f692ca9483117bd0f3906d8,yt-dlp_public_source_no_browser_cookies,external_private_cache
g_e65f55e7c2e75d1d,instagram,candidate,INSUFFICIENT_EVIDENCE,"[""exact_identity_or_complete_set_unresolved""]",2026-10-09,5.803583,True,5,"[0.348, 1.451, 2.902, 4.353, 5.455]","[""96d37bf76778649edeabe9573f269a5e87b0ebc9b576664373b2bb5ee593bac4"", ""c6a0a160652333e949cbf7aecb00bd35e77bbc73fb531ac0f9d8ef77def3f04b"", ""0e2befb2fd49aac981f1b3a2dc2efb45ce59899b21f55c7d2b7cd0a5972a733a"", ""9bb7e3d710b01f64ae2b58103d12e63b253e0e63386993ec46d91cc41e93aa61"", ""003e35f9f4064ca46edd3dffe5aed7e3b177aebee18e75e1650debc6018745fd""]",14f82b410207e324dae6a70ace7b7d24a7c1145ff3f75dd9154cea515ea14727,yt-dlp_public_source_no_browser_cookies,external_private_cache
g_e7087f9e01c85afb,instagram,ready,READY,"[""full_timeline_review"", ""independent_adjudication_agreement"", ""hashed_visual_evidence""]",2026-10-09,7.566848,True,5,"[0.454, 1.892, 3.783, 5.675, 7.113]","[""39097914aebeb3c619f8bea5332b51e84f9f92b221de080d57bf0021abc5e219"", ""f87a5c845c407c2dd5deddeba9408c284dced64f825c11c29127366a0517e6dc"", ""4e63f13a08fd5ec11bd94b0dec2b6750674ae2676f67e410a47ea38c35f96ef3"", ""a158e5598716f5c336afdeb92111324c6733ab99552ecde0aacf943288fd1ce8"", ""b054f9edba7b195b7f2b42af0f35f8e44bea8ee628c423092d44fbe648ae4212""]",6211038587b4c60132f287ab6d2963d1329223db62570df1626e765b7abea160,yt-dlp_public_source_no_browser_cookies,external_private_cache
g_e8734b3a7e7495f9,instagram,ready,READY,"[""full_timeline_review"", ""independent_adjudication_agreement"", ""hashed_visual_evidence""]",2026-10-08,11.53746,True,5,"[0.5, 2.884, 5.769, 8.653, 11.037]","[""8a53a07d8eac2e2b1e53e6087e5893d76e6c6e3c91a68ad8ef0a3c6badf81ce9"", ""e1ed6c14fed0d56caa2e5925f205aca9431069b6b6d4aaf94d1eb8b26ab8bed3"", ""48a2a4d78415d5bfb8082c7e79f406c2992d120a4d1e98a476be73839890fffc"", ""542031b79fd88df7564006d9ede67ec659032f79b54bfede01ab38bc5475cda1"", ""fa73514d2889c5c2cfee54ef8bb25acc0e4c1f8ad5b87d91e7b2353fbdf739cd""]",6173fff05c0966b2aa9f4fdcfb729ed25d4a792c5c7dba55b09f4548159388ee,yt-dlp_public_source_no_browser_cookies,external_private_cache
g_e8b937eeb9a1f96a,instagram,ready,READY,"[""full_timeline_review"", ""independent_adjudication_agreement"", ""hashed_visual_evidence""]",2026-10-08,27.628889,True,6,"[0.5, 6.907, 13.814, 20.722, 23, 27.129]","[""a8c670a608e6ecad5db0b8716a027e20ee86ae3d91e46e357b5c6dd98e1a15b1"", ""18dbc97eeb00ae014a626f2cfe3a4c8a2ee9591b0f6e98f7c5873efb0be2720c"", ""6f557c6116f36d4bac725251af3391b967aa8f92c0c15cc6b7e53bcccbd0fd02"", ""2d00e8642c7b9abde8947acac086d292cb1ad2408685b95c13c1831f2d4afad3"", ""e3b19ee6e0387fdc9e4d134e643ac705d421ddc229a64987afd429aa22868bee"", ""9b7aa97006f84fd9ca99eb9d7c4d210a9b6361a1fc061cf61f38ed258241edb3""]",6d933640c1ec738fde44f4605235265649b1cbeb0661d7a5be569b1aa4389596,yt-dlp_public_source_no_browser_cookies,external_private_cache
g_eacc312a97b2ab09,instagram,candidate,INSUFFICIENT_EVIDENCE,"[""exact_identity_or_complete_set_unresolved""]",2026-10-09,10.213923,True,5,"[0.5, 2.553, 5.107, 7.66, 9.714]","[""72b2efad121eaf3f8789aa0004cf40a721680e80cd26d0a7c15dcaa8d9df48c1"", ""1b94b55ca6bee649283e387c509517e187a7c4295a907ab199851f6f45fb754b"", ""b74441bd00228a97e437cb5316c1cc6a0f8e5fbff7221441a327a1d2f07c7cf8"", ""219e5cd694e55bde9991ca4060aec4f60e29073622738f64829716695930612e"", ""10db818956fd29c9d633f4605fe727a30345086e3d24b3cc88c9dfa6c8a2de4b""]",08b1ec0f6bde91b9e2682b283e222ca117cdd82ac8894ede0feb231d812b7d95,yt-dlp_public_source_no_browser_cookies,external_private_cache
g_ec4bb2c950561a68,instagram,ready,READY,"[""full_timeline_review"", ""independent_adjudication_agreement"", ""hashed_visual_evidence""]",2026-10-09,139.107891,True,13,"[0.5, 9, 11, 14, 20, 34.777, 45, 69.554, 80, 104.331, 110, 130, 138.608]","[""0255501d3aeb7166068d2c53aa8fa5b04a80feb6468ea18d519e1f51444d8189"", ""c3ec118f5ffc3aab6a8611cad122caaf3ca5f9882745766ab2145ee6ab251a6d"", ""f3e45a72c88b479114cd9a841e30e9f6d987047c405567a4d6a305ce130c26ae"", ""bf8b0957ca4324725b67dbb6f92b651d7dedfc687da016b993262b98643012b7"", ""64f7b68d516ada2bcbda526dbac586ef27b066c8296a76dcf37c4599d120f6be"", ""b356057a02e435ae7ab40309f2727535ab52782fc0562017fe40b1e6ec98599a"", ""6a7509a1de00449987b20e3cc7d0a6ce6857f3407947d17cce801aa33de05ff3"", ""b2def4cfe6758a0fd98659d7f07181ae4fb2c6184fc0a0e7aa98b287c441ac2c"", ""5081c9f6a04b9bef93ebe7fcd5b5fd810ee28806f90e3898d4bf94f03dda9fe2"", ""5e70bffdff1e1558da70972903c6fb5344605d2bc392628fec216b96442f62e7"", ""85b06ce25a038f33c93537c0fcf94a3dffaa7d115ebe39c7f95fb2f64cef146b"", ""e736d9308422d6624e00c5ac647b9348f29d894a1d08cb27a587c36d9db309ca"", ""90a62bd652547ee9ad48e804613e6132b681ea4fa6aeccb1683eed899bdef6d3""]",23735f35481c8d17b70346dfda5508a4d9bcbbdcf700e4f28b7c1e28e22b2b6d,yt-dlp_public_source_no_browser_cookies,external_private_cache
g_eec46119908edc07,instagram,ready,READY,"[""full_timeline_review"", ""independent_adjudication_agreement"", ""hashed_visual_evidence""]",2026-10-09,10.121043,True,5,"[0.5, 2.53, 5.061, 7.591, 9.621]","[""7a2dd55fdd8d4ba642afd37c830698eb4714c232c283fcd2c40b8ec8e2624665"", ""08515886f158b2c2e6e1ccb7ece8556664d329b41479de5a485c00d05a30e879"", ""432f0f0a54157b8cbca682cc9bde863c72a9fd062a54fdfc4d706891ce7b04b9"", ""84a5041b8a8c5e5c2e7fb2abb6ec0948a9f0a3be4ec6ca35389beb73d4bc3542"", ""67df20a3c4638e45d342ba33d9c68b274a7d3b10924675aec9687e4c673b5821""]",f15cf2dfac94a08d071c183f8d21f0c1a1ab900c67cdec0f53883ee1aa200504,yt-dlp_public_source_no_browser_cookies,external_private_cache
g_f1e5ce2a7ada801c,instagram,ready,READY,"[""full_timeline_review"", ""independent_adjudication_agreement"", ""hashed_visual_evidence""]",2026-10-09,40.470975,True,6,"[0.5, 5, 10.118, 20.235, 30.353, 39.971]","[""58c25086b2f9af87d3a7d65e67e3f64ff856432f203023bcda2eb7b79a6d86ae"", ""c211a4da8687ea0f5b60489e8f6c50652f5f841c1ca14f9fde52b3ed9e127362"", ""ac3e84adde3bacd3815a5671ec93fc2717c7107bf3dda8a1dd4f6a9143a59d03"", ""9784af4a75611faddea9cdbfd931d51af64ce41773885abf130e1481012cc835"", ""75fb70480847c956dab9abed8570be6d0e790bef38ab0950613527995ee464dc"", ""d00e9765e0e6fd2a32da86a896691365a6f4dbb28e49a018a790eae0d84634e7""]",7359f885f227e75862ad3fd220c190fbadb14511bf16af5608afbd6ac67181a1,yt-dlp_public_source_no_browser_cookies,external_private_cache
g_f26bce2d6f45a6cb,instagram,candidate,INSUFFICIENT_EVIDENCE,"[""exact_identity_or_complete_set_unresolved""]",2026-10-09,19.292925,True,5,"[0.5, 4.823, 9.646, 14.47, 18.793]","[""248bf8498064ec515d8a77f4e221dec793ea47994ab11defcb4b64d7870d37ba"", ""b01696bb783a2df7a8fc9b73fadb5c0a8a68fe2005aea3351c8b05cc47058776"", ""afb6ff8280f59e9c5ee1f784a9755618778707fe8a3c6f755a021a08b040f720"", ""3720323178acc1899befb392d9c93e691b83649f8420a3efaf07d89ae85eeb28"", ""78e72341bff16fd17e0f4ffb1eefd0b9e6d03fb853c3b94fe30e7183dda4e14a""]",891cf22e3bacd7cc84936d3e7b4df93b02f826ad53c479b7e1d198b028d03460,yt-dlp_public_source_no_browser_cookies,external_private_cache
g_f29eacfabf6b5302,other,candidate,INSUFFICIENT_EVIDENCE,"[""exact_identity_or_complete_set_unresolved""]",2026-10-09,19.466667,True,6,"[0.5, 2, 4.867, 9.733, 14.6, 18.967]","[""83dea790d0bec3e9e911319a9137b54e5476f4e967b9a8d8e0f7e672dbe672b3"", ""295398d2b5ba38881033c4366a2d543d5536b91979978fed9b1db4e5acb3a93d"", ""04bad35a1461f5793f39c9f6c8a42f37fbc890d495fd4e836f4868b7c1d45f07"", ""9f0b3358657eb9df63a61f6029009b5e9d67a50f7b4bb55202254cc7cccbae00"", ""391a3b6b3ced7b3d7ff1d2454bcc63b7e235c092405c0ce926f9971afd571b64"", ""1d0b3bac3896533ffbe0a110d7c4f2bb77915a6c2d0ac00a6b8b69dba832047d""]",b4eebcbfd4a594a753c6dc149bba83116cfab4c5c5d81cf4dda549415f351b95,yt-dlp_public_source_no_browser_cookies,external_private_cache
g_f407903115f6caf7,instagram,candidate,INSUFFICIENT_EVIDENCE,"[""exact_identity_or_complete_set_unresolved""]",2026-10-09,16.73873,True,5,"[0.5, 4.185, 8.369, 12.554, 16.239]","[""e81cef3251b33387d6cd7610dcf8886284480c9ee0910d9ab94061af344580ff"", ""1656a7caed38e8d5dbb831b089a19bf631cc6ef9044815f6bc445882e6fb7a94"", ""d2f845d96c4e1b0f29cca30bc263ef83eb51e6abe34d6b523bb0b3a571ff4eeb"", ""0f48034f9260eb1107e96f335c8a3bd34815299d8abc44e5325d9aa4ef4f6aa3"", ""5f7968efe49604047f5d8f07965568fd6f27dd17e7a633f03a8ab773fe8d872d""]",74630dc5232e982dd0dd8d619cc0f99a9d8e9e261b579dbd06e519c86160b82d,yt-dlp_public_source_no_browser_cookies,external_private_cache
g_f5058eb5a2202106,instagram,candidate,INSUFFICIENT_EVIDENCE,"[""exact_identity_or_complete_set_unresolved""]",2026-10-09,8.147347,True,8,"[0.489, 1, 2.037, 4, 4.074, 6, 6.111, 7.659]","[""9423908fb79b3d8c7d8288b0539889ffdad3d2e46f9b7336817ee40438b70ae1"", ""b3fd65117971cb9f488ca851b93cae077a0961e48dfaed555b2265b2f14b0b5b"", ""6ff9a5a69e8221fd669e5787720ea4a53f732de7e6451fc148768824ef385512"", ""1bd2e9d7f375fec6a3a30b71d983a7c64f5ef47d008cb6e1231724b9d74b50cc"", ""ef3641ef6961d498099eaae7af3d888ff2193cd7519a4d110795625137640f9d"", ""b058eff358c21ff714a918c25f16b3968e57266a1db8137b51ef8d5b32986211"", ""6cdfdd698fd15e0a7a950421f3cb0e22025c4ea3a0d3bef53c7c298ce14144ad"", ""a09510659220fc3abd79b4abcfbae37ee788444957bb635863e7b39f86e3b30f""]",bf005eacda8a983f29e7910e03d24b4c6734fb025bf6c9364d273d1921732ab9,yt-dlp_public_source_no_browser_cookies,external_private_cache
g_fb48a3460c0f16e9,instagram,ready,READY,"[""full_timeline_review"", ""independent_adjudication_agreement"", ""hashed_visual_evidence""]",2026-10-09,42.653651,True,11,"[0.5, 7, 9, 10.663, 21.327, 24, 26, 31.99, 38, 40, 42.154]","[""84a52e68a38b41775506d3b17e6a53f75f5f7d795cb392902524d69c8c0047c8"", ""1a208a28d2b41a9b00efc5c2690e8bd1272225f5a5f2f22c108e77ea9eb0aa45"", ""c75f990402656bdde35707599718228d6efb16ff350c8704d455e1d0c63453ad"", ""8f9bc93ec4f9b7ed0a042a8ae7f7a3e11a8ae2f62524890f2ecd7ba77c654b0a"", ""e4eac4b95223c440bd005efbac83ba063dff51fb5676a029c286e5ba9c110610"", ""8f8aa0c67b1092b4a5ec151589cbda782b0c414306965d0bd9c58f8487424c71"", ""f14e23df94fa6e8c97c9824734a7066f8bee6acfdd477b23cf97226e7052ca06"", ""767b046ace40706469f7b49536ca949cc6dfe2ba1d27e2c56d85a3a210d2310d"", ""e6ea70723597f06087c964a743a4c848cdeeadb1d2083adb2510f7ee43ff3d9e"", ""6b39b2e52166939b93958445579eb2add2fc1955e0727c5e21fa423f2972d58f"", ""d1744d07ae9b5572f7e05e6ec85be03689807b006fd7a38342b0a4767c5eaa5c""]",8161967498d35adc31ca20f521dde50c1ef6d36277bad8bdd2da51796adbd5a0,yt-dlp_public_source_no_browser_cookies,external_private_cache
g_ff764456340dfa2e,youtube,candidate,SOURCE_UNAVAILABLE,"[""MEDIA_HTTP_403""]",,,False,0,[],[],,,not_captured
g_ff7b94b7e96a3bd8,instagram,ready,READY,"[""full_timeline_review"", ""independent_adjudication_agreement"", ""hashed_visual_evidence""]",2026-10-09,89.0239,True,8,"[0.5, 14, 22.256, 35, 44.512, 65, 66.768, 88.524]","[""de9c0fb60a97accd0dc47e733ebfd8061bb3938d93548f24d11ed05559ad5bdf"", ""36053b481b0c27daf40b89b747e539689ec0eb7ac4e4231ccd3213d2d35e7ca6"", ""518bb0dd5834c3ab7f2e4bc1d7cfc6569e242d67813d1706c28508a1204bb7e9"", ""c8e0c5796d03ce2e80876d2326b6129b8f35966dd59cc65b40ec4c2b2912c858"", ""632828e50211a1493dc3df8b8af32f2c2029db717ac750acbb6e0d048c2e054c"", ""23ed7a9e0e5b261b5c9a071b95b497bdf722c5ea9c64c89df5f0b9968b7576c6"", ""f0d03037200c22d0aad17508848b3d74cd4309b7358326ab76fe2ea673c145b7"", ""d443b675555d206697c1f2957d443a7ef498d4d8e9dd7c831f1a2ff6ac09e723""]",9a94f2a27ef200326e897e2633f1023df2fdf6288e588f1bdac0cacd3cf18f12,yt-dlp_public_source_no_browser_cookies,external_private_cache
g_3eb63485a7f327fa,instagram,ready,READY,"[""full_timeline_review"", ""independent_adjudication_agreement"", ""hashed_visual_evidence""]",2026-10-08,7.4,True,15,"[0.0, 0.5, 1.0, 1.5, 2.0, 2.5, 3.0, 3.5, 4.0, 4.5, 5.0, 5.5, 6.0, 6.5, 7.0]","[""82af67477c9ef913ff900e84ff131a7298b80520b57b49bcbae204f4870e90d4"", ""6e40d8ffd81c852ebe55d825a20248e805da027cd46ad1f9e6343cf861259763"", ""6d184c7255013ed1dfe7ee251b05df99a243b4658902fa642d58958ac8f491bd"", ""b78b45d094b0250d7c42da9fd425ffd576f13115e7a8bf8f5cca476bc45bfda9"", ""8bc5bc9e952e00f6b5bb36b0243da136a9727ac295cd780d63fda4fd62cd9dd9"", ""bca2506a7457b5cab26aa1043842599989a9afe057b8fc8f8809edef7324ad55"", ""3a495be7c80e2f3e7f592189fbee8409a75df26d6e97c06e8718c95807b63f06"", ""be038d2363821ed1253a54cbe9db1f7d95ece93a9212c457be298ca0fb246bd5"", ""487b93c673ae33116ffc0fff8b894178bd416f46bd59bccac4bb31534dea674d"", ""618fb4a946609a8a73d3b87396577723c3254094a071ca6559ad61894fa2359f"", ""c5f009e6ba965819a142b68620a6e220135e506a6792fa7c30515b784f322e68"", ""f8e03c6df14e86ce22b9dbc66ecff4aa9b2285c32d1a1df0271620c5453a2190"", ""48bff7d1133bc462ca7a1fa5841bc16213aa00a2e21f5746f90c91714e198c4c"", ""b65da34c2414b17fbf6281dc011318217d95b80490ff12847f26ebef060483ab"", ""567e68dcdf23c12766f63b251fdb48689639970016f7fcfc877abc317d3daa5a""]",a7abf58e6c6df2aeadd0e521d5d5f1b06794c43ec7348d426e1d985e569f87c9,public_video_capture_private_packet,external_private_cache
g_38279b83bd523c46,instagram,candidate,INSUFFICIENT_EVIDENCE,"[""exact_identity_or_complete_set_unresolved""]",2026-10-08,7.357868,True,15,"[0.0, 0.5, 1.0, 1.5, 2.0, 2.5, 3.0, 3.5, 4.0, 4.5, 5.0, 5.5, 6.0, 6.5, 7.0]","[""36bb89b5ab9d96baf107464de3f1418ec0e72e728112e327dbe31ba464f8100f"", ""a77c1ad6ae4824cde138dbdd2ee95f914fb6a49171d217921fd8df341ee57407"", ""6e6158d2bf4b95bfded7aff5823c10c73649435d5a4b822bf0370d9a2b636e10"", ""24a3afad12bf12c3741d12187e5e2c41019ff3a340bb8e4622007ee492b7da2a"", ""3ba5dda3b756f28422aa3f356e47866e5a528f678f8bc6749327e014c7a3cec3"", ""397ed1c367277d1c01d6ebe48fb53029dfc7df0d5570806809c869eacc97dc0a"", ""3efaf56338f3a80f3e23dffa3c80a7cc11cf8775230fc3a83dd7c99f0d5cc8f9"", ""24c463e5dea186719bd4f304a272cec55c0381554c8b4248e72b75353a71bb41"", ""5caa59ac2a5d33c4906d008e2504d31b644df644ec5932fa64087fe93d421355"", ""b13703b58084f0970a455de423d4530deba76ee234a701e5272e587c6ddfe675"", ""f77b9e282c6084733876c24fb4145f7e8bb9b8ca90b5ceb290c0b5a1a5ee12dd"", ""0345811e8a7be9169e4e8f6291e187df86cf7a06ac2811af1ff18742abdeca93"", ""45eef4864d67767fe8fee7e9f637696e03895e63aff3ac88351aed70bc6d887b"", ""dba5a4988e86993d5ec0cf95a729f6a7e1f186d05651be676ab62457b6b53037"", ""0d19c73a19ef4476a81b9ba2215b80b9e99422aaffef7d9169f1fcedd5505d39""]",ec0621f80159a210b0f8a84d8381d94a0d9a7bd842a467696e4bc171f53df2c8,public_video_capture_private_packet,external_private_cache
g_81c0a575e80b5ff6,instagram,candidate,INSUFFICIENT_EVIDENCE,"[""exact_identity_or_complete_set_unresolved""]",2026-10-08,13.162857,True,26,"[0.0, 0.5, 1.0, 1.5, 2.0, 2.5, 3.0, 3.5, 4.0, 4.5, 5.0, 5.5, 6.0, 6.5, 7.0, 7.5, 8.0, 8.5, 9.0, 9.5, 10.0, 10.5, 11.0, 11.5, 12.0, 12.5]","[""5538d84dd4d52f8b41ae9b355caa18c125184e19c4ea731cb8ddce9d3817d7b6"", ""eaca1e4f8a7f29076a174b1318c7f3b9071b97bd2d50181e0c740f1cdb10472f"", ""8f8e87d980db09717295e0fdaa6b2eafa47936bd470d4de98fc2444086b41f9a"", ""e79fed1b569f8696332ce1754c9de068ce1792aad7141de0f8d586410748374d"", ""a6f793f0d7d9e425d1787ce37aba197f0003f7bf8a74efab1b6cd74a2e79543c"", ""c702e1ae30cf7f81b5cba5503f58766ee41a166dc1432fc3643b418f1a9acc46"", ""a62ad311efcfd6f1f4fc0efc2e93cb8b288cdd6078300c2df5921e486e1584bb"", ""ec2bab461f640bfd82f4f828160b9794527318dbb9e98fe3698ce8488402d1bd"", ""bef266839feba7f2ca6cb46d3cc6d2eff4a82125c8503d5350a47261b52ffab9"", ""5cbfc5dfc045e2383c3c0ee000d5ad778c94dfe562b85780a278e7d364e5f723"", ""2100b8d4fc890a83cd1a9b5875422b97d030e9adb2da25a10da01bc3547ae4b5"", ""6bd839179927b8a05614464e6740dcb516d1c17f5311cf6a5c44afdbac8cac02"", ""2a3eb81fd80ac29909a8d200e614ae9ad7075d2f5df25e74aa17f40dd648e66d"", ""ec147f56a6f03001bfb0e012fb70e6080fdab3faa947676f4ce22afd1ce75332"", ""df00869f460b5d16102a4fd178c3140a01a10173ef9894fe728eb5fc64b7fdb3"", ""3ddebb781f7142e08e2c077dde99987264a63f7a2541283fcfca16776dc6f6a4"", ""c9ff4f55d6b4dfd9f3cc4d79cf277910baada7aa9dc8e9e7ffd1fff3bfff95f6"", ""78c5b311129cf82a7d2942cdda333d82741169d7e860ca7550ef6625784908fc"", ""28c40c7cdd6d8113b5db780797e74a16fbd2ec01b9f0800c11a7fb912339458b"", ""1d2df20f7e187f843459a75668d7f4507e684627221a4b07a002ff20bb3fb9ca"", ""566d027f6433bc31e2440964a221f603a965c905ad60f9891b45423f773322b1"", ""edfd3f5f24948ee57687345daa46578720e7ee8e2bd28d88c0b3933bf3b08bc5"", ""584504480bd6b0b9af1f72df46ea03d6c5fb2c85ef72ca62f6bcc9b400c359fd"", ""35e86c1e6e74db0d9c1628e3a185bbf5cc810fcf1957e59e2a659c2d5bd3d75f"", ""17910a98b4f2a1de92eba45d4e9bcf95d37c0aeaae1a51ce8e7a95fa54c75bfb"", ""aee9a1ac2b574f0962f6bb272f6186af884b66f2159f1ba62f1ef4a9dc865ab3""]",537c0185d4f51c631fcffd240064a4bc52102f9cc8bd74e2270a692021252ca1,public_video_capture_private_packet,external_private_cache
g_033e1fd842ee1a2b,instagram,candidate,INSUFFICIENT_EVIDENCE,"[""exact_identity_or_complete_set_unresolved""]",2026-10-08,13.213991,True,26,"[0.0, 0.5, 1.0, 1.5, 2.0, 2.5, 3.0, 3.5, 4.0, 4.5, 5.0, 5.5, 6.0, 6.5, 7.0, 7.5, 8.0, 8.5, 9.0, 9.5, 10.0, 10.5, 11.0, 11.5, 12.0, 12.5]","[""e6369a3004aac748e926e2b014cbcfc2c355d7daa363e406a12579d4762499fb"", ""dfd1e81c0bfb55f8e18717f0a98c539b7f4e27544b06468aa93925ff0da89bf5"", ""bd188b42ffb6d554cc13dfbef7f3a6362a1cb59a87656e1471f62bf23c3ab336"", ""8b11a347f1f221f2fc81aeede1913918c00d8295e87051fa1aa1548b733bd5df"", ""db4f07dde97ca41cffe2e5f687e67fefdfedb9d2ccb2b0e831880062271ff1bb"", ""a77588fdb4765ee12bd1aacd9b5274a174bc9d43a7c99f17b3b849a12e46ad22"", ""2dbff247697c67e52c675686256a5de8ebcc19a3f1c304a7bb9bab31568dd80a"", ""ad4ee8ae197d994e8aa5954f39c0941e2281064c63635e826da4f6588209e316"", ""0ad9060d4ffd7aa9ce0785a66dd5b15fb702302ccae97f52b0c985199a04d462"", ""b44e2608caaa40149a5382deeae5dd20a16af0c387d34764720d461b78e0f939"", ""dd8045643e8a3a73c76dbadfdc35ef829e58b5618866c722044a7139d31b7768"", ""eaccd211a7848a4bca20e083c6236e4fdfd49a1009c017f5b1fa5d31917aa642"", ""afd543912af0cad3a4152ddc8b733004f6a73d857c5395605dafad902146a69c"", ""2887b62d4b604039fe4f7095ccc57c2d23945fa52eb43894950d3b918fa723d9"", ""bd3f482cd33697959e83a2e3501d284174259a44915af4a3841ff6d7e0369ad3"", ""7e1b37f5967e5e7bf1893725ed05f68eb9ad308b30d25d7d8f9425f416b271c9"", ""e1ebd328c1d34247a3ace49ed33ba10b4360bfadf1235b0754c177600dff5eb0"", ""0fc12d821fc8ad8c15c4a925114f7599f546b9f39cf9da58dd00e5746ecede1f"", ""6583f3cc36f5ecbe231e84c30478597df31f30d4bb7f12e6d0208804b5dd08c6"", ""7ff017820d26898d2d62ffeebd3e868d8e4cd0197356cb8bfbd8625cb8a6008f"", ""595bb5772212072a73d65e1b46efb9bfe2dbe5a23693984f1d48bd96a27993ef"", ""1046f01238dbff6eba9a197ff19c8ac03ea990ce05f54aca8cc61636d79d2b23"", ""5b56fa84f24fe822f7b353bfa81a1e7d3f96c25824dc7d30afcbdcba6f69ebe3"", ""3d3ce573f0e5f96f9a1faf462741a176371fe03be7aab6cf188dc6c47e7cdc92"", ""07bb57abf1db758daa3afe93f262baff376fe6fc00caf5ed484a4b697a9880e3"", ""bc38d0d88c0c6243cf08d2aff10c789910c93688fe8f28260a51eb9fb4f488df""]",3ff5e8f6985b6b8349b9a1571bfd5c1385f3d44d208decc975ee2aefe193ad38,public_video_capture_private_packet,external_private_cache
g_f2864aede898c1e9,instagram,candidate,INSUFFICIENT_EVIDENCE,"[""exact_identity_or_complete_set_unresolved""]",2026-10-08,12.239002,True,24,"[0.0, 0.5, 1.0, 1.5, 2.0, 2.5, 3.0, 3.5, 4.0, 4.5, 5.0, 5.5, 6.0, 6.5, 7.0, 7.5, 8.0, 8.5, 9.0, 9.5, 10.0, 10.5, 11.0, 11.5]","[""cd757cf5f0e08e43a3d9b2e4eeef3e99f935acf1f526c45b101c106711c30a98"", ""288e82fb0a2eddb8555bf760932c425e49d8a16d4a7674106e57490f068eff22"", ""66dd30719da42bcccaadb3ba98b2595902fe5b5c3ce9ee3274b1ba7933bc1e0c"", ""20c18453a7b5995d067239af16667ac09020a1abdce4cebaaa5d85eb83a46f64"", ""ca710ced266fff74289b9af9cba64efb7e1cef7c6a2293042bf6bf3cf1d8c80d"", ""823da9e53c220c8b8ba31ac96634cc0cc15a964327f435ce06ac72531becc4bc"", ""68228720c81333da22d5dd1e49f29dcf35441ae5602e7f36d3b1ef047e27fc7a"", ""2812dddf47eb0757a2d99c3e3b4fac697435c5b2d2fed6b041b7fcff0aa3662a"", ""48cc340a5b743eb80bb95c4a393aa0aa8a0c3be6f5b2f0dbef77ce8441a629c4"", ""d03c58999a6914614822862bad6f1f66bcb2746ebdb319791ba9c4902d4ace57"", ""fbb2e699b78a08e575f7d070eef3cea125043018e60d6301827c996580a86d31"", ""de5573492de1517fae98ce3cec097b58c9f42870e561ffd7913e3afe86f09ad5"", ""3df808044916be7d2e9ce77545ff6d6ace6bb3dc6be2e091d054fe2b71cd3576"", ""b1e5bad62052bf7c87110e95f529d465660800e55c49f8ced9e16e34927b5433"", ""3e031781d799c76412a7301452d874179a0acac04314a9fcf7c9733e3692201c"", ""c355ca1ec7338e99dcf37bb92f1acde48e0b9a6271baf1d8e6745591b61ce533"", ""b78f2fbb1d3bc8de1555e2e1dda3cea3b28f21f19e10a2df30f5e00b6ca0a81f"", ""892481c27a72247edbd8e6d76dc9405161ea04b66d4cb5953ce2b8d9f480dd64"", ""7fe015559582b9d9ee93f3e64f592bd0df5de8aaad0471f2e29f9f69e0577a80"", ""fc31db1dd8d1c5edab994a6db3bb95de45fe8eab7c1b879596d399113433948d"", ""8e180614371e7c79f26d325b8cc12a6f9acb78b176d2abfea6af604c77ab0d7c"", ""b771e13fdde39271cb855187e08ee499056b4a19ef42806ff8164ae01aeea582"", ""94b215dc3404939b6137609e9ae3ada42a30dd5bb8bf56aacf5118fc47c516a4"", ""a206829b2a034c27a5dceee1e1a094c1d8632125c2798c2e339270425f0e5130""]",5e525fe0fa275e3bd56e3ab380f1cef420f6d5c138509c933cce7e1591bb5cc5,public_video_capture_private_packet,external_private_cache
g_86b8beae015472b1,instagram,ready,READY,"[""full_timeline_review"", ""independent_adjudication_agreement"", ""hashed_visual_evidence""]",2026-10-09,27.743423,True,55,"[0.0, 0.5, 1.0, 1.5, 2.0, 2.5, 3.0, 3.5, 4.0, 4.5, 5.0, 5.5, 6.0, 6.5, 7.0, 7.5, 8.0, 8.5, 9.0, 9.5, 10.0, 10.5, 11.0, 11.5, 12.0, 12.5, 13.0, 13.5, 14.0, 14.5, 15.0, 15.5, 16.0, 16.5, 17.0, 17.5, 18.0, 18.5, 19.0, 19.5, 20.0, 20.5, 21.0, 21.5, 22.0, 22.5, 23.0, 23.5, 24.0, 24.5, 25.0, 25.5, 26.0, 26.5, 27.0]","[""d89db7a7d06e7124fd6c7d7b0e6d57a49254fb62deb5cbe9da00cf750b14021b"", ""02c2d7325c7bc1ac8cc7c46622838390652e8c730521710eef12272dcceb855f"", ""0868208f923b3680f746c59741d6884fe34b08922a6cea5b97949cfd1cf042e6"", ""e1525dd1f98d838e427a2c1ed141a34d9bc9a1f6a9320290e79d2398a3c84fca"", ""6604b491ba274c0281fcb0d3bea31f9e50dbc89c393b645873a72c0cdd6aa5ca"", ""593c286881b5f0ca0ac422b648b335373ee47e0206f0f487ed95807334d073cb"", ""36661dcece3b1d41fd55e63b400e312b11ad7c6c5d2c9e65ad0c17d4d4a5132f"", ""5846df3753f7d1669d899febafee18d2c70c11b221c7ee5a73ce9b32f5de7192"", ""7c4374f96083276264bd438f2338b95f2eada9420214063c883d27d5a6441a57"", ""296af809fbcd8e8491c0e27181b5f862ba7a9eb07e7647b02cfbc6d4c608061a"", ""17f4562b7ff1f7754ba712bb7008a3b0c5434825882b8b2920be5803a0c0d0e3"", ""cde0d4da4ac0f25dd1f252f4f65816d1376745659568c696a135df7041733647"", ""0051a713439b08e3662d1174146cbf184127fdc121c2cff6a79f1ccf289109ed"", ""e9c49aeb6277aec7dd60483912a7d5f638ea7555adef035957ca5e66ae7a7004"", ""428a538fff8e729d2fbe1412da73cdb917027c0d5688dd0d79311dcce1691831"", ""0e480ea695e51095b97b0fae0473072c583f67a22b0eeaa0dd2372f87aaec8cb"", ""043d92984bc673f3ec6a80ab9a546772116dfcc5c5fa3e2509cb4012808b94ed"", ""19da68ee04b22d0f178599502e680f2038f731a8bcbd26cc47e01b86601a1670"", ""7d6b28eea0afdf7cee16730b5b3ca30ff7b8b211375b1aecbd0676fd2379ecfb"", ""29953f9504d6974fd7f853dacea397aa6551e942f9a3a983b38de7796109ac92"", ""6d425f3c1f6b17595c85b580469c7ebfc331332d23601f059d4955c14c589b6e"", ""32dece3d1e91973aa4eac1decbba0b00c628356501e6f19263ca9f20ed2a53e3"", ""fdf63b1d260d385802d4dd5041a43cfd77a62d5708d1fdfe538e5fc92eee79f3"", ""aae9cd7384f2fa6ddba4c97be63f36a23b5347685d6b1cbfd6e5436b243b631a"", ""767e3e1757c2305bc40fda47015c8c029fc1cf21d6b80dc3920f2343c1f3a928"", ""eaa6445178477f6ef7915b1b0bc39579054c4b93212d5368c6467c51be86b3a7"", ""75e815f92269467820ef6e2c9fd4917de52ea3ee15a8d6f48773f10fe4bae252"", ""0e8bf30bf12973b6fd14a6928c822c53de2d9dd17444ff7332e1454ef988c6e0"", ""6689cc4cc6a19939be5856fbb058e0458dd181506a031c385b477043d812d60e"", ""26ee166c57bd9c60345018523fe1a6bde3f3328a199f3115ef3e274269b02bc2"", ""7ec4d5b68a454a51efe271b79469d9ee9abfbcf78e2eb1b1c41faaa2acab1cfb"", ""104c631899fc138b9f8132b2b54e2e5d8be2c68e9033167852cab9ad4b2c2544"", ""a05e1431a8a6aff65c2267fc30f64a1339c7666af013ce6f9b6c25bd33d3f386"", ""02673ed81bff20d219b358274791d7664e2b76fa193f40300f8e8bb6af277697"", ""a778004f70085e76e839af2c4e083adbfc585b933d9b88087a9f163cbb9d7801"", ""8004b2748aadda3f02ffd4d3b9548febcacf1974a7f8448cc446b08ce35742c8"", ""4d066ea359461a8167d556b199ea849771ed7bd67946338c9e946274823c5b1b"", ""f3455f57d7ad4e2506c6b829549a32450b6c4a84b8fab47aee514668396b0235"", ""e74c25d6b4b706bdb02799c1d7dcf3973bd1db15945b34281ac815ee363bccba"", ""aee368f6bb69beba0b9c068778798e1d9a37a4519b94725c32c91fc680a81b6f"", ""d60ef0e4092f7e24130df67c24541d517a4373b24d050a4b2f02df26d9e96cac"", ""5e868c44014a369684821b346a68bc9a1bed7ca6e0e714b4e14591b6d7ce5168"", ""13b9458ac891832e651a6d0b076b44559318df53f7107285dfd5b479a7f54ba1"", ""c4cb9f95ff57a54fc1c13ab219325ae1cace6a49e173187916c8f452578ea08c"", ""6e20ddcad24219fe7bd7f3a1c9161481d75337ced48e6f856fe0aadf621c59ee"", ""5bf05318479d6782ca4f62ce75a53fd445d0b985a9d9f1666dac4db5984e10c3"", ""494a3c77a964ada1f06106684e16dc83bc8ffdceee48577fb2ae888b3d7a3b98"", ""910cbbde2c52c12f2632b3908275bfde5d6d4c71eebadd4480c2791197f421c8"", ""03f1691bb9ff2d8faabe7b65a4bed402fd642784aed815d4edb9c315b88599ee"", ""7620561fc8a2c7baca5ee2e7a262f13b3b337933b2149e93ea0fbf3c59960299"", ""af7a5deaa78bc26d5e80aa01923a012bb2cc5778089347ce9fd81c6b8ebbac63"", ""c85e9d8558cce3a041bd462bf2bf80c0fc2caf5b77430a4c3895ff8cd9016db1"", ""824d19f87992c98d5c005c1c4cc3a5388ff60b2c69f663c12f4df8a47eb4319f"", ""6520e7b1b854b7105c6ca5c199f5691d2379017c5c40d8dd843afeec00126082"", ""440b3f63674c955abd42cbef3d68edf5ac879fa6fb5488161b5282a223747880""]",9ef1df93c52bfc4987b035f2a6896a11fe3a0951139ff0ac2d4039a8b93a5a29,public_video_capture_private_packet,external_private_cache
g_79eedbd9e6d3b09a,instagram,candidate,INSUFFICIENT_EVIDENCE,"[""exact_identity_or_complete_set_unresolved""]",2026-10-09,88.818005,True,178,"[0.0, 0.5, 1.0, 1.5, 2.0, 2.5, 3.0, 3.5, 4.0, 4.5, 5.0, 5.5, 6.0, 6.5, 7.0, 7.5, 8.0, 8.5, 9.0, 9.5, 10.0, 10.5, 11.0, 11.5, 12.0, 12.5, 13.0, 13.5, 14.0, 14.5, 15.0, 15.5, 16.0, 16.5, 17.0, 17.5, 18.0, 18.5, 19.0, 19.5, 20.0, 20.5, 21.0, 21.5, 22.0, 22.5, 23.0, 23.5, 24.0, 24.5, 25.0, 25.5, 26.0, 26.5, 27.0, 27.5, 28.0, 28.5, 29.0, 29.5, 30.0, 30.5, 31.0, 31.5, 32.0, 32.5, 33.0, 33.5, 34.0, 34.5, 35.0, 35.5, 36.0, 36.5, 37.0, 37.5, 38.0, 38.5, 39.0, 39.5, 40.0, 40.5, 41.0, 41.5, 42.0, 42.5, 43.0, 43.5, 44.0, 44.5, 45.0, 45.5, 46.0, 46.5, 47.0, 47.5, 48.0, 48.5, 49.0, 49.5, 50.0, 50.5, 51.0, 51.5, 52.0, 52.5, 53.0, 53.5, 54.0, 54.5, 55.0, 55.5, 56.0, 56.5, 57.0, 57.5, 58.0, 58.5, 59.0, 59.5, 60.0, 60.5, 61.0, 61.5, 62.0, 62.5, 63.0, 63.5, 64.0, 64.5, 65.0, 65.5, 66.0, 66.5, 67.0, 67.5, 68.0, 68.5, 69.0, 69.5, 70.0, 70.5, 71.0, 71.5, 72.0, 72.5, 73.0, 73.5, 74.0, 74.5, 75.0, 75.5, 76.0, 76.5, 77.0, 77.5, 78.0, 78.5, 79.0, 79.5, 80.0, 80.5, 81.0, 81.5, 82.0, 82.5, 83.0, 83.5, 84.0, 84.5, 85.0, 85.5, 86.0, 86.5, 87.0, 87.5, 88.0, 88.5]","[""db763f5e7f90f5317dc2be7b0df8506e9494ad2abb0acc98bd74204f642f83b1"", ""8ad46d6e3d52be9895ac00f22c0ad746fb1fd63df208ba8956d3270895924bc0"", ""1573fcaf67813e643aabd5ae515c12a88f7164b2df9adfa0c752ace80f74d40e"", ""5b602a26996ac143fa4754f97d99bb708296236ce186ffff2275274cbe2b84ef"", ""b7a66d7b1d314df928f24052374226cb28eddfac04b4847891873e342d4f8f5e"", ""0a2394b800b64add2cd5d09244f808b8d2cd68da60423c13bf1cf621dce457a2"", ""7780499aa0c7cddc3d32ef843a08dea6c1e5636de9e4cf373566bad2ba826c00"", ""1d3c0378ef185ce587a66fd78118eac0bafc8d00671e229de978788f6771148a"", ""d0cc8acbc0902b6d6ffb12e5f35ccbcbf11d12351e0733064678430326cdc606"", ""e9fc2e881ad37211dfc17c41d564bd4fd074fd9a18e5ac34b375724f9b570e86"", ""2be0c0e4143c94b350ff932fbe278f4a465a0c41ca7a3d22874022e68c79dfbd"", ""b715745830ceb1101351be5e3118c6261cda944b678073d48002d48359009da8"", ""7089e8c43cae505732b3de0d56142af46f0cfbd75123b75f2cb9f31c9b2e07d2"", ""487b9020407fc732ebf6b93a94e8b9c7054da6f39bd0a078bc456a260b8a5de6"", ""572798e3ed309d0f9610c231609a9b71212f075dd654e1013278bd11eb4d7962"", ""034ee7d9c6478bf59b9e48979fdad8146558ad3c9c2420670949fc5815391e31"", ""c353c032a2f01ace16cd807b4faedc03ff06df9663f1cd4f0d39366b96da07d9"", ""935c1494bea888c16672742edc584584a39365bea27809d6c29e174b510debf5"", ""3032033e3ccd8f14bb943f29934184f47a06543fa200b49bb64cd65f9bc20dfe"", ""662ea030b74e7d2ca832783e06969fef6acd0eea0cab683894c36b1400bd4f1e"", ""65c075b19f36acfad4717a48704430067cfb006c9a5fafca88465249133d1fe0"", ""acae365b20c9215408a4d9ebe569310889b9452c9d39bdf9187ff3f4f9aeadf6"", ""d2a5c98ce4cc232115eaef6e179a496a9ac391aaa76baa48001a18e341c8cbcf"", ""cd3ae405807c2e30fd7ad1d0749cc0203345aa669c8181086890b2b6d16bdf4f"", ""4867162ee1f6bf6c35670f477a45d398500d8739befd8de49c7d8eee50b498fc"", ""6dba0cf2ebff3d68903e308868cf382a57d175a6824a8674b61ed17d4831ba6d"", ""3f6a134e00ae991a3d4f819a28717f65bdcf248949a6757f4b17c82b63b7bf91"", ""705d76a06033347f30f14922b271e41babadb3fb399a957dc86af0f17389350b"", ""8284e69d1fd0ed9ab8eb20a46b9ff80cd452761f979f8f8283be0587fff222b7"", ""cf9fc912457fa0d2b18d6e2ea99b9fbd5b0740effc1c13b8aed8875c2c0242d4"", ""e5213c8a0c2c2c84a8047ba17a7c6b3e5f7b3f722cda230414bb0573e7b7ddfe"", ""b894adbd66f90ee7128dc4c42f23aa47d28cedb65a7c33a141c94d70bdd20837"", ""66eb70329107c82ad79aad7839903a638aaff4dd5a31ce0fb9bc7fc9a5f5329c"", ""a2c2841452e981f6b3e80dac31d8afdea4b58586d855d2505efe4aabe9ada3c6"", ""09114b281afff6413f7d30617ccbd390f3f5d8ca516445946355507b059daf8f"", ""6865f1bc47bda4ab132a62d832d4d7c5d3db0137e3dc35a1553f32b069dc7b6e"", ""27b0b02d8387fd90e29c157caa112c83a5bac3ce908c337f0cf2135b5b68cc0d"", ""f6532799c3007e8b992ba8909d1934762c933323c81fa8d133e745a8b7c88c31"", ""bee527981d5b55f3f56c1c1fc8e82dff22a4212b896ca59395f50b6523349f0b"", ""19f65d133c268dfdfb98a51b43dbaa5d6ffa4938d94dbcec8eae04b0041b2a7a"", ""f7cae3ddea4c856e662c0b24084080ff487c9fa73dc9b826baad62b1f2a1f9de"", ""1e8c541a7371f4b27e4cd42738dd362845b39dd802859a25189c353358d2625a"", ""d99d770287ca29ec23114bd699b24551662533a68caef1c3cea594e32f50e0fe"", ""2e2a8390f2685cd3a4cac2e6c175a782d373b36d739067e0415b4b04298ea626"", ""037ebb2e319ba4ec7ab903fed7866331cb069c6676a277ca6ce3fb4d11444b73"", ""1c44ab9e2e7d5b64bec0064368068113b26587877582ef6aca401b0e26d6e1ce"", ""48524087ebf3e4450eb9430c0baabd30c175172457bfe97c324d79c6e582f0d3"", ""13ed4283ab6e66345d1bac3492a9274561bb1710ac08491c454e842eb1dc4ef8"", ""430b0e1b987164e7f0aded15606cc8e26cdd2b10a3d89ca7729a6753eb5f9dcf"", ""0caefdedc4db41080cf08231abbcb8667e8df79d8c18a49d3dc52d073c0555d1"", ""d8d77f0fade2e1661548e9c6ff2f5c2b447916cc04d67e64f4ea35922cb29218"", ""25de81e9a74bd0a6f684484788919f6ff30d39a9219783d646618d427662d02a"", ""a58f7a54176ef507b29e765bfd5ac87414a64a7bd5163b54232aeb77baadc540"", ""1b30c4384a824c00f561638c68eff74db559c0aa6beb4be896459fea19118865"", ""869e23fe1c854c0c1acc79c7354f38e0db42a647476b60cc3f0db2f8797536e5"", ""c97bd11820a5da9895e181ce77e3ae5816f1e3b8429aaf1669190577e15df2a4"", ""c3d83031685f705e5880c458583ace5984ff900f4580ec2db9df5e4ebd8c7948"", ""a15f4c081d1f76549fda7eef688a45dd7698d5b1daf63bec96feaa6e0dca0572"", ""d0339a8278efb03d54e5d0257281a0104a65bb93ee3a7a6f4da9414fb1db74e7"", ""0bae871f217b65120f39a1739907797b7baefe124faf534185774341b78d9604"", ""b44a03e106c168629e57ccbc1543c9da6e8795b022f71d5536ae8af594b5d512"", ""fe23ce0bee678743103178eeae2c4d68e0927553e64acc5716fafe56125058f1"", ""5450e8cd3f6b5db85d5c36c0a451ab1f39f79099dff6c89e2d060b6eb0a84528"", ""e4009ba0c50b7f7e8c07f034bed99de2d20c8357d2e5d784a71cba5b565c0d08"", ""24a863e634eae598c65f03b088e38eae5bd9599bf172a6b0c4281bf743a001b7"", ""9c102c605ee3ffd9e8af6cfaeb7f93314c68ad354dfe5723cc58a1873fca0f50"", ""13e9b285bebca9b8fd49bdd0cef5f3d0009425fb52a4800f931e09c8e54c410c"", ""8ffdabe849443a32197b84bbda844fd24e96b27152aba832d50ea3e1df8fca03"", ""e97724e5ace3b1b1154bb110ae92ed0cf77f7f367f319f5580cb2ec3d46d1328"", ""44047eaa8cd1b54844ab3d0c6debaf94ede468f4966617f7776d87f9f2a55798"", ""7057388fa61c1142359484740c4771d38991a92c8fd70d2a03f182b048236a09"", ""3c25f9069cb90f19504502f42afd99ad0c04f9dddd1244f2892905743db7268e"", ""b17f1ac2ab63cbaeea73f27fc041a16c24f8b545ec6db29ff0540392820aee57"", ""b3677b6a3959abe1a45a3826915c1e3d2806cefe7da36c251dd3a25e22974526"", ""62a908c9186a0ff0f697fab3d69920a166955cf0ef7622ef998309963254c3af"", ""7b938cb3a9f3b8bfcbea207e1cdbe28f6d1cfc22f136d69ada4aa6498348fec7"", ""79b3c4c89ea0ec36ee9df547f5b799fe9e5e72819ace36c7b847cec9de4858a5"", ""2c31bb9c657341af3e3bb622a33508d13cfda170c5888df9d2669a0e3618903b"", ""dc1ffc67d5495937dfead10ea7e3f5ebfe6f28c98fc3243a6c35168273654df0"", ""8343b1c1acb6fc4c1d580910eda1c5d3aa769cf45aca83d63788fdc0dcc8903e"", ""979692042670538eece35f236551da4518e49e85171144427d1c8343f9a788b3"", ""772e69917c957a621b6b66a792876cc1851e59fb554ca18050c54e22f47f6371"", ""99298a735c5ae0cb18d7496f83668302715868916058226185033f7667734690"", ""a752127386f27224ef40076368eb0ba0fa13fba495bfddceec9705c919e95a43"", ""52346f145d1c257c4e8fe8b8ac4a4036949004050218148918612d82250d6957"", ""903dd7c543d91a2477aac789488b7e99c16f65d8dd8e8493dc5529206e3936d8"", ""0ff4ed7cffdd6ae15c42b900702e8911855a5fff203cb9457f09cf61c1b49638"", ""c325eb9edb0d344ab651d1b86de46a7cbedd3384669c9c405af3f025b6d68047"", ""5286b14de2f3b2d09e64280ffb10463f30b297267c8311d77d421ce7a121379d"", ""8fc2f2111a926bb7df89fb60c785ed0792bf25c4d3091b0f585b55d08e6a273a"", ""d0ffce1dd7ae82268fbe892601a87d2a5e68a9b3bba3122f7a3bf37a9d36433a"", ""ff37ac0e684d678885c2caae25882fc34bbbe61e87b77d9caafadf0861f0bbe3"", ""8211c171659bb7088c624544ffd0469cbcaf5369162ca01987df367c1c241152"", ""787f402877409faf1da17fdc48d4817b34101214402377cfc0b07bab05289395"", ""a1cf358002aceb63777b11aec5235b019ead162a63d8ec022ad40d339697e613"", ""4f6cb932906f9de16822f3de4e4e006370d300038634c459845883e18548e246"", ""6dc3be7726efd974f34ea026af660c21f67b005671b4902e51502f4b9a35c080"", ""7708015f86947e97934502a82b0bb57ab9452fd6852f6f0126260b4f8e8cce2d"", ""db39627be4aa7977de0fcc3021fc65fecf72db7f54bb69a5204835d7276785cf"", ""b52c7b616ea1c157c712960910a88bbb99dadb3e4a148d22e91f09d43f28d85c"", ""76320ccca352589efd22dda04196bfbc86a63967432d91198286f297f2f9f1db"", ""f7ae69a543b7f1775bfd0aaa24342e22b73497ca1e77321cc7a7c22821b83255"", ""c95fcc460c768a0dd3634ca7fe86006da20d29a0ac910c2b5474fcf7a6f9a996"", ""fb18979abd8b025c5392da7b2643f5d1fa374298fd0cfab4ae68696db7185c02"", ""53fc1db2d54d9dc11b19ec604c79bab9cd240aaff5a185a97cc15371e261e65d"", ""4a981fdc5aee0ba358fe15c981da5583b743c3f835b5d29e3eda72c893d95276"", ""6b140a75c4573ebc17cc44888280c2797dd4c7df8db367c866411a59dbe34d0d"", ""08e0aa176b3357399a736210f494d87931e76c8fc837154b7c46558489fe5952"", ""685b48046f623d54f8d749a1d593427f054c10217739da3b721fd9e7730cb9b2"", ""b9aae6eabfa28bf26a751324fb415d38497a15ea40634e3aff85bfa7f6f84d02"", ""5dc31637a679dce91120904fe8387db8743a22a776063d966dc1a42cc9bd3c4f"", ""d70a59d66e6d583ece2ca159f5768d1af4420d935cc311d63aa74d4613406584"", ""8de27e12cb3ee6fe8e93cf473365ecb95be0064bce920a986d5dffd9febacf0b"", ""a62dfc652d9a88c67123a8f6e94b1023c1e84fe14c51cd130a8c8d574fb7b02e"", ""e49d0d244c8b5aafd9e094dece1275468e59c2af2fe472b0b71ffee22f0e592d"", ""85894bfa187809ac1db3a98b98205c1007025dfc6c20e7b216fa669596fae5c9"", ""92cd7327b44719b3e52f9f1cf9efc8062183e38839caf8be0a17473dac822d7e"", ""b873927a5743808899cd4ac7349fafb60520462ea54d5d038d720cb2b4613d7e"", ""5a4a2c33484d80a6e1b55215cc6f847809fe89f7147a5513d3cfa5842bff2676"", ""4cceb8c230816a18c67ef0d5e9e0ceb2d8f7e848dc5b09cd10a39e60e6e30c0f"", ""4d8ff28b38012d7520d3bb43df747ee213841fcd9053032420ce1f3995f2e1cb"", ""456aaef295012dcc2f8a3aac18c6bbc86603c177a4e6b04b22aef29ac764878f"", ""53460dd5da0ecb4673e164bd517a03f53c99a9f4fc10392c1de8de47872eba68"", ""bf630e425119d1bf06f0e2e2e4acf035e117b32dde0868c9b687a253d93a248e"", ""b91a18f1eb96bc2b8c3a12ced511a85beb023a35c7e62366781827b355d583e2"", ""39fd5254adccdee5a54d691e093d4ad1641368a14317434f4e500705d567b733"", ""7f0b0e8669f0dd070dee614ad51654705ca84eee826ea9ee050d989fac9a3d2b"", ""cd649588c465868e310f612dd8cceb191eda7d568f81b003171f761ce4dc59a5"", ""c2631a84d971e5e95dc830a5305ef593e426f80db5ee959c863c343fb5b8c8a7"", ""dd1dfaa7f9d147216b08488ec513efa3cff42fbb79355c539cd57983cb7a60c0"", ""8ddd71f11f27c0e7eec2c964b7668c603c4a728929e7bfbe3ce9d4a65b77c9f1"", ""ba7263801c4e6e50823830ea42f97d2905d2b5399312979e89c15cd89fb7be87"", ""59be1602f3785614790fb8a1276574b081063bd730fcb263c4c6217170fa0f93"", ""8705c3def7313a86a5e5b01128bba59d271ad449af5ded16b016d51310e46299"", ""8cbd1f31ae7086ea11bce20bdfa38df3de64ad28ab7a65e50770cd4540eb16fd"", ""9a9e9edf8748411f7514261dbba8b9e04a609ca636c5daf618170ea4b917ee3e"", ""9123c72e5b79de0f422e448ca0cdc23d5d73f7952d80cda06c1e5ff99860991a"", ""776576396500c63be8c998954685510134e96ad36d630c97f2757680fb98e53e"", ""0b89715805393fd835e0edcbd54b6a2788138ec12b9ced5734f584d400d397ed"", ""fd3a44a68aba00a0d86f12d098d745a26339cf22ae8de4ad56ea94ae0ce600e0"", ""b95d35d9994b621ccf9999afa88722cb00439d056cf2ba95e3709c3c4d0a0fdd"", ""474e3ec5b59dd0fb423bc98051f4f4790b30ff5c49af701001eae53ec907b743"", ""d591c37991895438a3ef35e26846d49afe9f81a5abd9b2660dd1f408b896d8c5"", ""4ed97ea1cff334fbe01606cb05424a44f0b908493ecaa8c188517571c00069ec"", ""e3c23afa3537aafbcc1c173e39d1bc946d17797a358faf0b2cc40dba3ad1f969"", ""7d4ec4be3c999eece6f596bd3f3714f08a24e741ac351861c745b8a681f9b9d2"", ""d662df00c2442e2e853cf1cd47497e25f4ff72b63100832b2e6b45a4e424cde6"", ""c97f728fa382dab673188220674e77a357a99dd99642478bc5187b1b8f3de10c"", ""9d267dcda2fdb5d8ecef1d471ecfaf4f8ce257cbfed8605e738f5f86ea9aa645"", ""4464c986707eaf6cfc71aa44b2ee94be1683fcc36d340379da1f6ce5a8c22bcd"", ""220cef08cd04282d543b87a7b0663117c0984bef4e7e76132c864c690418af2e"", ""6e1e5c90e84bb6da115767829a71c15a6a384be86a0cfc25ffe68588747f4acd"", ""d78630d8c41fa6abee2668f7884f136d455e32db74f1e648977f28e16178af4c"", ""937fc9f8fbf933abb016b5bb8b8700dcbe2b316ab2ca3e8a6a9adddad68ba0b2"", ""84697c5903ac38ed3cf451f7e4ec7c6255b4d14f182860b7274a4084d3ba6f42"", ""ad4950bbde188c6c1599b859e66111d31fe7577f3811422bc4dc9f80f42ae3c8"", ""57d42da663a9378578144b2bd1f309b229a108d6260787953c792131f519d906"", ""1dd2425890bf0b75733e2b8d3b2dc65a995f053c8d66c625c4925113c17e74c7"", ""5286e5ab0d6764f42d7daa53329cd199bf22cbf7d3aa361b68c60fc45d04de1f"", ""afb8cc1997f2c4e3d21aafcbe329eb5d68351e2aa75ac9dada5523204c5a1a36"", ""482e08fb81e89a75e218555408218885a48f61be78c68253acf32df431809a70"", ""daea74bbbdbe2aa1d3c0a14d4fe1c304dd9e1151c44767d4f9de8caca4cde2a0"", ""8c5e4fb0281bd918006dbc8ab0e1e0d4d5ac616cc54c498d220cedec3e198db7"", ""55d4e7d59ecdd2b2713327bd162ab2762869db2b073aef2619e233e7fc8019c8"", ""d88bc890f98460be50a8cedfa5d7462a1d4cb9a6e77f2eacb853bf2a7330b2de"", ""38b97ec830735bd30e746035228c9fc75cb3704773af1cc278468f07773f57d2"", ""1aec319aebfe0bb9cb59409265da4649b47766d1f49b97875c337ee7af2ee40c"", ""85aece1475749b16e82d406b50d95364288a06ec8e4679fbbbc0a8fdb5bc6a9b"", ""c7c2694bb90d38bff6ba9cfd4533df4f9e97bba7dab0facc68ec5f62d2395c40"", ""a6395c5ef1e848cae9560925d4c8a89d0b9ceb81d9fd9e06595724b29de334ac"", ""6197063c7fe41e582504c440b26320e0f73ec313c95b3ecc5254ab2294f0a6fc"", ""87ed569db532e1c1ccd99abe63ff95ec117e8abe92fe7a671000da0cfbfda634"", ""c0c479651c574716e0ff3d78ddc22fdb150f5eff03a804576c1a6ed8073a6fb1"", ""320ae3cb105ddd5b7136814ee0d88ada573991d61205852d9f776b02887accfa"", ""4a1b6568262f3e403b370237819012b13ebeac9c6a9d745ee24d8b04abce65db"", ""84605af047fa54811cdf9c1ca2a5bfb488e88353bb88ce00807adfc672af6bd1"", ""9d65f18be1abcb08a364627ad712c2bb01b446482d204bb044bd28029ea97843"", ""25b38622ef1e99f19b7b5a3e5a9685ca609b69cc4f3544821a8df362ef5b7842""]",f27018d433a214196525fe84f8b649eff20726c478a6622dbe157388ca82f1cb,public_video_capture_private_packet,external_private_cache
g_20170ab3473c1031,instagram,candidate,INSUFFICIENT_EVIDENCE,"[""exact_identity_or_complete_set_unresolved""]",2026-10-09,45.442993,True,91,"[0.0, 0.5, 1.0, 1.5, 2.0, 2.5, 3.0, 3.5, 4.0, 4.5, 5.0, 5.5, 6.0, 6.5, 7.0, 7.5, 8.0, 8.5, 9.0, 9.5, 10.0, 10.5, 11.0, 11.5, 12.0, 12.5, 13.0, 13.5, 14.0, 14.5, 15.0, 15.5, 16.0, 16.5, 17.0, 17.5, 18.0, 18.5, 19.0, 19.5, 20.0, 20.5, 21.0, 21.5, 22.0, 22.5, 23.0, 23.5, 24.0, 24.5, 25.0, 25.5, 26.0, 26.5, 27.0, 27.5, 28.0, 28.5, 29.0, 29.5, 30.0, 30.5, 31.0, 31.5, 32.0, 32.5, 33.0, 33.5, 34.0, 34.5, 35.0, 35.5, 36.0, 36.5, 37.0, 37.5, 38.0, 38.5, 39.0, 39.5, 40.0, 40.5, 41.0, 41.5, 42.0, 42.5, 43.0, 43.5, 44.0, 44.5, 45.0]","[""073e5c8e6a8dcd2b5934958fee83ac138c218925f38e5ee287efdec54495551f"", ""368838c318fecef6f442c1cec48bfa5cf167b06cc1fafaf3f3ad4356a2e3587e"", ""0a82d63b1e95219567f5b7e361d066fc9c6b0a46ec233748b10580e4b1ede97a"", ""866e1797e35bab1cd005ea69c7f9cd9f0f22c856c5a1337bb97691cf6df80328"", ""088768149eba8c07f0d969bcbc6e2f9cb549a9ed453b787e20d123e1c5e02522"", ""41c924e64d23eb34cfb76dc3fb3d8c852a4d792664a3b6f96103183c5d181aa6"", ""540a785d2d312b4d6af57b48d1c1ce233d5684d65f2111a3e35941b7405b69c7"", ""4aed5d3c29c5fa75b154afd2dac7dae862b174d281772744b6ff5168869af682"", ""b3285e762e25dca7899e764bc8050be6a024c8494ff08c5c7b4e4d332077498a"", ""23071ea82662b2faa9a71f37147b09e6eeea9ae596edd30450cfece3473519c2"", ""21c21e8ef99618fec38fbc250b2961dd48bcc70aea3eed8d9ba5fad0e92bcf79"", ""be211ddcb45551bd1acb6ee77856026a337959e60b915c7b05d5bca852c1908c"", ""1bdd1584d3ed4f34828ae583f9dfcbd55256cf4e0b3ed399f6d52390924ab4c7"", ""de53af49b2671aedd3d2a24f82b052f29d0d7f3e855117de84dd488ba1ccedcc"", ""afd83f4c9e5af03275866f4b86414256091afcc3d0d457db76d9a3cb50e92738"", ""44e20f56438691fdbc134a064218027e4cd5c86759b4f75ed280d7224a4fd46d"", ""9aa53ccbdab3a76a7d474d00fdaf3cd6b8dab2faa17474f4db968d1dc7d445cc"", ""90b4768e1098fcbbfca14ff91f816193be8fed2f6547b359eb6b60d259daa9b7"", ""9753581a5fbad1ef92b1f097b2c2bcecba8f0c7664ed03015fc6009d7f45b8db"", ""70a2053a7aa058c1c5b70eefc7619f681472ef16bfc60e392d1f212ca66bc1a5"", ""98d356b45ce367c01efeb2ea67a6eae187fec516ae274a8c28361fd3f46f8080"", ""4d3ef00c11b57962a296c1a7666143d4b5df24702e8359fdd4ed43dc5cfe2979"", ""a16f1f879fd84ea372dcc1793dc43095280e4d82001b3b58e06dec5ec3d95dd6"", ""9c40e4228d276babaf9f3b62c85e9b4f7afa3611debe233edb7cd2dde52d6c90"", ""e02693be793847cfc61d08619a8c015769999eb6a4279560c9fb61c570462487"", ""a58e5af011175f8b6207ad5528ed3ed961bec644de22fbfe995196b314663760"", ""ecbfdcef3d7c91ca60fac392eeb675c0aaffdc95cc9841ed3a518f6cb4aa8d4c"", ""a815e6e2e0ebc05ea11dd9c59ec5fa6328fcf936110e28e29c20ed783181d02a"", ""df7b940b0d1f476315e3b1b35cd80e5f6cd22abadb14f9f14df87674d7ab9ab1"", ""186b539f45d4c369672616dface9117a7611c5c33d0835bf95b6afad52dffd56"", ""3a3dd73b9a65458585b7bf5c4ef71c678644e2ce8cef4033647f819d3cad618b"", ""355856d911d3e8c9dfeb0316fb6e8666b9b073429781e7b08a683347e4f504dc"", ""d4d90dc1339d83c47f3d4ffbad67f7582a889d22db9d4f97f1ff169fe34aa041"", ""d814047fad03cd56a550f7f3757eac7d6bf76ee04f9a3d5d2b421c0931e61038"", ""9055f797c17ec2394215b7f02a5823c1f7d9971cf0c53466a709feb39dd13c83"", ""7d558c319da5fa360a63ee4fc436c102eed515ba6c7238c081913caf38b25bf4"", ""af85046ff08f0dee1c799fa8e962bc5569cd76bbbc3d1091f8bc4c443bf64164"", ""dcafca0b9213736ff19ad7d2141cc2c786aa9efe11637289c4fd58c52bdd9bdd"", ""8953f11928479c14e51d4b11ad674b450bda4b00dead8416358643624506e2c1"", ""9fb228eabcc4cc17b7f4c0a31ea530ef65d586d2490044bf0a1fa2732c915640"", ""268b0c7db9dc91d1247e7ed040195488b92222fbbe1a8aaade44e65297e628ad"", ""7ed3ddcaf8e48e3057aa1f21dde3c9f9123bafb126082e42854565fff94336c2"", ""8c914537f8292ad1641cd33417c4ebe7413a3fa4ef51e43cbe879f4eba226edc"", ""770fec4dfad6cabda5bdab22125d6c62d0f7b16e8aeb7c71f16b55cd7a664044"", ""820173381ac22d9d7e15aa19cecce6a52319f60487bc68ff0431731aab7e5fda"", ""86cfee939ce94a72643d646ec7867041cfb7abb9f91527d2c6bf164f4a088a81"", ""c6670393c4d26352771cbeaaae1a75706b57edd012258870281830e766c98845"", ""e7789c9b4eb8e8d7c474ef53abfa4e88062c3a060138e74a3c2509bb44be6a4d"", ""0d1ffd28a6532b8cd4a26dce38a387748d7c1db8a28a49b622952c78c17046e6"", ""41b0a0378390a4fa5206db13a9921beff36b8e4c4ea334c401232d40b1b7139b"", ""63f4e71ab1a529e8f072df97f31772b2d2554d5c5c61103a20c91f48bc5353da"", ""52084cebf3a3cc48b80a90e0da42c60fd6f7b35356e50bcfff34ae11a9f381c5"", ""070e49021850edefcf69b75fd436529a0a1c2ca50bdc0cf29f976aa46b4b3918"", ""2274ae52f6e7891536da9629c0c66f0028ba006e3d35fb99989f114dbfdd9d52"", ""d6cd26cd0d64fe3f7caff040563ba685dea4d83ad8a0a81eaa0d87ff8b4b3cc7"", ""13ffd4b4223e2b7730e4c7b094d430bf3a76464a077de1ebdc05ab0febee6c73"", ""7f8f9fd731873af5e3464c214aa9777a020face32c22d5de048daa32ab5d0cae"", ""ea2750d355bfffb764f7c94d625d8f9ec01caebd6b90a168b455f03d057f7b9b"", ""d9f0218a332fe057fcc86461aef8f6e047f3bd3cef1a9406ae25665589e18590"", ""07fdc139573e78e5b6c374fea18d4eeee85b8b31f7290bac23373fdaba10fdc9"", ""1af05fa6d29a471fd83ae595a23847c94247e57aa217413cc3735c182df05ad4"", ""23c5966b6a500cd4c8cc58bf9e500f638314ff6876af2af774a966e1a9684b6f"", ""e39f69a68d7f5198ec976283a0a7f90e41bac069fbca542650d17b900bfac1fb"", ""05f0e7529d9b70c7dc93983bd7f1f97a95ecbb7a659e5f8fe4b38737021c3114"", ""bf1805ddad85e7e9c01caf3e69b8aea87d828be72ace8a5fab3851acacc4d3e5"", ""71008ee991382d1616a51054b2f88424a4a89f443b80d5488684b7f834f00178"", ""f6f828aa61e2a44e7ceb7d4348cc6b4ac5d911ffc3966447e68da06dd587daa1"", ""c090b14f1d27ed9a4afdbf22c91864951d3d70426354876db4b5dcebce24596e"", ""2109972cd44764f5c1f649080391e8bb9e9021c158efc8de4181c9e805116c99"", ""6878b61fc6b40489489266f99fbb56a2a9e3c77258d5936ef8aee79a4d1064f9"", ""302184c83fc7c920e19eaff624e80f0f83f495390ead1380b0536e41d7868e7a"", ""0d5c796aaadd795225e9594ee7ed6e055d4d3df56e891f343cc5e0873fb26934"", ""1627991950a0384a129b32d8fb4d65d221b16f2ce139c4eee635a15722f41757"", ""2a67045dc8835081eedbe2b65a66f004b9d742ad430c158a8090f16653488620"", ""2acce04253ce0958e9c33fc78525f28881aaff6b9564bbac488a6d44a1b11cef"", ""2a54aab752585b42c63a301c31f906b22e05f5aa4455adf1c91d52398220480b"", ""68d12a0f3170cd0dc34f7b0a201d6e260f6308b4629a380291112aa485964141"", ""814cfef202402c9b77f38cc317ea4cafbafa3416e4a31fbcb1d518d0c8d6aa1e"", ""d5a8e8d019450dca461f56ebc002582804a43acbe684c58ea98d13d0f6afc850"", ""db3944045624a2dd653ae48dcb654fb77779547b13d5fc37fb40f231e040bd99"", ""d431ff86c8dd635cec138188fc28d7ff73c07ce8d25df9c88ec67c09c8c91d36"", ""1bce0679d6df41b0649b65b33e691ae1187171ef8828a3218df207792c1648c7"", ""402e7b7a82a9bbcc522c472d9f47669b207b066a36fda838ff59ce8ba1a290fb"", ""f3a8ce8b182683cbdb9cab1ac69450fbc4a301367212e941d9f051ca0e4519e1"", ""459d66d689fdba9e51b71474422ba815399201a1a065bb8c7b63947b17051e9c"", ""02244e487eab90a00837609683244d98268bc08c3f8c00e051c6b66f8bbd3f4d"", ""83b57404c837732e13ef307da17555002bb1e7dc90d31ebd5b8db02912c3d802"", ""28aea6762161752479e199d6b8792fec21e719bb96b93a405f2cda1cc4c23091"", ""edb4b384e851210b4a146dd96118e0e9bcf6eb3b10a38d05482f84d9d207f0ec"", ""7a1ead70e3a9e351ddc5b0ea1a11412322108a92141c3a5c0f8abfdee821b36f"", ""21cc0f809cfa41cadaa1e90204da00ac4cc35a8b8cef92ecde6d7ef104871139""]",dbb163552443c670fcb3a91d58c01e693bacadef3ddff79859ed0975fb40970c,public_video_capture_private_packet,external_private_cache
g_ac1fa11e096ef6f8,instagram,ready,READY,"[""full_timeline_review"", ""independent_adjudication_agreement"", ""hashed_visual_evidence""]",2026-10-09,10.751995,True,21,"[0.0, 0.5, 1.0, 1.5, 2.0, 2.5, 3.0, 3.5, 4.0, 4.5, 5.0, 5.5, 6.0, 6.5, 7.0, 7.5, 8.0, 8.5, 9.0, 9.5, 10.0]","[""30b65d2449e58f95627fa82f6c71ed03c7a4b2df449c9a9765f508023c80d8d5"", ""25d05ff715c67057854e915129abc809c68277d6495b25895bd915d17f706744"", ""c20139b2efbd4206ecb6ddc34bcc40eb88c80fe1a69bbdb21abe5166d3db0685"", ""955af32ced93f987fb02bf89ceeb30c9ee95253fbb68103fcfd9354be0783bf0"", ""e9a06f42ad720e4ce9dab64889adbf5aa25dc52287b2d2079bb524f0fb7d12a2"", ""952a807adf2fa473f8a63ba20c4cd5ee2f8d7b4cfc75b7e565c9010e99d56bde"", ""c6454a581a5c274b28f09aa9412a930bf43130005e83844880e70c75972ed43f"", ""64b1f132888deb1a2b6b2dc4a0a12b10ca97d8cfa9c48a1862a49c9c076a6eab"", ""d87a96457d6f00be15d401e6a64863b4e4d7d722ed169263ad52505a30d74859"", ""a7a64e5dc9d1ada989eb0e22c6932f7ff6e233866da0653cc6889871a59c2ff1"", ""278be21b35a58f107907b5148ffa5d0182a24fd189d7b3d4804178ae8355fee8"", ""27e8b80f72bbaf7c6eb07699b8c17ebde1758f8c4918444503867e1434412514"", ""b3d68d9b0af3254c05ace62683b6465e9feb346e38f5be07a636ceb443126afd"", ""7bc2fd2171f0d396d6d6a304575160e552b5d7619eb308c2af923e1d993e6589"", ""ec4b6ca94262cb67fbef6b2b1724917bc48cde40ad15f54e39b7be7774195e5a"", ""9cef287ab5f4178cd3cefa9393840d73de4e250618a3b6b52f4a511dbc8ee9e9"", ""897fd5e2d88b230423db29ce7bf5a202b31c08ede80884e72f4a78bb9e39dc60"", ""d7e6d2032e0e62e65271006c57c989528f71f71628073cb347d5e1237bcda851"", ""88f6665b2d14665fbef9ab8087db281134d04bb6e2eb8409f6ad513f83ffa34b"", ""4231cd1f48c166115d077cbd0242878926bde45f85c0b0641e8a47ae867a8ce4"", ""580da410911de64bb2c039a63688f2d7fe657bfd90e767d28e3641580994020f""]",bfd6bed3a6b167873e1bc3d37da21472f38ecf6418590443d5fcc6667d39270f,public_video_capture_private_packet,external_private_cache
g_3b86936104f35325,instagram,ready,READY,"[""full_timeline_review"", ""independent_adjudication_agreement"", ""hashed_visual_evidence""]",2026-10-09,25.380998,True,51,"[0.0, 0.5, 1.0, 1.5, 2.0, 2.5, 3.0, 3.5, 4.0, 4.5, 5.0, 5.5, 6.0, 6.5, 7.0, 7.5, 8.0, 8.5, 9.0, 9.5, 10.0, 10.5, 11.0, 11.5, 12.0, 12.5, 13.0, 13.5, 14.0, 14.5, 15.0, 15.5, 16.0, 16.5, 17.0, 17.5, 18.0, 18.5, 19.0, 19.5, 20.0, 20.5, 21.0, 21.5, 22.0, 22.5, 23.0, 23.5, 24.0, 24.5, 25.0]","[""7ae3bce0580d3e7defe83326386a7cb3c150a140fc6248f4d52c517b3289bf16"", ""b7c788e61af78fa22dd4949750f67a4e05ba4b447643fd9804956a6b33f2f2ce"", ""752b931bc7d37d2c8f9dcdd494f34ae6a04f03821e847e9b1f2f75352a0fb04e"", ""99137ca78a97e1ddabc41eb99f68838531b83595ade5cea3dd8f943ed7c06881"", ""94f5c017fe91da07bd068a97751aebe387ffb1807ffd7936b095ae57ae80297f"", ""8fbb7d6e3e0fce0fc93032bd05e383348e9f18e6b3fcd01de79a81829afc93cd"", ""93b07c41b7a416db578de34344b57dfe14445d8f1a5020e6a101ee6c908600d6"", ""91760cf5c175445be252d200bbc5bdfd9c2d970ab4252652533d5a3583a21619"", ""5b68dc648cf88f6e2224ea4afd1fdd5f5053f405afcbae843108a0d7284e4992"", ""fd5559705ed0b23dab5039624751ce6c822e3cd1b8ff8b22ea1df87af80bf58d"", ""0987d71548a3bee8801bfd652c7473a2fbd1a14b3ef4fc0aa62f5cb78a3bf4b0"", ""c9961d3ec42a395aa9941670765bc93a34b6213b0d234b82dcb62655a3df40b7"", ""8ced9c4fb6c1ad4456f8e3a815f7ff9920552019deeaab7a8f6ba6dccf291447"", ""c0d52f4a538f2760a8a3f371e156864a7b29152cc236a9c07524df29953ef85c"", ""05085848783d948f79bc2076871b245f6760f2984f67c0cf90b02c4b3a042eb1"", ""cabef7cc9fd1a364a3a7c324e9d624e3ef28a01fdf6182560c2ec0e57af2ced6"", ""b89c530a4d7e860dde6d37cfd2c296542bb8bb4840821328f405b262bf4266a8"", ""12c474ca8ace428c8cc919b3e7f0a2974bcdba00b2847b89a37a98e23c7a7e55"", ""b1a07fc81253bbe701ca80b0037151991dace704dfb445c70f6a018b82f991d4"", ""34093a70c279d692b0c754dc04275228ffd1467e783e992276cb9e2c8dcdc31e"", ""1ab4ae4b4432afc05c40d11a401708c23ca207d7718ac5828fde6dd60cbdf007"", ""d737274ca9339c3051fcf4cc40d5dc744d3f9b0431ecf643f09d3ffea26c173f"", ""1bac1acacc7d0eed91d40f2e7af51356b6ed84830bfe779cf7b1c5a0afd6e8b2"", ""77ad2cbdca8ade63835b849376fcd0e36d2ed3c62665942f317dcb6f8c37eea9"", ""dce15492cf23d0a8fa8cb442b7caf96ed644caeccbbf245ba9f086bdf5278ee1"", ""5c0520b41d8b7a6f67bdb839618830c041689a8f1346a4bd14f4d50070ed4476"", ""bbf31710b7c9a95d1264dd6915a0b1365f952e036779218c9e95a20e493f394d"", ""9b3b1b874c492772bca77c3146d22908efbb8e8d43ff9bcec1a1772afbfe2626"", ""ab12acca7f418a104c9adbdff43413de2c5606995d7cb1216cd1d9aa911427d8"", ""e9016ee6c14bf50a69d1e6e83155dacc95cca4d78640f9990057c08659c75cf3"", ""905814e04a7d4395da367fe1f106c280734f51278868ef713480c3727d1c2043"", ""b1ca4b5bcc2d3e01b4ed8e143ed8477b76b92f610f957e29728a7151ff18550f"", ""8969d3282880c992fbc6fa0144fe8a88a72597120478139756aa93c5440b225f"", ""a1394570f5ba4d27f78b9584e7bf9ad7bfa5195488f794eca6e9a45069bd9791"", ""38ca3671a9c13194fd459f5b5d58e99ee8c68e3df5d1cf7bb68fc42abb93b2f9"", ""60fa8aa66086ced7e99604f37baf96626eb3ab04bd0a5a6f5ccf270521fdd45c"", ""e55277c3d10e8f701281b4c6c224bf18e4c8d870707eba76527e62d31e1810f4"", ""52231037325aa50f6f9d442605a5aa5195eb843178a55b9e7dc8039bd99d6ba4"", ""ce1314e17663d766039e2f4105c8a98d8a70f2ffb68ecd2fd5c106ce311f5502"", ""c7792ee5adcc1f15f7e5ae35605a55987b5931b4979e3e2f5bfb004e2e62bd0c"", ""440fb7c1277cc497c3560789a92262d451663450e29151da0a4eca44bc592f32"", ""41d787b962624e11b0aefde081ea09b52e5f7691c3f7e91ae3cfd01dc6f5339d"", ""85166a4b4ac4c5dbaa824c8c7ebc898d8820ae1d6fbc854f91462587771c1eb7"", ""43beb5d620d30433848477e89a7a7a94293af5e0334b5fe931be344dc61a323f"", ""5d48956feb6fef810a6ef8814ffa5235d7bfe8293d85153aa8d26ba2842f23ee"", ""ce913276fb5cd5160c4d74f541cab172eed08882050ca24cdb7a35ed026386ad"", ""8528c1fe7a51ecc4e9f7bb44ab6a9a90677438fdaf5bf4dcdf617f4ccf9c5fa9"", ""e4b0f37d322449e1d8e9f91927a91bd3288cbe7fb8f74cba48aca270d5db500e"", ""a4d1818bea6ff3f808e69bfdd5a88797dbd1c79995618f21c2661a3978e26da3"", ""e2f27ae5da95dbab54c1be840a7148eb3b336b282bd146f34ba1deb0c909e9a4"", ""566d0a916fb19d9c422a2a527ea06bc07381a907e84fcd76a9a178d268b8a075""]",0b2ba6b4e2e33cdcd4264738eb0ef46bd3604f1d2876e58f197d346c987e8bcc,public_video_capture_private_packet,external_private_cache
g_35315f5cf2d1f78e,instagram,candidate,INSUFFICIENT_EVIDENCE,"[""exact_identity_or_complete_set_unresolved""]",2026-10-09,60.815011,True,122,"[0.0, 0.5, 1.0, 1.5, 2.0, 2.5, 3.0, 3.5, 4.0, 4.5, 5.0, 5.5, 6.0, 6.5, 7.0, 7.5, 8.0, 8.5, 9.0, 9.5, 10.0, 10.5, 11.0, 11.5, 12.0, 12.5, 13.0, 13.5, 14.0, 14.5, 15.0, 15.5, 16.0, 16.5, 17.0, 17.5, 18.0, 18.5, 19.0, 19.5, 20.0, 20.5, 21.0, 21.5, 22.0, 22.5, 23.0, 23.5, 24.0, 24.5, 25.0, 25.5, 26.0, 26.5, 27.0, 27.5, 28.0, 28.5, 29.0, 29.5, 30.0, 30.5, 31.0, 31.5, 32.0, 32.5, 33.0, 33.5, 34.0, 34.5, 35.0, 35.5, 36.0, 36.5, 37.0, 37.5, 38.0, 38.5, 39.0, 39.5, 40.0, 40.5, 41.0, 41.5, 42.0, 42.5, 43.0, 43.5, 44.0, 44.5, 45.0, 45.5, 46.0, 46.5, 47.0, 47.5, 48.0, 48.5, 49.0, 49.5, 50.0, 50.5, 51.0, 51.5, 52.0, 52.5, 53.0, 53.5, 54.0, 54.5, 55.0, 55.5, 56.0, 56.5, 57.0, 57.5, 58.0, 58.5, 59.0, 59.5, 60.0, 60.5]","[""f1eb186f5196fde4a6682232fcdb1d70305c4d4110e97b5fd923f59d07369adc"", ""3725008699d37ecc0ebb229508e854a1f380f50d12efb0093777f92269503420"", ""806da087d8d5340cb838797a0ec3dae2744e945716b98a6fdea1d8db15af9c1b"", ""e8ad3d518e572977bc70519c590702306b30411c15b00f5b91516b35057dcaac"", ""d1285c84da31b619d2e2c9ad2fda53c965d1722f1bc02df49698ab492f9fa8de"", ""b8668c5806191c9e238c7cb20fd07f5346680f05e3bee991f388de1b0ca328a6"", ""4d2870bafeb47c46c127561951de04110108da7158491628359ff3a879299600"", ""870289e7ab3f0c1396d0a820035e0e2eca6a17b3e1f34b2bf76adef5caecfdce"", ""9c3f27beaedb483b277acc30bc4d3edb3cad5ecdc156c09d0c808511f80962a1"", ""5a13782cb2b2acac1d883fbddbfff05aa501dbe9203132ecd98e691e9f1b646d"", ""cfd7f3a0b6dc146d019e5e739f0fef8fe327c99dd90a7fc7eb35c91da3a43419"", ""d4ee7f7d85410f20cb318fa86fe858422605d1cbec08cab4dd6765c2d7636b81"", ""eceddd4c2a7a1d99edf28afb5dde1e936430e1dadcd39a488aea6ee02b645eda"", ""76a2059069be57e8520962d7e86d18dbf8e0785ae64fa92b3226d94694d4f913"", ""ab6dd3df239a1873c0c41b914b3b6de5bdd0feb1cf9077ed9ad9e53087fa8f18"", ""3a78ea4ae06b479c3513fae336b51f5738486cdb6148ebe10560193bbd601587"", ""810d946088d0842d3143e2cbe9bd579b14b6036e45607f3b37c38a6c27da69ec"", ""fb0de8ac9c4882ee3061565fcc343fbe8127d6e26154e6c6d21c6ca329b5fb72"", ""a66af02bcd6b89c4ddd4073a8943ebb0f629fff948da28d13e7bb40a0589c9d5"", ""97f82738cfc4fbfc6f56ab9b1522d4a218135c71eb9479d73966bec7fc0a1799"", ""96058321238306d1a7f373b76b77ddc4de900112c55aad0c4055b29ab1ffc3b8"", ""cd657fe0bd30268d1474cf56bad008de9924fd40db9b854d639dfeadf54f12fa"", ""16057eab4334dc9ad5da6da802fcf172c818dfe6eb884be218048ea3e1169bc0"", ""a963cb765b5d3182649cf5d901867b5bfe2d70473b8f346d00633b741c725ad8"", ""fadd4e188224fd2667a771e8942cdf5ad1e3e562059cd2e69c12d7f558e8ae51"", ""e7525edd6ce4a11130ec8b42203e0b0e5848e95535ce9c4c8cc09fee1a16bfaa"", ""3cf9b5220f15e28d2ba423ac742a4915ce3580e4cb86d424e072b98a2cd80041"", ""cdbdca6d8244b19ef0df247a6b52704a64c2d85338c3f1ac8718591f03ac5082"", ""92624e95a8b6f03c0dbed38a333943090da73ff12243b3fe1b42e8875317c8ba"", ""9c1df0955fb60d6940c5e9eb3e6d850a3638d7a65936d494d550bc7d9eaaf1af"", ""ce4f13e3da23b942378f1a17829f223ac6557ffa5302402bc97b6f8cd02ac4ff"", ""a312d34e8cf4bedee589198c83a06285fec3f9aca40fc6d01bddd562bf551448"", ""4165b81d4a7630c8f5e848a750dcf4726c339b13c7357c4ab7f58057c896dc6a"", ""73d3328f1bd66d18a7b5c51d600408e6a2652f465a4e6a523cbcd7d5d36af5c9"", ""02ae57b8396c5145083f21c1ab44f50b7c91611ff95c1cc33e9c44b551fc02ed"", ""379c48164a45c2044bd1528fc8d4950c917c294b73c199b41c353f8c30d93e4e"", ""bc521c6bf683cb09c1ec8a57709840579f89c9d318355a2913b91d020d3b309d"", ""07bb83e35c8d701d87b75dda57b1ac1a861794f59c3e7962209f5704ec011157"", ""af97e8687687a90f7b94a327f75f6ab9339369f06c9ba2d56ef795e3a4a4ee73"", ""31b9270ea090969b4eac4635b89f0477b68595452fb23f44fbf599bb3257ef53"", ""4fa52e08c304e27923538321e4be17200e96d61d32135e3e9c242417c16201e5"", ""12086ceb6d9382af15872895c9ff9d1c0f36c5d2f9b26373d9fb9bbe9924d05c"", ""779768edfc3634099d0f58fe3f405aa291f800f21e6e87b6edee05c93f24de49"", ""3425c3a01e3e29726578c0d321965e8ca4756328e3ccbaf156d5a15a1873defe"", ""4b995ddb5e519c429684788dae999fd3ec335c6a97b3e0d717b50494e8d38a11"", ""6ec01a3466cba2bb35a85c7006f40be0fa1ff9ec199d622a74a9778ae1476c54"", ""cdf631f8d75cc23ae4d0402b48a27dfc428eda64bfbea852096f1ec03c898851"", ""22f5af47d9c186bb4f9a71d2f5396ca07f4436ae4c6a88cac7fcde2f65eb8a57"", ""2ab05136877c5c11886621b5adbb808a74ed0d5bf621542cc0bddbffb8227d7f"", ""250296fae970afbbc48733a512e8033f495c9283fe55465c8676d1444a7a7932"", ""5a50040a127c815905abdbbd5d4af83c6bafff5d6d09275b3591b9aa99918ca2"", ""8a3b15a6051d092e6b6f58e75a1836f768880ee0c9f83f531d5fca026490b932"", ""2686a424ba4ff48474cb26634a48807c55f2df78cb1dbf5865e3cc094b3026a6"", ""ed455c718a3a2ad28c0bb7de60797cdadc352d61ba434ffe71821d5887722eaf"", ""250d4999d7751013cabb83b5c9b58ff62af62fed9495fbf93e88c456b467c16f"", ""dbe6cd91a404a2a5c9a766b71b0ff6cdea793aaadaec17744fb24c86a2badd96"", ""196c5aef6b3f64e7f52a3c5e5f22237550ef3a91a32bf5bbfe241c7fe31bb72b"", ""9a0a0753b099efdc50ed749fdcb69a8914969c8b62972dea254eeab9361288b7"", ""59ab5e1967de1cb14fe2ab378d5922f058a9f4a30b1b8cc6442ed505657463e8"", ""fc70b7c419753ee912bf985fe4d91eb50637a4f7c38c9dbf4d20de36356b57e2"", ""bb53467e61e076036a33ba1ab0a5d3c3f9ce373bc14ab2eabba79ea53020fa19"", ""c23857815ccd9a89bee4ef5de2f97c8f9e449b32b7700468d4101d0050acb212"", ""b66072102d72e5476c8638762f109190a11fbacbbd464d9eb6c62915b118f84f"", ""8e69c638d9e7eeb1badc00525d729810d482a2c4787843dac14526ec1dea3815"", ""3fdecd8a618f11d8063a5de163ce5b3c2b8dad810b49ccf7f071e5966ecfa453"", ""55640223affe6769803c3726ab4ead37576e69f8d54e26b28ffbd9e440686260"", ""622860ad3a85cc764c621343770150c1135c2d8ba6d4ad9a1f20a95cae8c45f5"", ""a9dee48673455d703ea371309d9d4b06dbbacaca61fe0668598877e035768589"", ""062b37b8df03e44612e4eb5a6a8ea19c0a3bf65a09e559d82f3d1cde25d37825"", ""d68408d7894278c94f5274ac5fc98a81efec0cb65f9292a8e46810821c7028f6"", ""3990ae2376d8a61bac74c4acb457446d52fbf661cb298ab9e53ec281b136062b"", ""52d74cd4ca4ebfadfd35cb97d6eb76333e9116ad0bf15892a94f524b9b4bae64"", ""108e30073ccb2ddf2af8a06babfceef07823cc6eba25763a0af4532109243de4"", ""586bf3220775932ba0108cbeb216611e938175f555561ac331d84f2dd3f8e82f"", ""c0751f2c80b3b9f4e8c461a3cb2c45717f630e6652210d0a25fe9fabd960dc2b"", ""7dee052069bb4819d6879e0f119eefb3043afebdd8c51e635b00bd7251bccc0c"", ""425f43faa26c0a20a0a924ba81b38cc35051706c858ddd721be9b02025f40788"", ""b5943a16104549244ca4000a118f524ef8603a8761359b127c295f5e69418d7d"", ""54e48e24717d0b7846139590f580c7f333a82c5586c3e1e37d938204d3dde8d4"", ""79d8dfaea59688b202302df47624c4a55772082617951982c1d2bfeb346708aa"", ""bfd71fee6ba917fc7f72b9fe6ae3977c4f0c18d27e3c77dac4e246ec080f3f61"", ""946e8947b4174ee23898bfd4fcc69a2b22c2813b9a7d9dc1dd4793ca397392a3"", ""600574778ecec518d0d867b689667208e1f50e83d75d6a72c77702ba4fbeffa8"", ""90344634ac5f1188c2fd40bc771c4ddee96e55eb82fffd15bd078ee65cd3817e"", ""f03ad4e9b9ed54567536d8f8e1a37a0518c6093c20c02510b419ca525202c2c1"", ""656ddb114b0206d5402c285e54eabf590d97388925e7bdd5b5a0f81b35d05709"", ""4fa67b519bc4548cbe14e7d36530d8637c4a81774d2a6cf3a4393dda22e97f95"", ""cdff7dd3e0431a0982085a0e1972c5b97f5e5de3195412376b64c14a4ba4f082"", ""786f46520261807ee482542fb21f1c5ca45d0b586c06df7c457a8dc272209660"", ""1e3aca8f363350c249c5d01ebc8d544fa4e10e91f078e65d3386e149cfd58f1c"", ""2aa0c325edaba422397db9008922c42b819feeeb9760156812dd5ae26403cb4a"", ""dcd5441c180e161cb53ed55da8a0b601c1a1989a9c468c4622d2e804a509758b"", ""615c1cb2681793ccf7de1e191485ea3305afdef4f317a5f97d7e6ee4ad45a368"", ""1f780951af3afdd0ee68dfcd03fe819a607226cc3c00a3e63b3916d375addf0e"", ""e4faac99d72e5c5af00638671390c34e3dca687b2739dffd5cc6905eaccd9181"", ""841c72fcc1f2dd95a3841d5408579954216bc9eeaae8da7a978abd9927963248"", ""0d1bafd3250060cec58e2dca8b05c28cc47e28d0490b14690d40502ee34217ee"", ""150f0b1dc66c3acf4dc6800e1a22a233c29cffb131df4ea7b10468b0a8b7a59f"", ""ac481f8c4f82cd9fcd1fc62ce1ebde566296c57db9ccf5e7800cfd0af1fac7b0"", ""7ac8b9c80d0bcbf4c3d9466c0330015fd20d8446deff4f143af26cdfe2b806c2"", ""54ab793b3d1233d3e06acbb7766c2dec7e649d0ded078d0f3780a25a816370eb"", ""8333fd42aef78167c069fd017b38b6dc1f3083cc032d4e5eabf673b7500802f9"", ""eb6d74d32914185023a263c82df0b0ee40611d08eec1ca7511dcbae1132df09b"", ""79ed455a2f75712f61e24059c6110049efe4d2ee3867ec6bcf939bcdb4764fc3"", ""9cb8fd8979a3d0200fe3683624cc8d740c953b148ab8d2edcdaa54501b8f1d48"", ""2c3c9dac57a3e0f261034e43e8dec74891e6fe52b8d95223a865e4aece335738"", ""f0c25eaea5eba48ed0a9ba0eb793ee96085ffc70f7ebe95046ba9cd1c8d91e44"", ""a0ace9459fed5eddfe972c16d112a62623a81d68f01b52a9bf9acd043cc2bf28"", ""dfeb82e7e3975e2225493af19d789e864f0ef9908a58649e9fe35ca2607b8685"", ""6f4132b1bbcdc75aecaf8f65556d50747edfe4afed4fe0437c909137d2931455"", ""a93e3f167f2b595f2e035e0bb50489b365e69704edde18dacd0b31a9a2622231"", ""44561304f7e003c0f574f8e97a5e7cc3b84e287130ea0dca0690e6158839f62c"", ""753b8df4ccb2ffdcb0870ea4b0221de4ffc3f27c2d2f20f972c08924de946b93"", ""dc0ed89cc38e5a462546c16ab3462e244d8c5053217b2a0187abf313e64fa961"", ""bf2cfbaeb1736024a9977a284e922c9ae64dfc6ae122cd49c086fc6e0a9f7419"", ""1c5ac21ef270c7d0729905c2e65f8ac26db8128f0398219352a61a9a195e165f"", ""5778ccb886ce87636c3daa66bcecd0272f9eb5fa5a0f548c4a3b6a5f272e85d5"", ""ed6e4b30f3cc79975cdda4ff1d952de983709fce65f9636b25b7ef51f2dfe396"", ""3b1553a90ab4a0c7f2f3bf5a8a66f67d42299646eb405ba65924a7bc03625700"", ""db1ef0eac5e5a9927c5c8939cd294b3ff4abc443e9bc1ed314d50242912808d2"", ""4c4fe74c67b82045a691e68b2e6923bc6b8c0a5e802f4b1b9fce4c3a5108d13e"", ""fe73fa2b1076dbc0efff7545628ac8f53c77ec9a18d58255b720ced039641ecb""]",a3f75df842d8eedb4e4d121e2c6bd7eec0268f3729d61a1fc34e505934a5dcc5,public_video_capture_private_packet,external_private_cache
g_7021ac9a49bc866a,instagram,ready,READY,"[""full_timeline_review"", ""independent_adjudication_agreement"", ""hashed_visual_evidence""]",2026-10-09,14.7,True,29,"[0.0, 0.5, 1.0, 1.5, 2.0, 2.5, 3.0, 3.5, 4.0, 4.5, 5.0, 5.5, 6.0, 6.5, 7.0, 7.5, 8.0, 8.5, 9.0, 9.5, 10.0, 10.5, 11.0, 11.5, 12.0, 12.5, 13.0, 13.5, 14.0]","[""2e387c02583baa2da275f7b044b4fad996cd1090d63dfc48fdf2dcb2b0b9600c"", ""cc680cde132b3c8f648236f2cfff0df7d1ab072da641e8f3b6157764459ca7ab"", ""4adeebb1cc759fa66e6f24b878b6b03387245150870accbb9f528dcfb2d603d0"", ""9278ae773164c4e39592a662f40ac3c08bb87b02839d9951daf5b203c80e6a65"", ""d7907c9d7a3f484b4feee768487fe7506ac27c6c6d37e8b0ed85e991036d3a84"", ""2f819721d7c1905dc6d344db9b9989923b4ed2dbcb17990bab1a3bcad80c97b0"", ""337de1ad0b519d4c42871f696d3307ff55570075b8dd95c6e9761cb088402ad7"", ""cec9483796d93a281cfa92e0cc3fee3d652a753e7d758490a3d979f8d6bd454a"", ""3ffad4d4c49bc53a57034a50c177677a9f591930fe201a81fd3ae464160c63e8"", ""c3c3aee8a11657c3ea3ccd94d7aff27c7fa6a396bafe6fa604f53a001c97b031"", ""08d5efefdf2668ca9fd97c255e5031dceb6bfc61ef827f80cb0e5ec62f5cab08"", ""674af62f13e2cecef44d08ef622a4b5d78f48651384705ef7d4c0fec053b17f7"", ""28f6d00557c28be6dd9a15e1c8685cea7a38c46b6a1eda084becfc3e6f3ddbd0"", ""fc5dd6508f63b8568418da7c638a9767e5caf48600c4f7b3c40185a024033f8b"", ""3a69eec25dcfbde138f1aac1ca8e2e9f9b535979a6eb0a9b959f109bb9eb99fd"", ""b0fea9fe33eb106dac6bd85372ff22d7f506bb767931d0c5eaa04911d031d15a"", ""1de6baa3906e92f2d80ee11387f0bc6fcd5fa6d285cd8a788a82c27a4d3958f2"", ""4dcf3f03ceec0fb53df9c7e317b0ff45310185c3e4f4e2d9afb78531f4c01fa8"", ""1ebbb303bc581262c44aa7d317d22383896b742952863817f20a08cadbaa7910"", ""71eda28236591065036b400842e4b25e8240a1c8e1d70f6883426c73a80d64f7"", ""64ec73c7d025767f115cb8021964758126fc4cd3029ac6796ef99d4c2133302b"", ""779bb28909efcb07644be8264cc3f67bc7cfde24845cbff33de1fe9bb4f04941"", ""b0a8989a0fcf191831bb0aee6421055be5830e0bf4de1cc422ef1b9615743b93"", ""2c1a8a975de5c6896cd721deb3a5ecd230d9cd49923c7cc233f1bc519e744d9e"", ""8db7fe2b86c2bfe877b25abdd9235805bed31a5c8a673afcecd12d71ae63acb3"", ""43cd28f32dbb684f8df1a5e116f38b508c40e2922c420040efec458202214be8"", ""20cfb84b07140180cfcfdbadb226130c29dc6ca0978f59437cee1829641bc13a"", ""0891212d07705568bb84cb1c0e1e8d8f61fd006b21e5f303f0ac9a7cc4ef5662"", ""e34edaa4aaba3dbdce9f4e1afeb12bf910afad7a71d0be87a15ec5324c514bc0""]",a5b91f0b0ea8493477e04ca3e996585d0ff37c7930bdfd1757de95e7e1ac715a,public_video_capture_private_packet,external_private_cache
g_b6c60f33eb6a677c,instagram,ready,READY,"[""full_timeline_review"", ""independent_adjudication_agreement"", ""hashed_visual_evidence""]",2026-10-09,8.105011,True,16,"[0.0, 0.5, 1.0, 1.5, 2.0, 2.5, 3.0, 3.5, 4.0, 4.5, 5.0, 5.5, 6.0, 6.5, 7.0, 7.5]","[""a4a4c5952940aa85e0a6ded11f5bc73d71918504a58097f708efe5b5c9ef2a18"", ""e74869286a4692338f1aae38117aa662a35f416c83b0b832cdcdc3454ca777f2"", ""734606a5a415cc2c18365f4474f029ee386e23751631d935f233f6c99f695aa7"", ""bed88d1d454f9707bd8464f9860ef5266da9d9d06e84cd583d3be08cd939d9f7"", ""cad8e30b2f40e9e7ff6c1a1a102bca44e9cc03125344d17ee30628473aae623d"", ""65ce3c4aac35ab65c56f999f09df9bd40747b26b9a4df76a1d4ce7d1806b2c75"", ""e9185a0a9f77191747cdbdf0b07fb3878f62e8bc268718f81a9e6bb5f1e70298"", ""07bd70cdfa5480165439206a46fb25921113be0593a721c28f6fadc7ae2e3428"", ""f04e16a0d81776d085da0283dde57bb8d0c7dcbe409b1dd2f2bb460901f54471"", ""c69ecb3afc1eb8cb94c4056d00fd393a3e1047974f6a15640a3604856649200b"", ""ac2f13dc8f4fabd7acdfef5c93447ffbe6f4faa8eb84475eae14b3829c59f670"", ""73d0dbd2474f39c44c6c3fea060e917479b07fb4949d34461ec037a7689a6a18"", ""bfba6ed22768ff97727314796f4fe049b5aed1536020a83bce9fa254d80067b3"", ""a7b38ef5e46fbef86086b0f47d03c8900a9bdd07bc58f87ea47140dedd778ea9"", ""ecd66d48bbf802448783521d7c28da204bacaf9f329df48dab196ffdbca4ef40"", ""2a18fb4bfc13de3d8938d16bc0dedb5f26f032b816dfd2db97a693f5c2c19d4a""]",610d57e19b7a65c3420bd80b16edc81e5476136fe09f8c8e5644ed6ca0fa1e79,public_video_capture_private_packet,external_private_cache
g_648cb668cbe9b54c,instagram,ready,READY,"[""full_timeline_review"", ""independent_adjudication_agreement"", ""hashed_visual_evidence""]",2026-10-09,9.87,True,20,"[0.0, 0.5, 1.0, 1.5, 2.0, 2.5, 3.0, 3.5, 4.0, 4.5, 5.0, 5.5, 6.0, 6.5, 7.0, 7.5, 8.0, 8.5, 9.0, 9.5]","[""0bc7b28d23bb70b707598d144731b0cd30c6317098925232ef864e7bd92423e8"", ""03e52e08a9f2b86fa769933f36819d827b78274d87d2b122622d6a8b4bffbb8e"", ""f0788a0a0963494e69722947e747a63af6e314af164fd3711ab33e0c58ba765d"", ""f040053490c8c570fe8ad4322385cf3f0d5726bc7086c2e7ac93e6a59160505a"", ""67e9b7dd1b3fda5f98853b3d22b94d6a1bc179715e4336f82ee90c3b9a3ff134"", ""6358d84710005cc61f19ec301821f967737b2b77381278c56212314acd386e85"", ""7a73d09b30d1d7d387dabb0f10a5a09963d6fd6840dd77b6afa6d424091feee4"", ""0ea643e3c6b9a22b47cc786ff63d1c0a493d815c91c77f230d8da039263f7854"", ""40a2eced44dac70c677c49e25251765e2fa00fa70c02e4e381f39272d8a13db3"", ""11c4f4330fc030ca0c5e96e8b44663aadacaa8cbae5b5a2809ec9161004bba4b"", ""fad9394c4b3cbae655559ecdf89a952410d670d18291e0d3f97ee3254428b154"", ""18584b670b1ac198ccaaa7f57ec2e5eff5cfa6e59d1164a554ad73b17ad58347"", ""45c3bcd937ba4722ebc7469fa27435f65c50fe8234814839e9ce253f6d5c8df1"", ""6410baba72aac56bc51f1fcd58a934cea0a68e1b79acee3f2f36748ac246b788"", ""72b1ad9e7c9f398617f22cea15aad2521a9bc546a69192d0726082188c4efcc6"", ""e38545a6c720b30c4c21e629e3d3ca0e93c1039d6e6f9e9641abff2ec6ebb1af"", ""99bfde0fe4add200c29595a9417fb4fd0372bd1b93d78f2e2e64361fdc328012"", ""bb45b929d5de53b5bccfec2f50de005a10b8110f9385d033dec6a43159818fa2"", ""547e79924f5f6295266b0050cfb9ebae9a525c0803efb22899611f0b2da774b7"", ""eaef5ae0cac6b63e86eee181461a91d35f2002d6716c8fdde1389b57fd98e28a""]",1b8698e18bb7b6fe01bb67a4e16b2f71dddfa4cdc4b05638724c46874d3c392e,public_video_capture_private_packet,external_private_cache
g_fd34f4a4968645a8,instagram,ready,READY,"[""full_timeline_review"", ""independent_adjudication_agreement"", ""hashed_visual_evidence""]",2026-10-09,10.52,True,21,"[0.0, 0.5, 1.0, 1.5, 2.0, 2.5, 3.0, 3.5, 4.0, 4.5, 5.0, 5.5, 6.0, 6.5, 7.0, 7.5, 8.0, 8.5, 9.0, 9.5, 10.0]","[""54ba084184a2d7ce6fbc65c66dd774999a49d155dae68ddb9802c1c560e37715"", ""a2a8043c382eb1031dba798b0e6834f94912245882a911ce567907d8960ea1ff"", ""bea589b57c0c9c64c85766c557554e7838b220cb0c57ea720fc473c8009739de"", ""8c9c592a8bf05d8151ca203a323d3f6238fafa36c985dfd0c0b202bfd62c5dec"", ""4600ac59c23e20a3a2c755e59be268f8ce6f6a4184936b4b7ed76657dba1a573"", ""61ebb786921164998346e8044eb2d7607f971ff26535073671cdb3e8a4ae221e"", ""f0f0fcb0d4ebf206e07864995c5d510da1ba366dacd7cabd94684005d4108121"", ""ce3464999f4e01eeb8c9addd728db58449ea946fad211dcc422049e056ef2aab"", ""7b4b9cb8ac24df5af58745eb033612980776ec3ccb0f5daaa435c262d9d15a5c"", ""a25a3a2aa9ce5449c5893bc521689deb573050a4d6df7203627a9ae3cf1c93cd"", ""1b8006f696f5ef7e26f8eda95d1cd9add4ac9ad395f7f8bce9a8f558b787a425"", ""294896b60dcdde9cc52f42df73748c64cc015fff839207173070c2e36b305cd6"", ""4355ab1f90557a9f7e2413ca9548e4c590948eb0b9af3202d7e761275b5733c7"", ""4d49735b4fd076ca694cf4b3090600195ef711ca21f0b9bf680da2df13f7fac2"", ""866009c19156c8642abaead98a9cebc171d3cff75b0a81ba1504b60012e23e3f"", ""3a468ae4bbca61619e1d597b5d74a28693320e7d711b93eeb62122fe59e79451"", ""b1f73557ac1b49e35d272e006a2aeaf3b2e8804e85b2b83e54c3152b9272a205"", ""9247ca224b4994fba279c308eb3af084735d200d19913a6c1501ea0c7a630cf1"", ""8eb136ee931edce51830c27810aae7d006086ec51b98c53aac6058172a649593"", ""430fd0d34e7abaa68424084ded6e5d2e0e57d4bb8ab45e69cdd2464393fdc950"", ""15423e7b88204c6c6e72ad7341db0cb534c47732777a15f3b37ade156446b322""]",0bd5537ff068540d083aa31f9946da8aa066bfd297b2b002a6b5a2f86e4b95c4,public_video_capture_private_packet,external_private_cache
g_e8ea5a6ed9f6cda0,instagram,ready,READY,"[""full_timeline_review"", ""independent_adjudication_agreement"", ""hashed_visual_evidence""]",2026-10-09,53.633333,True,107,"[0.0, 0.5, 1.0, 1.5, 2.0, 2.5, 3.0, 3.5, 4.0, 4.5, 5.0, 5.5, 6.0, 6.5, 7.0, 7.5, 8.0, 8.5, 9.0, 9.5, 10.0, 10.5, 11.0, 11.5, 12.0, 12.5, 13.0, 13.5, 14.0, 14.5, 15.0, 15.5, 16.0, 16.5, 17.0, 17.5, 18.0, 18.5, 19.0, 19.5, 20.0, 20.5, 21.0, 21.5, 22.0, 22.5, 23.0, 23.5, 24.0, 24.5, 25.0, 25.5, 26.0, 26.5, 27.0, 27.5, 28.0, 28.5, 29.0, 29.5, 30.0, 30.5, 31.0, 31.5, 32.0, 32.5, 33.0, 33.5, 34.0, 34.5, 35.0, 35.5, 36.0, 36.5, 37.0, 37.5, 38.0, 38.5, 39.0, 39.5, 40.0, 40.5, 41.0, 41.5, 42.0, 42.5, 43.0, 43.5, 44.0, 44.5, 45.0, 45.5, 46.0, 46.5, 47.0, 47.5, 48.0, 48.5, 49.0, 49.5, 50.0, 50.5, 51.0, 51.5, 52.0, 52.5, 53.0]","[""9e4bc5d24511d5d42d3717fc52a91b69cd4d5a6a6949b1384c5d35997b7fcc49"", ""3a1cd6ec39029789d4f9ea0f3d6cc2c9d1793cc365a716da142bda7964e871a9"", ""5db494f814fece8bc9013a5b7a22b6fdbcbfc3c79dfd5da5fc8f53a23e954ade"", ""8c25857590cd3b36378747f723d12fcf1b35e2525b8fec1e68e33fe619113919"", ""83b3ef9b7593fad1fd3daf73f3baa31d1404baa6f9baf5bd68395806c8326da3"", ""c3fa71a8a419f18d9eb59dd55c5a2dcdc8de39d7f9cbe1d877ba01f541754f0c"", ""950fc246a76fbe229d73631ce2a1f59a7716de9ee3b96f367a9cba3ea5782204"", ""9224b100cad59192cc7ea640fe1110f467884233d0a4ff89c3ae193fc7c65c42"", ""9582d97cdf726ec8f07dbcae39fe143106675f2da0ba06162690f4f819116337"", ""3a5e97dfa59d2505d6d8c5f6153d2e6d0b7ba86978a093da8a471787d54b6b9c"", ""5a5e97b631f646a8e3eeab088d5f69eb899ef081b67003d08738e7273fea8576"", ""64c908544cfd07395775154823de09424b414695d144bab9c23e8623b7c5ad68"", ""7873ccfc2184defc05518766c0ebfd3fee21ff7741ea94ebae4d94d39d95576c"", ""4b34edd029e834e27a85a54577b0af272ced7fa90bf62517a36d48933e60c0f5"", ""794f887376803dfd549a6bc7d92149e65537327aeb4bd14754f095d7d8c6c0d2"", ""0b9c6258f7f4c6c8057840b82d174376ffaa5f440f51133d34255579baa1e537"", ""2f10851225d026df0f796842a255f2e94464851e217ea41acf52b1ee550c5136"", ""a2e816b964c6851cede3ef1466d385fd28013a12bf7adbe52402cc1edb9b3ae1"", ""db18a3a654671b7fa84446af8c8dabc6872ed44edf8feb4fa50e3d83cea09197"", ""7b1cfa8d535b3bd509c05bb05f7b7f7d60df5c019f43f9b0a26f2279b9b9aeac"", ""2f4dd89f5773a706a01f3a7950a99b62dae0efbe4320e90ca2fc39f6c7ba0e14"", ""24d30fc58be96b1fdbca758a3d64ff1e83eedd366c913c6aae3ef7001b8fe041"", ""7bb0dbdab0b33a15ca297bf7b4f72be05e0e31ac9d72ac46ebfe0f93ab4d648b"", ""cde8fcc7e48150fd913e3e86d60f5c22f868c479680289cf260e9002451f848c"", ""9487d0750f85a9a6b8ae0efc713aa84eb5b681e7995135597d5e7ca63e7e9c03"", ""a0ec638a9f21b460e2af4422f7cbff1ab042264218d8784899e98d1bcbe20b44"", ""f68226e1cecc63895ed94b29e2370e7daf32386ef5db037397661377e8647b41"", ""fe6916184bb93e02dcaf7447582db871a7ba33404928fedc8a1a380fdd9673e8"", ""fe66801fa7ce34220cf23ce4595bd58d2e5d1bd2e68193ba2d64cd55404b2951"", ""4c559ce77ca7eb3bb2f259f76ff878c4e7688c748168cbe57d0d98d93f5525a0"", ""1a4723c7163bf03db3b91af8e083540a177da0a11e6973f21026bf6d0d148010"", ""da8cd06fce521f3f27b1a64a01150f3fe7b9073f5446807532e78ee12dfd1620"", ""437552750b6ea778bc81ae818dfe15c88787c3ed5abb9f5e234feddbaed8817f"", ""e3912202bcc3ea1708c295a329e334793a3c27be7219a43f6173c3a5934962db"", ""5ff202c13c65ce00ab1d7953899cf321917a2fbbb694bdda08fc32fc89d25bb3"", ""a0b2772524cd84ff50856144fea39720e6fc093100a61fd6404b488110196100"", ""371022dd90ff0de412bcb7b0a00ac9474ef013bd6bcdff28176b61df31aee435"", ""63d0a815aa79f95b9ef9f37ffa75e86f425bf486234cd7e497dfdb8e10978170"", ""49fa7c2b185a48126e631f5c3ae5dd58470ade172e246ccaa4ed9c623204f18f"", ""edf8bc9d79d3393f8fa7996cda9471bcc79e91ecfd7b8cedbf2b28dc2948187b"", ""6ade200187d1d3071108b62640f3a083476f8558aff27d49c3fff15a35aa69a4"", ""517c19d2990b7a420d7d990148076e1b5f1b56234c7f6c02b054ab188fb52b15"", ""4559dca5c81f3401b6502972285c2036ec38ce88ba7b6c0c56763ef855df8a57"", ""e36e27a5dc892262f938dd51c4df65125ff12ac082b59cc6ac721a7d85a04a62"", ""fff541241ba68142f47f74d51589b02965b439e2f69fb627262a3e74f2384f0e"", ""17e7788916a32357c60ecda7e3c6c6599912e03834f3efbbe9143da162fd34c6"", ""8b3f6bbd6726c990ff34670dd71ed704636b0553e6415c4aec8e1042cf7b80f0"", ""7b981c2dbd9ad7c14b05e1555878f4ff71b282ed3a69003bd7749bdbbab5120c"", ""f21c28ced12d91f00457d0054173c175fb55ff0830689c891e3a14e99ca4718a"", ""76d525492d1d085a09209238762451803fb8af93ca7eab72c2096b654ceecfe0"", ""0c339925d3d2eb0250c5ffd07cbf02ca537557aa6df5a5dd63cb36a5ec77c25f"", ""0300546fdeeaa7e496f0fca174146772df3152a5bba0fd99980364e20a8b5d30"", ""57835ebaf5c89875ef61c5ec9afb101d8b32d9ae67b172243b4032c94c83e2f7"", ""a1ab675cea2422da28da315ca25859ea66da419ad49af7269c5b5c05572bcb76"", ""d636f538239948750207531cfde2373baf9667496860442ec81bdb77c2b9c32d"", ""23dd0141da0c0bc1b5dfd26fd1b7edd6496ff723865c61710b4d84d280db49de"", ""3fe47d3f85f99f03df747bfeefb8b23247a5eb984a3733816d780695c598989b"", ""a9454bf457ee4079677c92c0559a2d58d6bd5070ccba7418260a92663085c87d"", ""b4b74cedaf64e5968578943aede79baa8ca56aa6c8a0398ba2fd7dec29c299f8"", ""b05c3a1025e1dbfd2c6445ace1b16260985f3384b590843558014b48b33e06c9"", ""571d5f39f0702167cdb7eef99e92a5a8f7abd9156591e09b8b4b603ba6d02e47"", ""783581fcec7760b176015833d5366e4b3643b7c3f8cdc1f2b141dbc5f67d8361"", ""fd762ee4e35444de13c2bc212d76b367797290a9b1bcabe3a8ab4770bea7c8e0"", ""38d59901dd2f6e1db7e0308c3069133b0921deb20af0257c467a6a5d183d6669"", ""6ac325ef33d601629ba039878ee4c48f7d0221f5b6757950e73a25f77661e86f"", ""5fb0e946ad3a2f1e9ecd236b50ea43cebb8bf7991c17faee9d18717b51b1f647"", ""0ed542af892258096c15499af1774ba9f529ee88520236e47998d9bd6e968939"", ""bc3e31944cccbc6202c3422f4dcc587c393d8d3e5b898e5d16ed83dc9298dbbf"", ""cb307ce1cb23806630a8064d1a21aae7113173b72b536a02fab4fb7bd1e60ce0"", ""1488b375e5c6794c6a91cb8b49c93ab6f31bf234c6b5891ae2e253adca6cc771"", ""31c5753dc7d17d683347f545ec985f84f6e4c55e217c057d47c9825cac187ec5"", ""21009491ac73668a00190cfd31faead65fbb6b1a17ced608020df40939fe932c"", ""7a7abc449f8ac2dae5b8eac23e2d8ae68e78ca419da77631021f69ef343e00ab"", ""d85c91233ccd46b0d609493f1599f59a485dd95fcf4e3526028c192c58595a2c"", ""d3eba9e490744d63812656c187e6a3c177f0c0634c83515ff61ca475d4dc3e2a"", ""11b47d998fb8a66db559aecc4afc02c2c75489184bd8d73fa5b2cd824bf32a9c"", ""d9e0ce089ad98ccb6d814a4ed23c474452fdbae35881f39bf456e67e310a261d"", ""f210f275d4a5609e1c4d1741891060b6bd38536f8bf78ac6c496d7b446beafb4"", ""5ca67a92072a21629f9aaa18f9733ae0cbd56af4b5f40cac3c75be7d47af766a"", ""0d29aa847c7c13723652c4cb522968d2cae809efd66216841abc95da0adc1c36"", ""0095f9defc7a95f72155b3ac9335f12257ed075ea6cda3938bc14e95f2c201b3"", ""209d751223485410f81431d1256765f866e429715966d5510de80f4222b41687"", ""c75fae12a1d6b16388ea102455fec49bcf6e5c63cb1975d2fcd2ee3c36e15d10"", ""8e0585dc4f2e299312080aa9922e1c05fe7bdf9255f11d8dfa554093502a6ea7"", ""5a1a95aca9194863a6e32726f9da949f871b47366552c7a9f698cf70edbb9dd7"", ""33562b2c67c50ad257d1bb4b6aedd2cde9722b6542781bf6bd50f0085b523145"", ""9ce53376d89ee736ad1b7eb240a4eb8cf82a6f60d60f6547c184305b43cc1799"", ""698e2762b2110ee8241e912fd2a22f58b9e3f489110da1cb0115f875cac63d67"", ""6c18d0dad1f4e8766c03406a90ff93d6b85b2b85d90ca59ab82c1b2ae83e1144"", ""fe47a4e29f95163b263090c76d9e9dc4321e6a4032bbee72a20de985f3b91d24"", ""e72730a9c76987226a64bff03d19839e3566a52aef3108a4dc5d37b158f5e522"", ""f1a18391b4c7c122fcd220238cd2794059f749b82ff69505ce77995fbd81be8e"", ""df7afc0833b387e597a7d0b3268b2f48b1adb20d3721f868838c706e383fdb80"", ""ace1c77e5511a48f272935b40722d63598d2352ca38d67579027edb18a00a464"", ""2d7efedf148070920b1f79d60ad8f156ba4b8a944b1d8cd9857319bc5c351d40"", ""d4498a5f0c1c9990296a70988bbc02fd5528ba9176499dc7fdd2d25b1bc96be8"", ""76e28c450237e8356719504d1bdfa9bd9e599c134f8fe15dd794b0beb1dfc35f"", ""a3090174c3f2b30e229db4cd9bc758980ac92ec467986a3390b7c5a67523abbc"", ""d441a27e373c6ee40928de7a90a6cd25e20de4b1980de4970a327eebc54ea42c"", ""34e135692a3be6bbd087ad180477e495fb64364638fea3470b3d8f2ac0049926"", ""f4d4d24dd282d58f194b3a9119fa7382578aaacfb5f609dd8457a6e780c0563b"", ""53944436c257ae178356c31ebad638510246148b903c5de0e615570f381b225e"", ""588e242227a128b70f59a55675d624782a1b7606453964831e475ead9ea5d517"", ""2bd57550081e7e22189a2becb2b62b2d69c34148c4d0fdcf5098749df71f763e"", ""0d2c8844100b994185b58b9af5497c7ffaf53d3e1b9104067a39cd5113fa0acf"", ""947e1b2e71f30686edec23caf4ad006cd14de59311ad9cf6d1a542f6d0de5657"", ""35a695f2269599c10d931898c6076845990bc68c05d886f6b267cd9cb9994f2d""]",6328e3a995ea46586063b1e3f019fb94c79ecbb679ce019aa9e6b09abd6851c6,public_video_capture_private_packet,external_private_cache
g_d43c3b57ac321d4f,instagram,candidate,INSUFFICIENT_EVIDENCE,"[""exact_identity_or_complete_set_unresolved""]",2026-10-09,9.285714,True,19,"[0.0, 0.5, 1.0, 1.5, 2.0, 2.5, 3.0, 3.5, 4.0, 4.5, 5.0, 5.5, 6.0, 6.5, 7.0, 7.5, 8.0, 8.5, 9.0]","[""d0d3794aaeaba4acfc67f32dc8151cc8703525d8e9d44e0100d5f57da99d390b"", ""48a6385831089b58b169ef9acb1d93bc80429454f8c96415bcb08af415deee78"", ""f1276a77e4d073208636d6c1870a289860dd0c14d8f0759d2337d193779699db"", ""3f47c8cbb552d92a1597eff866076148826d39f6682ee65a9ebe4e8c152e6116"", ""ee1b24366e2135af07154eba7105519d01cbe4b744a7d508a0082ef6e56ecae5"", ""ce99b719bd83706f95c3623c5f0d57ff67d9db7a9c10f256f22e60b24f10db04"", ""6acf87d06f291eaaffef415f2911dae8caab44f5478b71733990a1e4cbc8b2a8"", ""66fd34d1aa69b23795c442679f0b80ca4c6b2698aef79bd9341e9c4e91d73d20"", ""bdedd8b1771adbfeeb1311b7070661175e17aabac19700c828615010861979a5"", ""06d2d48282b1419978909f3071417b0252bfd72382eb786ab11df015c151955d"", ""621464db92198da471e36a9238200188c964a6b4fda02afab97491de198bd7d9"", ""e805deaa6ffc606f25927fd25926ca4ec918d82e80bded7aac186c577ca4ffaf"", ""1889be8847fd25a6e3036f39bfe080a236501b2621b9a1a518b98c56bd48fa38"", ""46ae364933fd849b83031eca5286e891d943a9e386a0cc3aa403477997f39b9b"", ""f9a92540ec54b193ebde3d5514058fb4ed25311db97f7b509ed63592d60574a0"", ""4dab86d240b98a4ea960a7d142ddaf2ba82f80b9ce367867d58ffb4a130afddc"", ""42434c4b7b1e0a502304b11e4c322b8cd4566a7ecfffedcea2116a8bed0e890e"", ""77d9bc6317e2e82f472a641792c02fc7842a9942875b916f6f89e0b145aacebb"", ""877d92fabd60ac5ac12be7be922dbc47e11f301e06101fe19ae8413a115ae5e1""]",3ef00d7a056308b5f8a3e747ce7acb31f1a441c6de1722385334c4ce159a288a,public_video_capture_private_packet,external_private_cache
g_b91b7d88dccff5c4,instagram,ready,READY,"[""full_timeline_review"", ""independent_adjudication_agreement"", ""hashed_visual_evidence""]",2026-10-09,5.319002,True,11,"[0.0, 0.5, 1.0, 1.5, 2.0, 2.5, 3.0, 3.5, 4.0, 4.5, 5.0]","[""7cfb2d50b30393c0cbcc89e99bb253261b0f02f0fc45ca62edf7f3100a02e417"", ""1032050ffd0e3f992cb6b4cdcc410f40449e168e0bae7f4887a559e3b137594f"", ""725f5f3e95e0aa3f674530b7171278ae3b96ab8995dfd6b81d17839000bf5a67"", ""15f15591b7768ae7296b434831098d047fc920f44411e94948639326642aa86f"", ""edb67fcd9487e55c81ce69d3958edbcd041366af3841cbeb772afd09cbeb296d"", ""dae47373a2adc12e4d982815014ecfaa5111dabd358c51bcc3151ddbbb5ef4a3"", ""bbfd8d31c32c4cb84f71f671ce2ef5b3fc6cf5942063585163484a28e853c24f"", ""1c7b2758dd958a704fa405d4d5fa1bfdf2368410adb8771592902bea68da4479"", ""c29a969dc251c18f48164f75e3e6ed806f0b52354814636796ebabd6bbf85fc0"", ""21baa547d2b25d24961ab7f388c32d8ab00dd4b405c9ad6571a83d1c78649b8f"", ""ff31f3127e028f3b5e2d592c927577d22194d4ed2be73023f28679cc645ea4d8""]",bec5c83b8b82b6f4c4f5da53ad374ffeca6601f833b5300d5c2e1fb28a50e865,public_video_capture_private_packet,external_private_cache
g_a764a9a81e0108fe,youtube,ready,READY,"[""full_timeline_review"", ""independent_adjudication_agreement"", ""hashed_visual_evidence""]",2026-10-09,12.801,True,26,"[0.0, 0.5, 1.0, 1.5, 2.0, 2.5, 3.0, 3.5, 4.0, 4.5, 5.0, 5.5, 6.0, 6.5, 7.0, 7.5, 8.0, 8.5, 9.0, 9.5, 10.0, 10.5, 11.0, 11.5, 12.0, 12.5]","[""19f95815b47dcf3801ea27dc70d73f5c236bc62aa045d8125224ae5996fe2e8f"", ""a8417b2377701b9f2d3ea99cc12970649aa83fb3d22789ca83d2f46d76f18af5"", ""29fbb41cd3815f17ecaa02622c474e2ea337698ac1691b480fed1e292b575127"", ""1cf583fbba081a3af11eeb70569a68127837f6e35c72069476a9592a653c9b7d"", ""352a83decd0b8746ae6730a15434cb8095bc19621449a5e5306971b7ede3d735"", ""571b6e80697e9fd2d0ef6947d322ebba84651ac0014d405c9332b053490d370c"", ""6f4657f50e153eb1f740ac7d7808b79c5a40409234d3e66606bdad9714bdb4a0"", ""6a0914ba8203ae83fddc88fff25408572451c21ca6e2f831ffe2dc1202104380"", ""d4220f5c5e20ba88b398dd4b5a8822e37aec1ded7373cd722d586e4d832c5cbe"", ""777f7dcd5e2032e6e4023558c3339439a80ac142f69c7105e86deef56b3a5d21"", ""8d95ab05b92557c79765d8f8572a1445865a198327481962324543ffc54c4f93"", ""25a925ce41e1f4e0087cb9f64f755a33ec39387c7268e074ec0b14a8a8ac46bf"", ""cb8193ddc9fb3b0732a09cf06a55e4f30c28906f5c42b485ab27db0945b59a77"", ""2ac12d8db399cf98bc979986d0d0cd640487e599ac4bf80fbfd0a6a766ea649c"", ""c2facc59ac51e169c002188a2eaf6a01d14740bb544002da762c650df9276a6a"", ""b140035ab297a8032c5f1af793cb6b3f77f40dadb139d1855a5b764f175119a0"", ""c173c10ea2ec8065d23086669b7a3db5d90ba8bf3cb0ac4989c3a278407aa3f1"", ""b144607875b71cdfb3a4a8c902af8c04474ec93a91cd0c2918d06af54f12bc6d"", ""06a3724f99364c645b6bc0b2309ae685640fd9eca93b5909b4c85e562d130451"", ""70c6d4d93ffb90374eb9f5f05226ef4d045e35161924c36f61174fca779a7723"", ""aeb0885712f318d48488f280c81bf8ae8da12c97d217724281bad1cc97c02e19"", ""2ff17e252e8b47f018e450e1baf75e6bbc82abb05f4248680d761fc0188217cc"", ""4c301ca719d1a7696bbace9c4a729511b21cd21caa1898862bae8118ee00851d"", ""4c301ca719d1a7696bbace9c4a729511b21cd21caa1898862bae8118ee00851d"", ""48588ea414706820c91a333a96d47d09204b2ad8f47016dd834fc02b25dedafc"", ""766b5ab09716078128b644d8f93edd58a38f84f599dd475b859402a83cef34d3""]",d0ea1006a59cdd098ebad6b53b66f44af758b4805243771b3ed62becb556626e,public_unauthenticated_yt_dlp_then_ffmpeg_2fps,external_private_cache
g_b5dc08b63a01d6e8,youtube,ready,READY,"[""full_timeline_review"", ""independent_adjudication_agreement"", ""hashed_visual_evidence""]",2026-10-09,13.841,True,28,"[0.0, 0.5, 1.0, 1.5, 2.0, 2.5, 3.0, 3.5, 4.0, 4.5, 5.0, 5.5, 6.0, 6.5, 7.0, 7.5, 8.0, 8.5, 9.0, 9.5, 10.0, 10.5, 11.0, 11.5, 12.0, 12.5, 13.0, 13.5]","[""8e352d552f8a6d93c3ae4af72ee2a219112cbb3f792badcce5f3f90dda700b5a"", ""179bf9065f3726e2ae6a269737edb23749cb29b5cf3e92cd97cf0d8423881a57"", ""52b35a1bd6497161878fbe46e30de5f9a84862af55c6bbff2e3ba3c9f4dbfd3e"", ""b05d92a6bdc91f77ad1203b845ee0ab781906d2e458e18ebda8a421e396eda20"", ""34bbbefd9882308f37fbda10ce067ff7ac0071f187ee2b46249f37a4510a9f86"", ""92acd56e4e88bcdd3c3373040a18f6c05d3150de0bee32bda98dd38b1d11029b"", ""357d4120f05a0ba83d07e906fb7aac4e44be437dde8bb83666f0c4e53f09f8cc"", ""5d95afd58871be6b818167358bc2a9de9b517ea13d8a3be5ba4375e548614c66"", ""5b719f8d913ce1498499d942608e9c6cf4fb4718adf199f3e756c3b182a1386e"", ""193fce4d56bb8692338be88cb65ab52cc457ca3b38558195ae49843c9b0971e0"", ""4d669b74c2c97e65a187cc1b2df92e3cd8cd2e91f999b7aadc2bc75d4c94cfe7"", ""acbe6d8749b9436f8050fb1aaaee3ad37d6fafb82ad451011412fc21024829e3"", ""d86df1cad2e65a481eba26f3938fbd8ca1b90714bbeae590887531326fed1e90"", ""d5c97610afe0c2830b85e4826d6b4a8240736eeb3e832b7807bca8f2eda451b8"", ""32dcbc7cf5211aca2e690c3d58a644228798bf59c13bd8197f2bcf921b1dbdb3"", ""5c44993dfa4e123eb358010abac5831e07ff41cdbffcce05671ec04a4703b8a9"", ""7f52382f78413bba0b3afdd14758e725468ad0bc866426a64fe1625b9cefe76a"", ""0673ef649b15c229cfde93a9f5c2f03ddc5d15dfc09d79100be1924089ee2d61"", ""746cb40fb4ee9e853a804041a8ac3bc65a47942af2879072e58e86245e700d8a"", ""9b67b7dd4097ecd3e28f4f7b8156c9c407f3354d09e19e4a1033a72900a6cea1"", ""a3ae63bcf74720ebc2866bc7b510a4d8711f739b8b3c85e4391d6e515d21672d"", ""76abf5bda5c965022ff5f2789d4dfdf8cc7058756312ce5730f73a73be5f97db"", ""f2761591f173a5d4bb3ca5cd78aefed70331b4019bdba70734cd275c16be2529"", ""6668fe5301001919ff0452287b8a0aaffc7ea31d4c53c24cf808720a03eff2df"", ""9068fd8e71411a1665fad9b8f7fd9131a85415ca9400af8281130fc7f5473c79"", ""b0de074102383f2b4546ae6c5539495015067e39c693d967d6319c28b211f76c"", ""f1295ce8c2a9f42f198923e543f99978e9a6027058f1262848fb5eed39ecf3eb"", ""48cf886b65a718ffdf656e590f7257cab751c539a2b04eee33c63981c596a9bd""]",74c57c51b86b6a184c0b48da294a4a902f4778b22d07ed4f2d2d531da5a4fa4d,public_unauthenticated_yt_dlp_then_ffmpeg_2fps,external_private_cache
g_ea76c3fc07359895,youtube,ready,READY,"[""full_timeline_review"", ""independent_adjudication_agreement"", ""hashed_visual_evidence""]",2026-10-09,12.061,True,24,"[0.0, 0.5, 1.0, 1.5, 2.0, 2.5, 3.0, 3.5, 4.0, 4.5, 5.0, 5.5, 6.0, 6.5, 7.0, 7.5, 8.0, 8.5, 9.0, 9.5, 10.0, 10.5, 11.0, 11.5]","[""36da6b28d147a884ad212a83d321395dbfe1df269858bdfe1514353531c8b4a2"", ""7a7290ac1c3e132ad126a53c81cdbf48314e77bb365a45a3b860e6706128908e"", ""413bb7461823eb4053fa0d4bc49fe8bdca41994af23f961c077ed8fed0d5b71d"", ""06dc02da502925fd4de04c48ab6e99c0217e91114896a3c9d73b897858b54d4d"", ""86ac586935b2999240a604d09cfe0c77154caced2f88c79c14d035daab6b0b8b"", ""bb7d2db8ba67f286b1c60e69b2b7d9897d2b24e7f6bf26608363283c66e75a57"", ""25f766fb56360f8b35bb7bc0cccc96611dad69bb1ec9677cf29ae5fde16ba220"", ""e556d649d1dc6e9fcf75b742338da80f46bc119f7bde658a15f3dd117912ea69"", ""b2f77b6c4ef8a822cc09a3847f10dbf28bdf29fd4bac487a74f5abcd8b8c90e0"", ""8c62bbf083d8234e79de7c349696178557ed5df900ceac60ee6b933ba6a7d7ae"", ""662b4778bb20a3715a56a4326abd34898fd4303fb79a99a47871663bc1208a07"", ""1391bb798121688e4ee40d37b39a629b387b1b11653c1743d3c0efe9414b6def"", ""65eb490ae6ca8e2b8a2c8d06001ac6aac4f414e92f7ce03b5adca8f72bf33dff"", ""9dd02060ddf20b9a7761d3f75c078b9cb7c127d9f77e68d6da997f7f1dddfcb0"", ""04985dc532c8eff3c17aeb211449c5481d5b9a7d5500da067678f34f9214ab73"", ""7a7aeb25e8cb491387367d33d50eb4ca0016f434256420a18481c246882e950e"", ""e0e4a006a4ec2e9ad118e261e9e5fb24572ab04226e668dee6fa8f8ebd021c14"", ""5400e8881f036f6b9abb2a70506c815cb05fd9d7d8d07c6fdbba223cf1bb3833"", ""730eab3ef5de7a7052757b50992da246f2e56fdb3873caf2f3cda2e5c1fbcdbe"", ""19717740671c219e51b5ae39f77cf76800e82d351ec865f25987ffc242bed9d9"", ""951c76eed5173eee2096fc308e16eb6da92cff240daf33ca7e546501bf018a3d"", ""be0108dcfa2a18aa0b0a9a07b19a722bdd09c77a640308d7c5a21809fa6deef4"", ""1ba1de1b8c3b2223ff1ada8dd425337929f000d0d3f9a4425ca6745557086079"", ""56d6f29b989d6cfa528e72e7334a4ca63863249a309e2bb346e49a23ce50ad1b""]",1a72b95ce27a12a819afd5162bca1fffc84c6dc0f45d80eb424b21b5ab72289a,public_unauthenticated_yt_dlp_then_ffmpeg_2fps,external_private_cache
g_3446b53430250e37,youtube,candidate,INSUFFICIENT_EVIDENCE,"[""exact_identity_or_complete_set_unresolved""]",2026-10-09,19.361,True,39,"[0.0, 0.5, 1.0, 1.5, 2.0, 2.5, 3.0, 3.5, 4.0, 4.5, 5.0, 5.5, 6.0, 6.5, 7.0, 7.5, 8.0, 8.5, 9.0, 9.5, 10.0, 10.5, 11.0, 11.5, 12.0, 12.5, 13.0, 13.5, 14.0, 14.5, 15.0, 15.5, 16.0, 16.5, 17.0, 17.5, 18.0, 18.5, 19.0]","[""3fa4b5b3a27b136e53dcd77dadf456c9136d83e747007a15ce5bd42335ec3460"", ""04be95acf7d3583748c92893b36a22fe3585216d247c7c3b7761b91acf7dfa45"", ""00567f2568a9b5f154f1525d8a07a0901d701e65b1db7edb24e1ffa0723183c5"", ""d44a92c37e88e244fcada3dd33de06a1cc3ac8d5e2f055bdc44a7d6ac803a73d"", ""29b94b54caa41b742ec9a5f377ed99ad585b8484839d1aa7873af80184dc0ff1"", ""c4abc807e5a1fefe961f2c83438bbbcc3bb9cb789ea0405aa38511aaf726d941"", ""a0cd714b135689c852d7f0342fbc1ab7ab67c1858891a9deb02e4ef6c70cad85"", ""87817bd76b96054b95de84e250a68564b69a5e534a9f8ca5b1f5c6ecb030d9e9"", ""b8f59d4c7f9333db4cd9aa991c2a3b090e502f6f574a55ae972db738b2b90347"", ""fd14b8034a967a5929fdd85929add9a41c7c8d8ba3903885e9983fc5d5d63add"", ""70c736ef3d7c83afdd9c342325e6525c9d125284dcc10b6900f2ce2042856ea2"", ""fd88c871247381e12fb09302a64c9566c73aface33b309a4bd19bbd28904d6ca"", ""e3cdd9fe08dcc4499a76c6df96ebec139a167ab77d1e22c29e2bf49155227fa8"", ""52937c04c650f210606caf30fd37c7bd9b5d99988cbb424d6f4e198a4f0bca8a"", ""6b6fc6cf04a17243c853e78326f5ee238db796f15502808053476e233637473a"", ""67a3330cfa527379673136a9a73adfd81d048efa05d1ec8f18eccfcbdd8fe579"", ""e7e875f2e71cecab1679347e33d536b185282e6a5aee42c125c901eadc96a586"", ""94bed5f71838a0bfbc86bd1af4dbd4cc6897214666b53b47b9739e608b5a24bd"", ""3a951bf8f0f03433fb9ac5642ccbd021dd940aa55b27720bff4807b197e8bba4"", ""a441b6e5bf84e33af8a2829d63165c5ee947b89abe4a393e56a5f20b38563208"", ""721bbc80e0bbb493db3c23ce777167b3a89f0979da6f601cea539dc054e33383"", ""3386c980aa3ce554c80a1e53bc9f6b91077ff13377f230747255944449d40ac1"", ""e0d14b8746b25f1848c4e5220a7a73cbfc6af968185f96bc9c6e44e60024656a"", ""dbaf6cdf575d170006638323d721ec7cfa4b22d2db3a5aa32922fc2fc75bbace"", ""9464f180aa8c513ab26fc0e6983597552d38820c2a0622b1e5457ed3c8d6bca8"", ""fa345246833be4dc9558fdbbf32b94c1b36d43bb34a1d63e4af58d06fef3c116"", ""3f9bcf21cf7c3a9e14d250afd853a20046f06540f6f8d7032f98947f7710924a"", ""164f8f51dcdf2756c6839198841a1cb33db23800f3cf1b93f41ee0aa6e3141d0"", ""230b850c991579a0381fd150bab523290d19618843e79585e208005e0f2d7dc3"", ""786c71f1ced1b78ec08f6a285b67c4be27720847198032a8363904f9c4c0b447"", ""1a6643dd8310a3eb27833b5a4e7e61f15557c1e627b2d047b333ac18a3f165c5"", ""f28b5b0b57afbc0ee1b3539c448e7e336f94f119b66f4b7b85236752055f5d64"", ""e05a8a02c988f41878906f09c28b8a30cdb6137a30fdaee8703bbdc2d5ae2148"", ""29ad92281d610dabc7350a17229bb63e278ec11b59459cc7aab0cb61446c1315"", ""a3d77156f570fd27ca4cdb72fd0297ae47294f60df232be27907591a65737302"", ""1530d782d8e0899690378ea8704c7c62681b7699d7aae85ecc5701523143e2cd"", ""49b381277a9f9a4eec905a4b9d1da200e26b8bb546b1ecc7448166127e835b04"", ""701ee8a44c6bd808293406e5d3bf70208121dd2a162a694a138ce26410d11c6e"", ""3b841fac3d105c694eb080a1373b88ed982f40aea8b0f0319fb07383c76711af""]",f2d612ce6b7b7256a71d82989d21d39cd421a05ea30a745d202b06def6d9aa59,public_unauthenticated_yt_dlp_then_ffmpeg_2fps,external_private_cache
g_879ebd4b00ced3dc,youtube,ready,READY,"[""full_timeline_review"", ""independent_adjudication_agreement"", ""hashed_visual_evidence""]",2026-10-09,31.601,True,63,"[0.0, 0.5, 1.0, 1.5, 2.0, 2.5, 3.0, 3.5, 4.0, 4.5, 5.0, 5.5, 6.0, 6.5, 7.0, 7.5, 8.0, 8.5, 9.0, 9.5, 10.0, 10.5, 11.0, 11.5, 12.0, 12.5, 13.0, 13.5, 14.0, 14.5, 15.0, 15.5, 16.0, 16.5, 17.0, 17.5, 18.0, 18.5, 19.0, 19.5, 20.0, 20.5, 21.0, 21.5, 22.0, 22.5, 23.0, 23.5, 24.0, 24.5, 25.0, 25.5, 26.0, 26.5, 27.0, 27.5, 28.0, 28.5, 29.0, 29.5, 30.0, 30.5, 31.0]","[""409491217c84a8c4dcb44a523932429b284298a4441723c2e932c11908451750"", ""129bc76bf949d48dc88f3c3e7aa351c9283922de51885cb64e5440518710716f"", ""8a5e9257c074f5d80461cf8f6bb09de18f2d7d58dbad65d347bc2ad85e42870a"", ""f938ff56ad81dd4c7c5c0d0dfce796b6e679e68ec59ca7a967c4904df77c06a9"", ""778a836ae78c9b91d88a697742a4dc9ff99da8da51af54e18054e735e53e3aff"", ""04c9efe483ece7d5932e84e69561f84805d4d9348ba10b8c2a8bd097da2b2550"", ""53bf0c8028de5cdb537dfa4ea4132150142b0eaee5b021b7590a8d37d0906024"", ""1866426558ff06865f0fd0bdc5023975f6d4252d596946fb50399dc2c5f28934"", ""f8fbf70b258ab64c3c5316351d59d0b55587277d2f68b8fb914f65d25284319c"", ""4c76215f20a8063458d49ddd5a37d497a52a023a500800386163968b8d258f8d"", ""3c318378158483e8fcb14e8f4b1a881f4b1b4c23bd1f650766af2584d8e4d8cb"", ""08cd653221b52160abdc0b7666cad94ac0ac5cbe617131a9486e13cce294e442"", ""af6d376e60a9853a6cc6fd0271ba8d16f7c0a7b2979276be28f60c84c1c49abe"", ""73ce9cca86ea792bcf05afe391898858e4930f1e71a5cebed41db04d9f4beadd"", ""02b873dd7f89d9f8ee21b312e30a4c82421ba583d168aa59340abb3f99f3516a"", ""caddbf5fb37e7fa9cf9b4ebd665a139b734a3b79156be21f06d741563b39e3dd"", ""d24fef11cfdd834fc1a56b4e363bfc7a09ffb87c84e241c2f4d6444b6e87a919"", ""4cb41fc2ee9bdb4e34edc0e6f40a9ac53082e8ec42da7d0c5068f2cb83c4b9d8"", ""69519f4a2b26ff7407edd084a82f6a533d48e97c9bfe51f66e016b6a49de67a3"", ""9dd1f7d97546f7fc6c73484d673c440e7ffeb85c0783f40d765bbbe14b1c07ee"", ""6670e2f0868eb996806b52f352bf825661481c4dfcff1e3383d8429b55762116"", ""114c20801520a6070b2029665f3ec70f4b79f225a466485dd3de76271b860c69"", ""f44cc29af1373838a15f9a7740957d13b37d917d8c008af0ffcc8804a5b2c972"", ""f2828c9faf039b40737c332ec54b2ca2345a7d65f53f3afc88e47e0feb2904b4"", ""9f690937081423e42dec0170ce595f0522ebd7525ea6f3e1c9981e42909c7d71"", ""85a7e0025830706fd6dd5f0593d508bc6579acf140fc0298848298c16cbe9a76"", ""4ebcf7f49a8056d7d274f2e500fb421c6e2fdeb35dad6587bb8829bf31582702"", ""4c36298545b42949a64ef75538a1d88113478ac67b234189b1bd09ed124d1899"", ""921c0e2e5a8a97e35067b96013d8b4e2de12065910e81e67a7bbd33e75cbd755"", ""9265ef51b1906e166350f06adadf9d9798386d8ea1e124e3463cf2b3036f4ee1"", ""5430903c7e7c7b9897c0497809f65c1c3f7755d923b0043b375205407dd3bd0e"", ""909863c1d41499833fba9a2ed2e57ea324c65049f66bd6775e7a1df3406d62d3"", ""52cfbe180a99092d8eaa5e2abc905ded0dc74bfe591adb2f6558957b123e8fad"", ""c333afab2589704d6e3a716eef1c064a6cb55d7e730b3caeff1ab168b7804e90"", ""ec53f949c09285883c91dce75e14ebbdb850c3a9a3de0237835e52b9a505578e"", ""43ea6557b306894ebbef5f7a6e8e66c07f2dcced3c5138fedf0e8acffc94c5ea"", ""e4f3f9e12a2070f4db0d54f5e6008b9f96df5a3f4e563ca479ad9750c2efc537"", ""d5dae877ed222b1c2ba666fb18d8a129196e2f0ec7df046d5dfaade654c3b75c"", ""83e63a4bce1f4e303a9460d5486113540c43d3a5e6e0ce4b046d36506cf33745"", ""f25bc371c00d839e3650e97eba588d042ce76eca782662605dd89aca431280cd"", ""8d0b6d79eb0cda8a2892e80b0eb6a44039012a5102d8e021add01cf5073fa239"", ""672e59e6e9c2720a576e57d053a9329af1e9e3dca22e4360485136ad00206309"", ""672e59e6e9c2720a576e57d053a9329af1e9e3dca22e4360485136ad00206309"", ""672e59e6e9c2720a576e57d053a9329af1e9e3dca22e4360485136ad00206309"", ""cb5e966418b32d6ccb028f8a6e273e264cad78ce7b0793284db70c82030b6e2a"", ""71019209011926a3839f23bcd8182db20c3024bbe08119e87176925aa504e692"", ""264116465fdd448cf64806ab9d38b8cb1d582b8b4d59ed4a0c2644a4737c3231"", ""17f30b5cb1af3d26e858aaf0cd07df104a37baa0cb2698456ffc494587f51d36"", ""3d22e71f2f1c7cba2aee1bd15233fd27b62a97878a23b6d0971467ab087b6234"", ""600a900e9a1caa627be836b21738eb950be9cf4687cc2410981e5ec7d888abe2"", ""687be0173d8a28f2bf1e5a9b20fddaf88f14133333c31d95134c2e93d775dceb"", ""ef0b264fb9432407c5150afbaf12c398b62743fa4bdbec785ae46d597df5a9f4"", ""40587ebd57c553009d91ee3b023a2776206519fbd2fe558502e5b1d9c86df7cd"", ""ef9dcabf5eb35ee4c01b92ffe7afba310410d44969bc001c3ce85ed1b0f603d3"", ""a81530796c4a7790bc6c325976faa596ce5547a0f2554cce03951c08c2c3b10b"", ""97dfa3b439bbba8e4470f376c212c68b9160c9a90dedbf7e158f27f278a77265"", ""4875d930fc631e49a6aa2283be9b40325a1240026b548b026b4607bea6183bb7"", ""913779e769ddd0ca4e0b080199006562ca61c56e8101d63772345c7f43dc060d"", ""1451aee4ce353f483868e22c9101b01a1f9ac90d3f71ad0730677826c3c51f16"", ""1204cf050c7a1ef1d6695c7fd439c1e542aa3eaa646e341d6ffb6b7783161dcf"", ""3b5c0007adb62d8c5dbc1a1d9d3d2ae07b3a10bd297c9cc197031e6adff9b22e"", ""2df94c0dae8de1ecd0b096f89bc55379ac39a200fe80c7a344a198ba0830a55d"", ""0405e2d3d447ed76deb4cc66ffe60403eeb3d1705c392e9d7e6e8c04ee029cba""]",b608c048bfb4d089111245779964f2edae8d505817effa60cb44c782ae644b0d,public_unauthenticated_yt_dlp_then_ffmpeg_2fps,external_private_cache
g_7e8ea84015ce2c33,youtube,ready,READY,"[""full_timeline_review"", ""independent_adjudication_agreement"", ""hashed_visual_evidence""]",2026-10-09,21.481,True,43,"[0.0, 0.5, 1.0, 1.5, 2.0, 2.5, 3.0, 3.5, 4.0, 4.5, 5.0, 5.5, 6.0, 6.5, 7.0, 7.5, 8.0, 8.5, 9.0, 9.5, 10.0, 10.5, 11.0, 11.5, 12.0, 12.5, 13.0, 13.5, 14.0, 14.5, 15.0, 15.5, 16.0, 16.5, 17.0, 17.5, 18.0, 18.5, 19.0, 19.5, 20.0, 20.5, 21.0]","[""0a3cebeea8169721c6fb4e1951d198daa300e1f7c5809b489be1d8511be3fe6b"", ""d6fb0f8e0a58bcd130e80de469c93e9f8236e4b3c5286ea853264a60dd6a02e3"", ""3a073a4ee2cc4b0480c846544fa3163f6b3b42e6de87e9c73a787ce9203ef7f1"", ""147f79d2e502f043a7ca5f255adcb9d0b0ec4e082c23a5f881704ab7f50cfc4f"", ""4c6c334b15359fe7d0859e1c1cc27f6f0e77c2c8a2a63b66d4be3e6d64d74aec"", ""a097d9a809698907d42f1c5389a147ecf75422c2f0cd87df055a33c253d85bbb"", ""442c2da56edb7e5d1c13150fb7dd5b1b1a2fcec92cf29802eee0693aea1a5911"", ""03c13e7846484567e769d0097456bc47b8d0d82b99e61f9e13901f28b99991b7"", ""ee64098b8cc45e4b67b5e02c3d50c2144f7f2de35064f78e3cf1ae7070b09d46"", ""e5ca3a212dfdedd8faa5426852e8fe4b3df74674cf13cd44c2003932a2e233d9"", ""eeeaf31bbe6612d43963df79f8d36850b40f66b67ec70f4c9a2f52af7890b822"", ""60623d2fc6d47e3d9d86b1313de18393b9b5c51df46260535443f22f707759bb"", ""9551840e932ba182bed7d533206fe7d2591d94572a559b4a8227ab6135dcdb96"", ""68689c0a935f0a2318cf32b11919b0b56e6ce3794849f2480cc01a6fe9bfdcef"", ""c108c5ec8f31174bee95baffefa43461aabb4711351291cf6e464648fd8b20bf"", ""ce40c9aad9b9b7498b38b83b659cb579105d7b344acfa17b69ce8da133013fbf"", ""8fa6d94913f669514da4bdd33722e3ead0ca654bbe55b2066316afaead84f900"", ""043c025800cca2bfee4ca7ae46438ffc3fb9af664f97b77abdd056af7dde60e1"", ""74e5c7660c32f8111a2c8c2cd8d468bc7db1245571132499083a11e768dd9f26"", ""7e5a1c430ba57440f17b56f01805c7d0dd76d34c943db1beeaa8aa1947666809"", ""998fe28116daeace4dd708aabb63adc6044b7218e96e3ee415574969d13eefeb"", ""0545239db985b5777e707af5c673d3af8e9b36a35fb314d6ae1b8f514e2a9ced"", ""19fbf7f69425d53825f68728411f495713ec0ff0c9255ba719d45bb7643dd4b0"", ""6b3f38e87cf2c8b9b1a6449393527724b64e3d1712e2988452d12fad06bb5f5d"", ""5af8fae7bb32dd271f5af82e85d3c00d8800b4bc8a7639d782eda3e5aa319bc5"", ""8d7ba74a9a446282332feee0ad8cb4915f2d875a1fa2af0af5e1e994f640335f"", ""ac4886b12b93437437915c553978f0140501664b7c254857f468960f67b30a14"", ""95c99d6399b0ed3f7ba36e56344e443062973a2c0dbde4715717dcacd73d8b0a"", ""490033802dd22bc92171356edf8605dea42132eb3447f8c44cd5415af86b9af8"", ""95f8460a6631cb80b470b7cb2627fa201440dc9209e294ad69708098906f032d"", ""b7e67e987d8d3c9caadef9ed8ee31952a9d2635c567123518a4bc72a189ecda1"", ""2065a3c8103e273324446e5679a53923305c2c0e1f33436211b143d949f4cd68"", ""f01fa6e2a693f9d31878174fe0114692c3fdeb3fc9d74ac2c53d8e763b113166"", ""1c5287621c0b412805a6d99dff2a6c0e53b69f5294de4fc5912d2b4850911ec0"", ""11fd1a53471d5e14baf00df8482725c1349728a3df03e87c0cbcd5474253e92c"", ""6aa47b7bd7207880a85382de35ce18c95fc83b65348bd54a3fdfc00ed0aa0a7c"", ""a6e7fc34431bf3c81d6495bdd20980be942bbc8b5ebf067046ba770ac5c5517b"", ""688def9f26d93115433fa47b46e31e418fb833c7208a70cd0268443c58ef2482"", ""f00e23f8c16967b7cbc38ac485138374543387edb712b8adbda46c4286afca53"", ""34b9e7ccc275eea0b9b431c88ab2d2cabf155bd7b71e0e36f03903678a3654c7"", ""1787e9a033a430e8e75431f334e415a0450cfade7bfb53a9601bd642b9e2c530"", ""3d670b4c8a494dd06097bbce3cbe6d1ae8d55832b8ece1cd6277132b83d0c3f0"", ""134161ad742e2e4c4b69be42b1806ddc27ad34f709c32f515b5c694a935b8e16""]",5a0a1b4fa32e4e26128bb4f0b7811bd61019f36bd7008fbce023873d3782c2a9,public_unauthenticated_yt_dlp_then_ffmpeg_2fps,external_private_cache
g_5e18c0f36e4af7e8,youtube,ready,READY,"[""full_timeline_review"", ""independent_adjudication_agreement"", ""hashed_visual_evidence""]",2026-10-09,10.681,True,21,"[0.0, 0.5, 1.0, 1.5, 2.0, 2.5, 3.0, 3.5, 4.0, 4.5, 5.0, 5.5, 6.0, 6.5, 7.0, 7.5, 8.0, 8.5, 9.0, 9.5, 10.0]","[""94a6e476c8e72fc62c1c066c816ec4fcf03106dd01e087a6dc168212075f17f3"", ""fdf38ee60d4043d6b53b14e9a77989f7efec68082968983c2dd5434797e77de2"", ""32725ea043fbd154537f50833400c5abc925f64828f7733cacf7add013516f60"", ""791be590a1cf29e22ae8106db33e7085b68d54f95e14279b312af6e2d95019cf"", ""5684c6217ae3dd853211748f5bcd90b99b9de78cbff8851065dd1de921227a7e"", ""5dff7346589b48425c045797eefbba9795fbdd6dc96b810f8c26d4822a3850db"", ""bb2a1c4093eb5af7a774c7b7a9cb1bff2c37f1bc37edce1248232b941f63d5fe"", ""7ff5df41e27ab7d24998c3ca3951448dee914e10fa6964d12ee2af7977e83f0e"", ""0b7c7ec1f42f6cb90f5e04f326c429464b5c53ae984c1ec52c020a064989a78c"", ""bb458e555add097ce697bdd73b11e5bbf7d15a8a3a6bb7ffcd66c12296da51c1"", ""06e5b123cfda910e26ac3cec5a58daa5948a859441628b911dd0cf184e1174d9"", ""10c573d7344b1c986a3c2c782c15a5b189942e013aba624a6e6b8de839110cd9"", ""604060b4b1be483403b7b99bba73aea453f376144cb52cc5238b6c864d6c50b1"", ""d754b072705d1d750e3100f8974a06cdedfd1d8d933ff8594500ddc0a82ab12a"", ""5318034862e4933c27560c620c1a675ba637278f3856c7b66e03d819e9122844"", ""a3d915eef700e599cd011a74ffe3c5e7a6c9df151daa9510ee7ea480aaff6e7f"", ""e264af6d1e256fcbcdb0556332f1264727600ad3109c47947745e2b7f918af4d"", ""b0464f84bb4be24615569af2dd1efb5f2e3a29f5e72a608db33da5721876bcda"", ""93986537a4d606ad009865e3de9004005a599edf4d61352e51cb73f0ba8e38dc"", ""27ae4b5618ffa9a514b8e60f4551ab59ebc12ff71d0ea05e1a77bd20b08cbfb0"", ""5d9aa04382807b6836b3022d0b1bf7de93a30a955dfa7a2c80146c73640d9ccf""]",2e5bbc8b3cab948f30bc647049b7b602d2343408f27f6f79354547baf3a7a642,public_unauthenticated_yt_dlp_then_ffmpeg_2fps,external_private_cache
g_e1405e453028e808,youtube,ready,READY,"[""full_timeline_review"", ""independent_adjudication_agreement"", ""hashed_visual_evidence""]",2026-10-09,8.721,True,17,"[0.0, 0.5, 1.0, 1.5, 2.0, 2.5, 3.0, 3.5, 4.0, 4.5, 5.0, 5.5, 6.0, 6.5, 7.0, 7.5, 8.0]","[""f7af7741364c0e157531cca6bcdd263b58d53964ad098628a2de906872839569"", ""0982eda039ac946dca8b68ec2439aa4c3f0109433f0279f224e7b490cf209166"", ""1041af14ac2b066fccb0e9301b5cb3c29c9dde4ec82c81d23286699d376d6dfe"", ""70ce24d01e2612a50e76dafbecb4660ee257a9b167ca5f6bb0ff25f78ddb92f9"", ""e15bf7fc9fade2f89014b11c97b5b5321aadb0d8f3090c9e04afdfa3a3d553fb"", ""59df0e0adc8110a44047eb67b64e70f191e9ed2a3e7070349a86c7070370883e"", ""63954bbd28535232efbed9413dfa24be52ff26157d4245f733de238e2c18c849"", ""50c21e564bd6cb6c4cb1fb69a75403a3c9c660c040e7e9b06218a2e5ee947355"", ""13fd13fbf72a197bb01fb4d698c302e263465ae4b8d8985e20fedb97c35e4114"", ""af2da35869ed6f13ae064e6108f139dd74b260d2ae43e498d028bc6aaa09cdfa"", ""7d83abab449b68bad6eb9418e29c38f81b3443c93e5123ca4635f72f32db998a"", ""c1b053639221b368023ab3a53bdedc0701ee2ef42415817b150ad9410f5138e7"", ""53ef282a5e5d4c92aa7fa2c6ec3b27eb172b5ed094272da91d9deb31cedf1c9d"", ""c6aa7b2f0f4be5124e6603c49662c5f50d204d7717d32250bf0849962c0e3de3"", ""a56cb3295736ae2ff169d5d642db08223df987971a00f69cf96449532d7aca64"", ""1fe41d12c060685958b8618d96af6f96801e0c0688be124e86bb044ebb64429e"", ""b685471517241d3dc2b260fea48e4b2afee105b40ee26b2b73690e5fda6a6592""]",25edd63380435696fd4bb73bf44a1241caf916ddcce3c347fb89df6c0f98175f,public_unauthenticated_yt_dlp_then_ffmpeg_2fps,external_private_cache
g_3b68a0b3c279d1e3,youtube,ready,READY,"[""full_timeline_review"", ""independent_adjudication_agreement"", ""hashed_visual_evidence""]",2026-10-09,21.801,True,44,"[0.0, 0.5, 1.0, 1.5, 2.0, 2.5, 3.0, 3.5, 4.0, 4.5, 5.0, 5.5, 6.0, 6.5, 7.0, 7.5, 8.0, 8.5, 9.0, 9.5, 10.0, 10.5, 11.0, 11.5, 12.0, 12.5, 13.0, 13.5, 14.0, 14.5, 15.0, 15.5, 16.0, 16.5, 17.0, 17.5, 18.0, 18.5, 19.0, 19.5, 20.0, 20.5, 21.0, 21.5]","[""32ecb2f0f017539183ee3e80bb0cd038765b4f538a022484b34fbc735c227924"", ""d8a396516fadaf76ba799758085c3ab583c5695ed3dbe3983aa80995c3775875"", ""4fd12a1f8b324bf4629ab8f1a2adaf282e05aefc2097b50336e8bee1095e7ebc"", ""c319c908acd04edb9feb282c877cd24f5ff94183fe64f4afa8da4dd354b41772"", ""0672f579884e70fc1c3d332a73d3d40b9088e97345744165efaa3b477c4adf33"", ""3a436f45533d8fcb1abd235cf9e0352313c8294e7a41af4f188a76e8ac1e0559"", ""339cbf4cad20020c95f9393c7928c5db620c05180fa8e32b7f4106be19753359"", ""5695be45ea473629e4a9032d8035007308cc5500d802147443a0e6d69f9e4a49"", ""d35fefd2be933b0c6b44265652ecbb2a4d6de1e88dde72726c4ed34c311ef2a5"", ""a64b6105e68e7c13a251018b5d35e19a8de637742ee1cdb6fa42cdd1e91a3065"", ""b7bec4d644a7d6ce4041fec0f7b2236d03fe5831fd170c767a56f4b60cd0082f"", ""afba79f9dd690f6ee3a2b4f57ac61a581453bf78383002f49fa9eeddf22a15ad"", ""661352293dc9fe68875eabb5453f8d6bea9c3e9c665c739c427bc7f825e149c6"", ""bddd209dab16948915db9d2846c670960065e6771aa299b5d4bf7212b25b0309"", ""4c01e84f990892019f995618267ccb487722a15fe0c4ca037acb804252b6b42c"", ""7153d66e60cd6d98ed1bb2829889aeb0e3110c9697bc31c666c45fe62373cc92"", ""6042b41e6eec6f06a1a34a482554b9a8e5543bde65d111a40a6ad81ae80de67e"", ""af85db17e2ee6dbe2189efbfe4398b7a710ed285b4a6ffee9a75a8a363cd7787"", ""9d29b95dbf59a6eb7e1fe73e65d6cda8c24a87dbdbb5d83f6a3c80bc526852d3"", ""4368fdfbc1fd776384f31d00e24e1d164307a48fe21de719e8c5e469143b88ab"", ""3b5afa3601d98d6da23a5633fc90204dd8bca0fea40982428886fecf92d4b0fa"", ""58b55d4d131140fa7ee745a706dfbf509335872f999974faab73c0b4805578a8"", ""919e925569f21092e06958b0c534ddb7c1e8a463d864dc52fd3d1860b4dba5aa"", ""f5ff64d48b73b9562fa9bd3532f34a2410cc65effac91e6ae6991175bfee2ecd"", ""1fe984a66fd9dbae15e0bc04c9b1407c01a14f88b26ebfaf9d6a7b0b8a86415b"", ""b49ad8f8cdcf2ee036a3ef6e7e3c61f9c04383ff94479e911cbd20bebc9b8114"", ""879cc8e267e82440e2e588a4d0e6104e7157ba18195d7df00a35469c3b259fa6"", ""97008b803ce8f65b1eb7263f453d326bac34c56fe90705f95a19ddc7c2b98b78"", ""53ac934f01b5dca8f58e73bfc249009514877199ab06ecd16729aed4cf781508"", ""932a6ef4a8e99faba8c1661a7887710396714cc606c30d71b0973d01d2021f8a"", ""b88d4b51a06763e67cbc932743a591fde61ef86a130d75fbd29f371721a83f18"", ""8caa270e9e93c590514d6d288b7f3441e15c92059f944806b4c6adad78655167"", ""a78511d2a4e096a9920536efabc837b8d540a0b10eaec89a967d19ba99227d9c"", ""a23ef6fa56b39a3666c2e5b04ab9d1d00961161467f5456e2ee05285754c346c"", ""ae950b18f892a54e43534e07c31fcc8704524a0b89e3b08150836b4392a48689"", ""e2011b29a4962373f5e97865431ac6b5ebd2af49a989ba3ae661c017f187d03e"", ""e3bf2ef39b47fa9b1bbf28b1b6f4eeb68179835f5d624bcfe9f0370715962a32"", ""c29779e39a9027ec254b8086bb769206f15cfa022e4ec5f406089c51453be1b4"", ""7010aef0adeb4ee6dbb896437d2d39f80c99358347b21599308147492aabedf4"", ""9bad906434cfbe479b3d18a4610603e5e6492a585c8816be6df098441ff7cbd4"", ""1412658c04296139c43e88420898daf4a90e4e142939d87dde61702d6be9dcb3"", ""9c35e5b5f51959d507e861295cad32b4c077eb9deb67fd5c89b45a972669b5bf"", ""7bb7a78e3d695224e8cd97b9de2bd8c0dc762ffd460bb0e6eb56e10edc9a9f50"", ""2076613b19d72f39206af2170d3288f7428cc018669d486c4d9a67d1288558a8""]",53764b81874eb351dc56d2cafb8dca1c02844cb00b595de6bb0067240f5ac2e9,public_unauthenticated_yt_dlp_then_ffmpeg_2fps,external_private_cache
g_4d39079a6942ebad,youtube,ready,READY,"[""full_timeline_review"", ""independent_adjudication_agreement"", ""hashed_visual_evidence""]",2026-10-09,58.001,True,116,"[0.0, 0.5, 1.0, 1.5, 2.0, 2.5, 3.0, 3.5, 4.0, 4.5, 5.0, 5.5, 6.0, 6.5, 7.0, 7.5, 8.0, 8.5, 9.0, 9.5, 10.0, 10.5, 11.0, 11.5, 12.0, 12.5, 13.0, 13.5, 14.0, 14.5, 15.0, 15.5, 16.0, 16.5, 17.0, 17.5, 18.0, 18.5, 19.0, 19.5, 20.0, 20.5, 21.0, 21.5, 22.0, 22.5, 23.0, 23.5, 24.0, 24.5, 25.0, 25.5, 26.0, 26.5, 27.0, 27.5, 28.0, 28.5, 29.0, 29.5, 30.0, 30.5, 31.0, 31.5, 32.0, 32.5, 33.0, 33.5, 34.0, 34.5, 35.0, 35.5, 36.0, 36.5, 37.0, 37.5, 38.0, 38.5, 39.0, 39.5, 40.0, 40.5, 41.0, 41.5, 42.0, 42.5, 43.0, 43.5, 44.0, 44.5, 45.0, 45.5, 46.0, 46.5, 47.0, 47.5, 48.0, 48.5, 49.0, 49.5, 50.0, 50.5, 51.0, 51.5, 52.0, 52.5, 53.0, 53.5, 54.0, 54.5, 55.0, 55.5, 56.0, 56.5, 57.0, 57.5]","[""d9709fe9e6318ecb6436d5fe23e9a3fff931d1b7e65928e0aaa617246087a277"", ""b17ff7025025260ce4e9a34b2a4426dade03975c7b6a723dbd24ee2ab92ae59c"", ""b1b0468cd091711af6585b901f18774fcb12f4f0f750d8f475418bc6128a9c13"", ""b55ad3834b8041f2d4153d56f04bf21840c0c9dc9d86abbd694f295ee0b21d38"", ""0eebca67b2bbe4fbb484a40b312a681a26bd3ac665f78b19a4ad443f89e2f4c2"", ""7bb2be83f0266b41f14fb32cb38739e7e4468e344346961a35de519fa1f2ef87"", ""baf49b5e01d893563214b746950fa60869c5fd487ad666598de4490e2a305762"", ""9cb0a600a1bd16ec4380445171865bedd3630b19e1080dc1f2916d6c3cb5503f"", ""a9a94422a80e1e30977b29bbb06a841e34607f34567cec5b732a3ed94b2ccb6c"", ""17ea9078ca4bf95fa3f4fff252fa57bfcfa7305c2553d713ec9694f932854a23"", ""34e8a32c595cf67ecc2b9d09c77918ee00fc50a9266f7840771f847a9dee4050"", ""ae50fc68f87e498a787a3e7a4870ac07c04465bda7308736c435bc02dbf262bd"", ""a94f15e7f9a0c78e47337be0d8395aaa1cf08f18a23ac58cbd9e421f1b65c009"", ""eac8de1e094bc836a5a267db215abb69081bf6e8dd4c710b5609ffd076ad055e"", ""3158211838a11c7de09bac3db5047ba344b323a6f6ac1c7687dae147318a2fb8"", ""5d057cf3405e846d528e87337cd71a977198426e29971ca5249a33b86bd94219"", ""35fd14fb6b25d00f92091c08550d35c6eb10fdeb7c76392b9cfd40c017bab28f"", ""3a5ae316df52c19f9c0c0168415bd9459784962c91a255bdd43186320cf157a8"", ""37b6ec078ea35af901c628c1074d9c613520e39f0490cf35d50a1b7dc686a3db"", ""a3677b270011f9438086ed25fe661199b3b40676e7806f9cb49ce343055e6df1"", ""f383ee367e512ce4d673aefa142216abeccaef3a4bb96e3e1280af981b26338a"", ""67fa4c9d67ac3c6c74efdd7cfa59bb069f40490b8199de7a00da349e5ae4cf3d"", ""c685575126c184d987a7c864ed00cb4e20cd285ddaabdb67302ffc4d866b6168"", ""6519807fd6678d67ce6cdcbb8365c080a9ae73185f2e5b2767b52a5a07e32e15"", ""e0d77f13ca079b23d51ecd2d103278ac7402604a460ff22058563e17de47f9bc"", ""cd237b9a3b4be207b6e39b04ac964afe20de38e9ed505396ec9e0e872f9f2212"", ""da91ce59abfda0d069d5c070d22df0acf9a96081d69daad61ff5fc25f6ab5a41"", ""5f75473af262835053987176ef9e0b932bc276cbe9623c86d537201981a2bba4"", ""9951be55c164dc7d069e4adc059fddd639ada87f34927eda07e194ebf50711cc"", ""2886cacbcaa0206251e7508901b31fea6c201d016841a8c7733a6c31a147f8ee"", ""8b832119be0c0151b1e98c0fed1dd22203707acef678d46842315569a1df3945"", ""3bcfd5abb026da100f3ae0e510f7b5408b027bf89651d0325cf5256433d5b0d6"", ""b0997a98c77137cfccc25feec27c879a15fc6a29b1027a4581210b3eefc663f7"", ""4cd7c3935f5a17ad6d04455f76edb195946994071632834a867b7abb4a1cb2cf"", ""72935dedd695af092ccdcc520c792427804dc282ccbdff249b6088b2a16be231"", ""b7c241bb3c47e304cca1fb90643bdad07c44fe8feeb44cb5fe68255a9ec69473"", ""e111e2df55878bee9eb2958039a525e69dc7cd45be2b7215deb6569e61c2ffa2"", ""570d917bcc62829ad4c6fd6f5449b7d64ea5251e6e5371f32aa638fcfe69d5d8"", ""9b30f248ba440a1063a64469e686d798128c3a960c5c5c333c2103f7fb8d17dd"", ""6aa794bd313e91b6d9156eb0313a6f4a882edb0c8a6101b7988fc5e07b3d0bfa"", ""07250ebf385ca97debb33b81671315783b55cf82622206cb39f9195d379794d1"", ""881c51a4222e527592f4d1528a9ae418076e475c1a3e5055706357a3818c6b84"", ""1444c6dc7bd5d49cf2a5347ed2aafe6f4a508ab5e319af2f0bcdf171a2cd872b"", ""45f21fc2aeebbb218861363288352988a57852506bc4bd08454c9a1cec41790a"", ""048da1afbe9a61377a81a0a813c1b91f89408dbd5618ed6f6ff076f0c56022bd"", ""cb21e7b7d3527275fa617ad6588fda0e6b7a3e79a4f720f15da69f16256bac04"", ""2b3f521976af63bda4fd9068b2881925d598f296c8f65bb6c1fa25921aa3c3f1"", ""edf52537b4b71f481720171bac561f574dc0313a456f4feb313ab3510bc3558e"", ""436856be55147bc0f42915778b3bb8a62348bda0ef35325d29b483045ce89e75"", ""f646c92fd517a80ae34a29e73cc6a981c707c05c56333edd5234655c4cc9ef15"", ""03521c0f1d64e9fc15299231ee5114bb05eda2849a8cd67e8a9d65a7ab25c905"", ""a6594a318c713bb01884505813e64b26ea4c9dee581980c94e5218d956884356"", ""d7d40fd271c8165e06e14be0b8cd149d87135bc49d35927c9422115db8d60769"", ""cbf975bebd98523313b810195f0628573ba0022d3ab461ea4bfb980914c64bd1"", ""ae8d5eda0549ac2de84302e88920f1ecad4381fc2f8a364255366906430bcc31"", ""75a07830a101efb1fd1acd75db3623c4209750c4a2bcac721e3ee2091027ddb7"", ""519b1be0defc29088cdea3352bd67a432d114921508e7b8bb52e3cd523fdc4f9"", ""cce34dbe3b6c649cb67521fb1ff7c0e3d8f0691b5af69107579392a6e413ca37"", ""c452fbb3b41b0a3fcc2e31daa1bed3d413f19e13222536b07d972189931c7d85"", ""944d6d59707261604b700589621f0def2e4437fd31c7bf2cac6147598311e182"", ""9dac3783ef2e5754ad8c4ec7a0b30ea27b0ccda6d3d272a7bc8fcf49c7d200bf"", ""6b007e81805768cb1b4cd696cbd33a2e151b9646c602efedf9d9f5386ea613b6"", ""25130b61dd91735e48601426c8faa9c3652f0c1c601d537f118b49cb09778419"", ""8b2d3e5e8ca52ff4d0b16874b681e5e79f4c4254d210b59d15e276368ff57dc8"", ""a2956af53acd797b2d7dc3138a0115fca8c843409b04cb4cfe9b1a2e1b6dba96"", ""0c63c971823ea431e7e1b4e2f9ad9d08733faeed6f72d662684613827b741b8f"", ""e38199c83b3a27d33a2c2242ebfcef025990ce3e2d8e1ec660c1ec1748ea269e"", ""c5705ba737341f8dca934bc623f236bdfdd9a45a06a30307251090205d4c7824"", ""6fe8928ccbf19ddbeb5e334951c77490c56b4759602c6bbab54056f550ab5374"", ""8c796f8fbecef1488b31b3f633b03e6b9b768fb09865a540a8ef8915ac7681b3"", ""1df541bc63ba40c2678f09c50a28369f8ddb0640a6d25864f2e72f1063cb7b70"", ""ddcae32906a9ac7c1620f887762b999f7d3e800d8da293fb2f396576ba3f3200"", ""21585b9d6f3c3361d304380e9edf3b85e1fb3b336195beb5fe2077744e6e9ebc"", ""e6913505bfb00adb81b45b26c9f4e33c4ccd0bfb574911295bdcf335d1b7cc25"", ""cfb928893c65d0d68f05a7bea6c6e24e12528f0075cd7476033dd096b844b578"", ""15cdc50c178ae23e4391314a064379f87311ae8efcd10876bd9ddce99a961477"", ""77b7090ca7ebbb92ae071fb032ffd815d1c264e5dd31da1afc21cd1ef924f084"", ""f70783cbe5d3df6d81eb2a8236afe036ae49258232b95692ea83877415e3c73f"", ""830ebf757b70ffb1471039cc0bf4ff0a669749b19a8f810ff95d694d3e98c1be"", ""d90ee40d9c1b98bb3fda9c8af13486fb3c3cd6c8cb5c7941eea4dd4f921d0889"", ""e8d8563425079a501607763cab88e872d04da6d9f43ef37ba5dac5c408d4c2d4"", ""6762a628c06b4ef50f84cddb40be309f112292201e2a16900df0beaed18c0ed9"", ""ea51f9ccb811c89d7f1a5431e8c4ce5258d8ce3126c2f3acfaa6eb3f1defeb21"", ""48663a8bf8d3411f6933fdca1f5ffd30fc3784990e5af7cec6eca18232a670e4"", ""636ed2648d30ec4b70cf47f31ce3581cc22646c7a6a3b01995e1437d7410e87f"", ""233bd785367b7c9462e5f3f319f052b2b9bbc47f16679681ab672167f82a175c"", ""cbf834936404e0ae587f9a576de9f05859ca11d0205a1a52d80acf19e79bd0ce"", ""e0a82511993641fd2b26713631fc310076ed30dd1b85fbd457e3ec168eee5de7"", ""7c8ccba5253980c1e6b7170472768084595cda4fbafded41a6cace50a65b8ed7"", ""74be1741b946b74046cf54a728a5b9424d4f6d86b6979ab2819017a584c787e5"", ""eab10cedbbb0935281e9391f0547e6dc67b8dee3a1f1cdb6fe34e8068bb39862"", ""677a593b6caf83e7cf4e2684cc0ab9237a650cd586a179d63d3a8ccd4005f79d"", ""74798f68e89aa99cf671e1407b81a7ec8ce410275e61d8c2624de2a0b9f40afb"", ""6d714b908609ce98c9632c49a474880818e4ea765c27d20ee7a9447ea61bf67a"", ""b46b2ea256a3d96a31f6ddfa5d8c5ac9aa848feab1295d4900785b2dbd6a0fe7"", ""941cd9438debcfd9663dda640036342c35fff3f9ba024feb5f40f6c31ae10798"", ""0d88b1dbcefd2dd0a0cfa232cf709e2141275d50852a7a31efccbe98aff3303b"", ""f9edbdca7c9c35516237471faada3ccf14c4d9ae637523ac946ad7e47df7e18c"", ""ee2bb40db5813dcae5eaf39f3562ea6777fea3a8fc5f4a9560422b56f918227d"", ""68e2c5cd16b3022e85f0ae20d014c421b9bb1b6379645850cc327d048c6eb48f"", ""54082886ecfc0fb89e8cfcfcea44863f3efcb20a4319ecbc70d21aacb0779a0d"", ""9eb56ab996191c53454417476bfde8255d2e36841ed294cb2245141cffd6bef7"", ""e33805c36e92b8d1427b9dd483bf7754ce5783aa0b457efe0a0fc87221e027d0"", ""67fe6c4659dc8da17823513c62449b5285809ed5a46cde6a51b6b3335f6ac2af"", ""3265d8e53e78df8eb310bdeb85352573b79b0be75016a92e807c1edb6e66d6d3"", ""c61fc8dd3645d5e9d46a066c5fed4dc220694a9b1f172d66b6918c6d9fb4262a"", ""308fddd396083700114a5aaffbcbb323d5aec2e418f03a971a7a406f8f6dd0d7"", ""5f225be2a6f49e08b89f2ad6487e659dfc131524f5e128919243a17cfe36142f"", ""8c9c7d8d60375bb2d18323dcec9eee5f4ccf29f7e0c62e90d936963cbba10b59"", ""347fd6d01b123dee9e987a86febbab76ce88ea73b55aba6b9b5a3c804896a1dd"", ""1f868cdb8fcfec419ce6dd9ac56e98cd245a9be8fc03e7d48b85c822e9a86434"", ""ba159e95d2c31aa4288ff31086db0a67d6efeb62b1b2e67f337a183a039ecc19"", ""d8ac01c9cf3b98e2841bf1be205e6c8217e71e9e3c047769e28dde816ad6e592"", ""d0f0ac9d4ca23d931383eafcfe15df1b8a6bc2eb8979eab7e879074ad5a86b44"", ""23f58893a524743dc7bcfa58bdac6fa549f68cfc4cf273575995042c7b918fdc"", ""f4c381fc2afa24b524ec033567dcf4bd40ebd236ded876094bc25b1aa05ee203""]",c2d4327574fa8a1bd1f77a6cbad775e863a897ffe520492a0af797790bd3b204,public_unauthenticated_yt_dlp_then_ffmpeg_2fps,external_private_cache
g_50e16394c82e9f1c,youtube,candidate,INSUFFICIENT_EVIDENCE,"[""exact_identity_or_complete_set_unresolved""]",2026-10-09,55.661,True,111,"[0.0, 0.5, 1.0, 1.5, 2.0, 2.5, 3.0, 3.5, 4.0, 4.5, 5.0, 5.5, 6.0, 6.5, 7.0, 7.5, 8.0, 8.5, 9.0, 9.5, 10.0, 10.5, 11.0, 11.5, 12.0, 12.5, 13.0, 13.5, 14.0, 14.5, 15.0, 15.5, 16.0, 16.5, 17.0, 17.5, 18.0, 18.5, 19.0, 19.5, 20.0, 20.5, 21.0, 21.5, 22.0, 22.5, 23.0, 23.5, 24.0, 24.5, 25.0, 25.5, 26.0, 26.5, 27.0, 27.5, 28.0, 28.5, 29.0, 29.5, 30.0, 30.5, 31.0, 31.5, 32.0, 32.5, 33.0, 33.5, 34.0, 34.5, 35.0, 35.5, 36.0, 36.5, 37.0, 37.5, 38.0, 38.5, 39.0, 39.5, 40.0, 40.5, 41.0, 41.5, 42.0, 42.5, 43.0, 43.5, 44.0, 44.5, 45.0, 45.5, 46.0, 46.5, 47.0, 47.5, 48.0, 48.5, 49.0, 49.5, 50.0, 50.5, 51.0, 51.5, 52.0, 52.5, 53.0, 53.5, 54.0, 54.5, 55.0]","[""468b631b28d2519b2b6d0a454e1aad9234b8e428a273f1dcb5e371989cf2dbe1"", ""e506bbb376b2b626f2b70c8d853ea4405d7fb6acc8734397feea038c3077840c"", ""2611215e63db0985fd2c076ed40ec7324738c5bfc89f031540b26d3f2bb834d1"", ""6c8e95625df48e33a381fe22e83c957e6999c1ed8b7fa9652eea51028e3192a4"", ""ba118fdf84c0f05437ec8140d29b22d3ef1897fe4e4f9256c12518cfc1ba5015"", ""eba6579da520e86c447897da5821fb1f77a1977c76cfa75ac9fb34097e374ad3"", ""c8c627abf63d7e1abcc909d75f9f4962e22a433cc413de1a3ec5eb1458758716"", ""27655fad218502d35c48aa40da72b2f7e98472f28d2681e9b63f2ab17c7beee8"", ""b686d7012d0d6e50373233c0a36d900f57ed7479f57dc249875b048e1ff6f280"", ""f726d738974a36ca99b7c8fb75462390dbe2b46e0769af1d176f28d701d69307"", ""551ffc22b6662afd5ae08a95a822046e649a2eb9f8d308f4eaaf805fd6da4e7c"", ""4f14cd749534b4a4d0dd7780d772a74d82588f09677cd725e068e6f90323b05f"", ""f04818ca707e0074d0fffe8f21b0b680541cb666f26ff8b7a6c4c6b6cfd0695d"", ""1ea708e5a01b7b57a42e91dec35b83dcfaeee8a53f796f65a8db0cc8bef2a08f"", ""a0cda62fc18f4cd3fd8da4424cf386e1ee7461cb5cc7bfd584a49f74c36c6a5b"", ""b9a247ced54915462aafb2d2bffc57c8fb79d9f9a96b730d2bb71fcb9e0ccb75"", ""485c0d8e55182e45fb0eb13a159927b0696f53b85083d73e01a11a7f4c412b60"", ""ab0e405128ba604d2c70da50a4aa816dc82edd65b4a5901ee349ebd2068291e3"", ""8e942d721bacc206d1bf90c6c2e9f37d4d0e653cf8a54cd4542256e350470157"", ""933892da639127aebd71bb4259aeb3b01c20f54d3a4339641081467905017096"", ""f9b11ab5090090afaec5304cde152db37bec688e5b604635c4f20006e93ef493"", ""e2d0650d209223be628a95f1e528ef496d3b8095cbf494c4aada311ded07b7b9"", ""1e5cdcb702b86f912f5e15e5d0cd40fca941c00393b216b96f9ed48b52c18a15"", ""f5a049f1a08bcf147e2b82823da4f489e4e1ba71ac805f53dfea4ab21a562971"", ""41e78a7c311c65099d7b5cac627cb98a84431d2e2c1a1906bd5ed65496017ece"", ""6e201b79311c59db6d1c11ac03bf9dff6d32c4bdbc8988b14a35df8e63bec585"", ""be43e0cb2b9de9fee0379633696bd3fba183373033b51206b0c94bc1d327d794"", ""0233c3453b564cdc970371a923967a4992bfc6aa50b096daf1a3029b26b2e409"", ""cbae2c6bba939da45978d3b076703ddb7e0372250f5bc005ccd62f0c9d550b7b"", ""5175f5fa521352ee0facfc3d204e98a824576d88338700afb85d7845cd5b16f0"", ""3181f3c8872c3d7241ce47d3b71242ce27f183aed5191df4bd950ebad16c441a"", ""0cdae57ba5acb561dee6f9aa7a17fe11b26f91c88a556eb0298f80b6b3af031f"", ""ae93bfaa1913c9b3952a2e79664d06d9d88bc3872b2c06c9f59317c6d2e6c2a2"", ""ab43691976aba412fe85ed95ea95e69d5486508b4abf82492fadabaf45e2a27d"", ""ab43691976aba412fe85ed95ea95e69d5486508b4abf82492fadabaf45e2a27d"", ""dce5165d33ef94b1b4a44c7e906c0a56efabbd38075dea59225ec2a2af5b4437"", ""1d8211e12555c047ecef28e68fa4263cacfb3970ebcb5fae6a3c403c7fd39402"", ""56996ce05edf446f8333fa0c6a9e6ddafb49a1f3fce4f6f4e41443200aa7e062"", ""856ef6ea4abc2657fa4ff0701e63e2f6a7753ae10af3a02acb3c5242d06a3665"", ""856ef6ea4abc2657fa4ff0701e63e2f6a7753ae10af3a02acb3c5242d06a3665"", ""856ef6ea4abc2657fa4ff0701e63e2f6a7753ae10af3a02acb3c5242d06a3665"", ""856ef6ea4abc2657fa4ff0701e63e2f6a7753ae10af3a02acb3c5242d06a3665"", ""096678259fdb6bb9aa627698a3967ca9ac22ac56fddc34f450c0b69e158c7c81"", ""7099ab35100399776f7dba214b1238d540ec8eb69c72f9e1e0bd5766807cab2e"", ""e7c93d9a122fd89110d8c77d59183bd8d5bb93318459b10abc668496c5f83a03"", ""c597c41d87ca30ec51b86f52935bf48c285904be067e4033404684687e3c8070"", ""ac19d51f17fe274260714342cc5f17e54b78bb3846ee73f074ccaedc5c76d609"", ""c5b8aefd7c84e12442f161f3d6189e753388321d587ff9e1345cd15aa25eb633"", ""d16ed275fcad48d1521e0ffb7e2e7d2a1f18b450721c25b7d3ce259c51f110c6"", ""4c7246d6e2e0bb46fa7e5554f87a4e7a613dfb68d3871ebe56d8071b9c07c349"", ""10c28b543fe1cb7dff133e5a72faa0af66e770047c8538359a2aabd09b9aa5b0"", ""c0b6afcfac49141f76f8e0ffff079e1d57aa8c5debc9506800a9789e1ce4e948"", ""3822f8876a1a24a50f89134867a98c0e54d35a8483af457c7d7c7a4d502ffaef"", ""87656d1df70d5880eb2b505742b729a3ae3ba74eccdea9a675bdfd1ee3f74910"", ""40ae677f322442d9d9faae00cfde154007350a7f8bd02c781de00541a01dfd63"", ""cafd71e5bc54190c97bf57bd5651f52715a6045972a374bc14627e4942cb03e6"", ""25d9dabc14813a4b7245eab8b2ef565c911b09750d2ef7c2127c1febad0739a7"", ""0a2ba760e0f619181fdf798b3123467082b56dcfe67fafb9b4ee05e273a96f24"", ""f65e025f0503ffaf51b733b2bff2a43f5b5347fd4a738c009a6899c5ca09cca6"", ""1f7f251bce3972e9536c4cbdcf93c203ebef06ea54159b25a479ab87d48f4f8c"", ""61c028d8168b8f904aa46f7c00809c238b8613ffa588c1cdd7000734d90ed19d"", ""5dc47fce828ee1ebb45980ec7c4f98e41adeea42a32ecc318d5414f96deadd96"", ""7ccda909c255a25a2a860880d163477a868dc4425a22c92bbf623ba132483f7d"", ""29541facb599dfa73b2d10da8ca216c952a98b0dd7f35f1608e664e3e45c976a"", ""e31fe40a6546e6f4b260a55daece2a90e8359eac66a16475f2c3a0c53e89d9f2"", ""247a1600a5af397d21c826cc37def80d15489055fc8c6ea6d2319b0c64d0aed3"", ""a7658b177f6fc28d05c5531844f8cf68de284ca2d248bd40cff1bc1de06851d1"", ""52074d4802cb207ee3b026b2b92897a9ff2b6632cdf83747664372aa5e1c2be7"", ""174b6d966820cddb2beacf44cdf6f11d4f2ed539d495bd1dbb2caf92b41a1f4a"", ""db5a7e91dbdfbbbc57c765ee6b62fd74bacf6a4a712e144fd181d94d0d8d6ade"", ""230b4589fb51380d0bf2765504bd11de68b6c3b4b57c851c8408180db8f69a8d"", ""d12edbd1446e2be025a24cb0adbc384c37fb32a94f4633640d99a3fd5aa19a21"", ""b38dc49fcbc2cd8241b2bd7d0c61d9880b2da39a80c25833e89e7ea698079466"", ""506bc4cfcc8b5f2e6bdfce3c5adce178e44151bed1ddb1a6f1ed954606aba1ff"", ""1ab32dc39ace66eac30156738ed6a1f8e68bb1a34d9846f3339dc27b57b624e5"", ""39da89b7ecbd34c9307d42b0f12562591cb7d82e6638839459ddf3fa2e624cf4"", ""e993500e07b66632b42be21caa0dbf87be465aeda48d8090d527b853be18a321"", ""9ed348a7e03bb0b1c5e68688a6e5ace7dc8f9269c8abf5208e444d49eb6132a2"", ""18a5da73440848b96ea1de77a73302db7ce81b8b453bbbc0ae3413b08f17e55c"", ""e433818f8b7c13200e60718879cc55393e65a3c28dec640f57751118b23b177e"", ""0d4a6cb4d9c066c35ce6d27b3f2b9fd71f9d4782777dc2356c62571800037722"", ""6a5b897b4e2dc17917fd368b95517f7afc78db5e73bc3342212ef6afd4555c3a"", ""a8d031a1f7afcb0d6f302daf4ed810e22f5418cb5558b18449335879455b1cb5"", ""cc51976a89b3261d57ce266f82d61575864b7df368122586133db504661f3480"", ""5d8334fcd6f05b569840d1eb992505d9972b8fc7a78022900d09b22fe8595cc3"", ""ae09b10d390d9a9334c054ea910581f5e270d8352c6e524801bc3b8a2a04e287"", ""9926286fab281dcca58e886d80de834107da779d00f82c2fdab9da1bb68d3482"", ""de15d76cd4375ad8d220c50ac6d98626de7ce158af6c0d060b1aa71b325d79a5"", ""870faa171e3259ad406c1ae188ad4c3fd012c26db49a5d1e36f7ae98a25fb759"", ""9f884db619904f2ce716902c8a927d22a213057de6dbd757025667b9bfde00b2"", ""071f433d5f71bcb2541e483b3d417795051da24dca6854700961c9b1ce734782"", ""a22261d0e66b8de0a4b6fbd0fce7c2f8128a2496c9ed21778b8783fb6f104338"", ""6d07dd167a565e1a6038f3112fb2bcbc3d1cf8e040c215f0a139410661ccefd2"", ""4ca7771b02dd8efeb6a81407a5770bd2d02ff9f47535c0ea41fefe3cf8533776"", ""d79584eff416ea67b95b1a96b5b5fd48927d7785902b4bd51e381bbfc03c7b28"", ""5d8d467c7e16385019df57e3004821b533cf9bf30028e9d6213b4f9b899b9406"", ""5f93d33b4342f5480e07dc04a03a4fd317e5de5962c7739ec29c9f382fc42ff3"", ""4859814c17dfe0a0e5412990a462a78f1b260a002d2a222084c8d934d82c578b"", ""4b9a44c78626e3a0f8a53eda1b7079a27e506634f145fabdab78b1ee27c27b0a"", ""feef1c3cb97d9a36af4b41bb0e6186aaac6fe9ccbbb9fd388f4bdad328ccc792"", ""f826b3156fc642ed285c675399e068c2b19b61280572d0adb20d65cba047cf3a"", ""e09e2f6763f0704da41c44fa3a980764731d610407f4875cd09b988617626f3c"", ""1b5d409dd7b0b2e772832480666982a1551012b1f3f2357046dd043593f94b42"", ""dafaff5ad7fecf75d967ff8f57fc65d7fb034b3fc6f4c8455b3d821e775cee93"", ""806fe9b816674596eda325593289253f396da2dca32bb45e4f743900743fdb42"", ""53437723757cf8b9fe2e23198b73760e7b22c2b9cc592d21b306d848e905ba7b"", ""65d803efce9fd8bbcf5fc8ac07064460c04be2e47ceb6b6052285d6e750c92e0"", ""a6a1e238535f74bb31fc3fdf828c129089f4330efce31c1b13d6a288e52c5e4c"", ""7d21af2a5289982fad4003f211e75330b09fdda011686818c37bbba4278e19f3"", ""dca4f672da0b8806056fb0d778fd17f62be1fff39246f8a7b69c1486acdac8a8"", ""56d756b5d86496171929b00f1ca08275dd09e49788d88ca3adeb121f3c419a0c""]",1daeb38476dc1e3bbfe6ed1a65e59813896362c207d059fce3b9f23e91788f63,public_unauthenticated_yt_dlp_then_ffmpeg_2fps,external_private_cache
g_37f6024c47223cc4,youtube,candidate,INSUFFICIENT_EVIDENCE,"[""exact_identity_or_complete_set_unresolved""]",2026-10-09,9.761,True,19,"[0.0, 0.5, 1.0, 1.5, 2.0, 2.5, 3.0, 3.5, 4.0, 4.5, 5.0, 5.5, 6.0, 6.5, 7.0, 7.5, 8.0, 8.5, 9.0]","[""722f7a8f392681e31fd205b4746b4df14410bec7f4a94797f59bce4479fcf81d"", ""ef1c75b3d97fee1e1f6efee5f99e9f70b4055c914b0e6cb2821568d0671767bd"", ""846eb136a418dbc9eb8d974881d2eb83c0e6efa1144e1b618f5f9d7c61f9717d"", ""d690af6fc23cbb4d05b78768dc1cf3a45fae5bbffc0386f900d7b3579f4b4be8"", ""1338885c9ece585a43bc7675d75f15f6335fcf358a040762107867cac7c5224f"", ""3575b5dffe0918ebf16eb06c93fcbda9c70fc5750fb3b79e65f4baeaacfaeb70"", ""892289037c201dfc61a96be33958acddde6136fb6eb65ce7868a6dd924d83e6c"", ""78361cf4da41958d2dfbd93d1ead7c96e65030cb0e552d8cf04ad55da0d4752e"", ""ef97b6f1c43c2aaeac1d5d9a31e8313f73fa9e4bd67d03f37459206af638543a"", ""fcb8efb759691976b348bfcb67683dacf86727a2c3580c885c569e62f5efd48d"", ""9aac3a68084172cec72dc743af76ffc459ae280c553c8f46d9117c6623dee281"", ""52bead71de56ddca5a83edd32838f07e4b8227b2d2d4301e775e7abdacdd9847"", ""1999957f0b45c0605a39af24100089e9807611731b900d677bf7f4b470c78c7a"", ""80d60e9013176c7ff743603d82a3fb28b8c2e9b158facaa427bb43ea3b80685c"", ""ec394b22df46486f71546b55aba8038b2911c58be6cd45fb8f72adfbdba84824"", ""6a1f7000cd6a500cd424b03dffb2ace383bd89df287c16dd2f61ea37c3c9a448"", ""56ad3badae8238a423ba0d9cc005b87c381642e73208a558254bbd16b407dea3"", ""8bf68599ced32fdf85fdd436effb320470491fb543ab1599e8780ee0507dbf6b"", ""6cba4152d6cfac700c3130bd4dfd6c8bbecff461af72fbc93a38a2fafdf941da""]",19cd2fe5a5ef7fc4092077aeffb730464be56adee147daf7d849f81c8b75ffe7,public_unauthenticated_yt_dlp_then_ffmpeg_2fps,external_private_cache
g_98b6ed810655fd2c,youtube,candidate,INSUFFICIENT_EVIDENCE,"[""exact_identity_or_complete_set_unresolved""]",2026-10-09,20.041,True,40,"[0.0, 0.5, 1.0, 1.5, 2.0, 2.5, 3.0, 3.5, 4.0, 4.5, 5.0, 5.5, 6.0, 6.5, 7.0, 7.5, 8.0, 8.5, 9.0, 9.5, 10.0, 10.5, 11.0, 11.5, 12.0, 12.5, 13.0, 13.5, 14.0, 14.5, 15.0, 15.5, 16.0, 16.5, 17.0, 17.5, 18.0, 18.5, 19.0, 19.5]","[""a9af22b53ee7c7f8a99dfa0503c20d5f5bcf5c287946c14df088fa44e80ac00e"", ""d53c9f7bd33e7a6870c574717f53971ca1d9d6a062d961d0519d8e0412081503"", ""e80f9d41c37c8b3a75b999715e0e5afcc4ca870c1a5808e8b12d146f26ae7857"", ""40cb6215066e274e5a697457d7ffd14437f19636ae31d269d9c93d106219d048"", ""5edd313652ca36daa27da4b8f97590806626e088c538782141aa92799e536c29"", ""757481e8e4029771933f2b98b56856c9406c16320f59c1d7b26154dbb5fdaca2"", ""6e36ab0058a678aa4d8e2e3f3b21a743d52dcc7fe3fc2eb51221aa6b5022a1f7"", ""6ac839acda4eb1ec6bddb412f543c9c0a3c08cd45b611893a110b9a2c226faa2"", ""f09fe7990641159c99d5cd27108b485f7efbb788baf7a87626b53e3388d36a8e"", ""c3fcc6eaadf0940d75c82a510947c40d67543f7c8f35432e9ef9f683ee6afcc6"", ""1aaecbbdeff2fe353df67419e8ebe5f4d0888ae7f4e7dc3374b342f4f8afba51"", ""842d692631946508a00987a0cff2dd6d8fc95ec3ce5248b4085d42a62ae9cc85"", ""60de47d4ea222ba0b51c489d0a7d68e929391ec76028d022d7afc32ead2a35cc"", ""1096d7b8caf319e979e011aafcf993e12059157c51ec785af8c37f89ada51d98"", ""57961bc2df6cf041fc11311e378444b206f1f26e27bc69f2cd4aed6ef47a1be2"", ""c1cc38f132949d33c88d1bb43e4cc97a0eb80161dd64a57fe55c6c8f20b8345b"", ""3b93f36e3e19045588d9a209b9ea53af422e54557c7641ae885c5f5e1d448242"", ""09427fab93f7c3c1c555f65c45cf64f81e21be114f6afbac6502c5cc822fbdb4"", ""0b64d2912bfaefa44c7b79079818f8c9a95c13d42eabc14358c9d789be6ebaf3"", ""5ecde678fe9207cb8a6c91c6a20404b057e0157eafd465a14977f7fafc9157b7"", ""caeae3e5e583ba14178089c45dfa799ffa34b74c392389db74da74bc3f74e4a7"", ""1a5109e272798b95c09a5fb86e20feb6d7934b67eb504fbed84ecf36e7ff8f9b"", ""4ce47257b690934aa5584af75237803bd45ee0608bc2a26fc1fadce7fec1653d"", ""5e07024768a6ae87f6b0bf5c834f8931a8e03c6378ea80f41ad792997e090bbb"", ""9c85e47405299b517a4c13e42ee320c24193ec67d3c7385a433af04c1af265fa"", ""3602926a088a58bac4bb6cfae83a95529ba4082467fb8002b4f6c64b192dc839"", ""1ca3d62c251982731372d406f7cb716239b512666196c53ab9f2e2e9db600814"", ""17c8b3e2a1dfe3082ef6ac66244584ce8bec192061c805cb8a29fa4277629ac2"", ""b813b4478b85a8b7d9319abf08d3704793b070766e04f917791292fc16ce9dee"", ""7b128e0f52affc988774f6d59a5825b6e98ec9f53dbf8ac03c9d4a82a792dd04"", ""f56cd9c40453f87654785c7d02601a2f85f488c50631fafc2fbbaabe785a2a63"", ""a45a011ece6ea6ee41280496fe935dd5444bee37b97c657684c469f68bcce498"", ""b119ebf3106b876214728cdd3fbc969f54b613fdd6e8828953022ca173bf169f"", ""7502b3086085731d282f4b6f9c3ce775ef676b4cc52f46208922ba66dba572ba"", ""89d70fc171b4702efa44ce3a50f34f08712dcac4aa025d62a585200ec502545b"", ""0a798b27b7bf57452a1ec10e88025deae93dc66d48872c674effdaf5c92f7714"", ""228493f5734bc810ad8d609d8e9bb2620872eb7f5aecd2d3879c68d766ad16a7"", ""3e6ff8e0647eb18679a4d54d5491efea2a5cddbf0acd0162157548f10c68e41c"", ""d0be08b77475054ce1ca4b782ae7078567f29c479391559e2d5e6c6475bcc7b0"", ""4d59f0d221445bd915b19bee7cca4293d6e6bf047cfa20c75f95569b3cd8f887""]",043826a1e3e521c3a8d818f983313a5582be4943bc0c189bb966b0d13e3dae89,public_unauthenticated_yt_dlp_then_ffmpeg_2fps,external_private_cache
g_d8ea9bdc2de14e1a,youtube,candidate,INSUFFICIENT_EVIDENCE,"[""exact_identity_or_complete_set_unresolved""]",2026-10-09,15.966,True,32,"[0.0, 0.5, 1.0, 1.5, 2.0, 2.5, 3.0, 3.5, 4.0, 4.5, 5.0, 5.5, 6.0, 6.5, 7.0, 7.5, 8.0, 8.5, 9.0, 9.5, 10.0, 10.5, 11.0, 11.5, 12.0, 12.5, 13.0, 13.5, 14.0, 14.5, 15.0, 15.5]","[""b8fb566ab7ddd3844a42e16c74ab80c0ecd27b2e11a22dbe2af4087c4d026bcd"", ""e3bf45b56db917953e4cd0a73fd361f7edcccaac6603e932d01ffbb2fd6353ce"", ""0a3fa6db163cc44997cbb5bd6e48d25272f82eed7848ee15a7d8e0b158b6d8ba"", ""cd0df52b01535ac7ebadce4c8013d2d9c033db46c6513e487ccdbcd52fe1d1b4"", ""0670d60b86ae73fadb0000f0718f02bfcdc043727924b5e37cff7fbd6ffe77ec"", ""cc8f2ce615655ab16d7bbc4c69343641fc577f6a84b2f52d92cdab8ab5f08ffe"", ""fff6a6cc93c112f9c81128f45a5732fa1bfe1edad9258a058886d43c73c9d4b9"", ""f9dcc1d7f345d8eee481bd48c63355d1ae475736de67cc7322311752792174da"", ""31328e75a547a6f2e15c25ec10074132be26f690e7399373969c535e06d0c1de"", ""2c6d6d6b0ce5508d4f527845eb3d8c86da90e5b538e8dab65c7c9759e12520f4"", ""569809972f566c17f892ebcc9931720a67acb1c60a57b8f2b96e5dba8c5ce4dc"", ""6fd7e6d3d3f3cce6f89c9878a8bb7290dd6b1feec648080554f3b6528755b640"", ""938aebd5de57bdee6f2b6e229237388ec156e9304f65e910d12bfc3e192f9514"", ""7aaabb8ab22271b95d2288ccedc63c8d5bc6ff2bdd2f818d093aebb11ebec169"", ""e747261413921b64f9b957131475fca471151da9706b60caef0f3289c5a4a3e0"", ""4d1a51156f84268dbfab8c6393fc22ae00edc72e0a8fe40826cee86a0ebf8ca1"", ""8453b3ca00ab1a9d06a4d351afd271ae03d9d4fd89817d8e03edd673455e51a7"", ""1fd0e135cbba4177c41727ab32cca1601e6b90453fd9888aca54f5494e979836"", ""b5c3e87ccef3ee7baeb82fa3ccba9bdc38b38f0d88f229e0cb62ce0d655668f5"", ""515e15533472cc6739a47b7288cff7568dab9e4af4e8e9d1af0547dc37842f58"", ""b1701e9340c1383248525565300b59098a44d68923d813d99c8303f1684e3111"", ""8d78a210f9744282b4e5fc2586d6773ebef90a1165e27da75d8b21c22b48a24a"", ""dfc710c391d81b0122fc6a2bc855b9a76e4660cb84f04c0f23c2a979afd15e7e"", ""ec2a3d02608775ca458d0e2cf8ffc1dc0269e9b68ed84cb1105237ff8f67fbd7"", ""ada9c58d486ff875ffd41a2ea4ea01d756ac0be15d77a2381dcbded68febc1bf"", ""1d4fe41f720ec479c3519ad51a3700586c65044cdbd2b02f0793381009e731b1"", ""757fa1271fcec3ed83a49f6f7cd666316ad19be82ac40e9791c39b189157f882"", ""c76bd9db7689587425d899b368ff8c6a720c794c216f4fdb210215283dfe72e7"", ""72a648c7e69d8582c708967b79c3426aa511b0bee8b247d9a4a4ec171def04f8"", ""747a0bfc178eed705fa76036ced0053a191962074f9508a1d117d2c7b19253a4"", ""cfae5c6895c1819c6483518968806f9d8ef9423ec20ceaf161bda41ecef2a898"", ""6c8536c4bf8c705d6d16a00113f8a787250492cc3009bee0cf3686ec1c0c90c8""]",6dab52177477420496b45f8eeaca1ec84d5b6078e2600103b5e22ee4661fd626,public_unauthenticated_yt_dlp_then_ffmpeg_2fps,external_private_cache
g_7e7126b9c6107aff,youtube,candidate,INSUFFICIENT_EVIDENCE,"[""exact_identity_or_complete_set_unresolved""]",2026-10-09,12.961,True,26,"[0.0, 0.5, 1.0, 1.5, 2.0, 2.5, 3.0, 3.5, 4.0, 4.5, 5.0, 5.5, 6.0, 6.5, 7.0, 7.5, 8.0, 8.5, 9.0, 9.5, 10.0, 10.5, 11.0, 11.5, 12.0, 12.5]","[""71d22a762c67b6fcb903e0afb3b13790062ff27f61b8e356da77d1bab572b4b1"", ""15abfcc29349a9c95c45a745514e75c9afdeb7a615fcfc2a8f0af4b103b240b9"", ""d56cc2a56a58fd07f99afb2520957dde4fa648ea1c45ee022a6c90375d39c40a"", ""7cc99742948c9afb9674d8c303ade93e2f59160673295a619b86f46c1d0a7dfe"", ""8c9407763690d6a738560269bb3a14af5aaaed4c03b984d7e54a133f746b9493"", ""48df123ce0ff2e3550f94c3e256239dc5a559f80afa8ad801f25c3e6362b888b"", ""16c759c930aa65f73fb0ae29d2430e85b999e228995769ec9ccea3afac734a5e"", ""41d3bfe4e9743a5274b3ca4d3dfdd7689484acc0ab84c8ad6753228fd6674fe2"", ""b7c99f5752f10f2e8c372a72852209571709a2be9947e0a4be6366df505ee506"", ""e8ebf3eb2ac550869bfa6d4108f50924367aa1e5b440cdaf3e2c0207c72744c5"", ""51979efee7dca3548f8dcea223fa7e8e63e26e7a2f2b2bfd191fb0f9a6927956"", ""e0bde708450c860883f1e1ebe9ea496db7f27eb616577a012dc73a860b026865"", ""e857a31df787815ec1413507ad489d5e7c7653ecb5b3f606ca57af2965e2fb63"", ""051dc9b26b29699d27dd35c95da1ca3621a23ea75ea01effccafbc767d0c2bb7"", ""1653f2bb4ef315a3d068f32f3d1cbcf683884f514c36940df170aac37da5415b"", ""e4be14c0ef0ebc312f5f654e7b7ee1bdfc4d52f3fa03c9778c8176817af29af5"", ""3dd7e1f632374bd3dd878c90ab634da9b8b1a625a4c7fd53517029d021b61f37"", ""152769d36858f9877bacad30976874b44cd539bfa9f0fb373b889cae15da36aa"", ""9787aec11c53aa27fe4fb49612580ed3530c02e468e8a4e95bc01ebee3210832"", ""7cc9f467ff69b711bd534350c7615598771647e065837ccee7daab3d8270ac8d"", ""7ecf465dc2d0c1650850a3ded0e308df2776cf00521b2ba3c3f60c488180007c"", ""dcabbb8cab9e2f53670fe1ae453f409e12b0091322d9f2a4a8ded444b3fbcb51"", ""e575c788f09cd5b3c37ac5de1140c27f088a42bae7307e00c258d8606e72c266"", ""a21b58a30995fde48d21adf3464d560b8810165cd1ed5fbffc2a6441cd342ed4"", ""f987a5958f7978e1cc45b9846c3c17fb5d9696abf4dba14d199b33ae96a9f89e"", ""56441646d6180b6884b5b00eb956cfaf8bf9d7e01a462fce1f09775c6dfc63cd""]",51293ebf296fed9cb913cf9b5d2a9a096c511375938e156a96a5cc2b7d28d919,public_unauthenticated_yt_dlp_then_ffmpeg_2fps,external_private_cache
g_6cefd7dfa9806207,youtube,candidate,INSUFFICIENT_EVIDENCE,"[""exact_identity_or_complete_set_unresolved""]",2026-10-09,9.767,True,20,"[0.0, 0.5, 1.0, 1.5, 2.0, 2.5, 3.0, 3.5, 4.0, 4.5, 5.0, 5.5, 6.0, 6.5, 7.0, 7.5, 8.0, 8.5, 9.0, 9.5]","[""6fee8796846f4ed7efd96702424d2e656c18c9fdec7a4648dd4df48a5f1ec8a0"", ""2522b23f65bd10c2868425abe27e990a24ac547011bffe0fb8e075ecdc0193d2"", ""79975602a421b06de1190b0a10782b7b1864b0890157d524db526851e67b1ad8"", ""bf861d8a0113578711d76eb8ac00e6a8f677c3b9ff0c21f8e22ac98cbcffcfd6"", ""268b8a702fc8223d2619037d82c7fff271ba1a343a8d68e00797a8aa949ae23d"", ""cc3b7c9a6a2242f62faa55123b3106fb1cda10696afac6a0bf792e7a45f8fd38"", ""c77c5c897298c1dcdd1ae0dfa8050b18585bdbfd9d0c35071d945c7d57e1f9c1"", ""f51bdbbc1b3f8a6950e38f41f10614820d56f319f52f46c7db5997bd5f356e9f"", ""73839e4ed86c93cf5b00a03c040fe8ad02838cb4281942b0decc19d4878a78d5"", ""1a4ec6b7d38e901dd395234ec141ceeb2fdfb41fb104272892cbc5310c7a7a4f"", ""0fc31ef5af5666d3441f835fe4f1deae844f8157991266628b2479067aaf2172"", ""e67ceba2ce7eddabc0cab7f8fba252300c1fe9799068fbc7f33f113ffc222ac0"", ""285a85bd5f107da93295dc0a0efc5786d6a953aed10d462fd1fe8cc6192ae8e3"", ""847e91b201dd8f3b285726404c636ba6a17985a78a59460a33dca026a6ac3364"", ""5d454b80bd38ea76f4786774897922e3f2aa21de1048314a464f25281e4eb4a5"", ""87928a3bd9cfcda942b8916b93cb1ac390b743c37cc9f725316db663b5e929da"", ""40d56c9e9ce77584db0f0b30f89192cdc2c50fe22465b9646e3004bac4d7a4ce"", ""2114419b8dbf0e5805a2504cc6d99bf8d3658563295c67249554b12a8a10fd3a"", ""394514d9466efdfe7913cb90ce61837501de30da53ddd3e532c6b7ad1434f47d"", ""d440988e12bb5f2c90dbcbbe4db637b9f875f0ffa41ea06a85cc2b5936a94b38""]",bf79d5323e477a06ed68c5eab78d939eeccd0afac3693d71f0215744e94d7c42,public_unauthenticated_yt_dlp_then_ffmpeg_2fps,external_private_cache
g_52d47dceb9560f79,youtube,candidate,INSUFFICIENT_EVIDENCE,"[""exact_identity_or_complete_set_unresolved""]",2026-10-09,35.621,True,71,"[0.0, 0.5, 1.0, 1.5, 2.0, 2.5, 3.0, 3.5, 4.0, 4.5, 5.0, 5.5, 6.0, 6.5, 7.0, 7.5, 8.0, 8.5, 9.0, 9.5, 10.0, 10.5, 11.0, 11.5, 12.0, 12.5, 13.0, 13.5, 14.0, 14.5, 15.0, 15.5, 16.0, 16.5, 17.0, 17.5, 18.0, 18.5, 19.0, 19.5, 20.0, 20.5, 21.0, 21.5, 22.0, 22.5, 23.0, 23.5, 24.0, 24.5, 25.0, 25.5, 26.0, 26.5, 27.0, 27.5, 28.0, 28.5, 29.0, 29.5, 30.0, 30.5, 31.0, 31.5, 32.0, 32.5, 33.0, 33.5, 34.0, 34.5, 35.0]","[""eb7090de901e1ee7a741da246a6dfe30dd4618779ca0470c878ef5d2ea03accd"", ""da8b61baf85e17f22256119109e8145587708361da2d0f1181c8e194a2dc16d4"", ""3ee51944e7731bcd4749ba73fb6a601c716fcb17dc2bb36cb20978d36a65dd8d"", ""94ed5d4f33c861b5d593e74c4a54f0c8df3f7627022d8e6e9ec25b04697fea30"", ""b2d2d64b3e3cde600bf05c07ee0eeb3fc122fb4c5cfe44af7eaa63558a840a0c"", ""8f4c98dd9045ebf3dce0c265cdfa4953dea78bff71cc8bb84026e95eca0dbeeb"", ""94d2b8e0fc5a6c70d9bd6b494d5b59b914a1b291758afdc941385ac9115d9678"", ""2e6e64b96e30dbbb93c9cee2d49b441547f18ac549ff439607af150c1c8e699b"", ""3b72edae9d7168a41fe7593a152bc738ed3d56bd88300f7b9911f7986fec3916"", ""56ffa3f7e24c47b9407773cd2cf319bd8e999e0220536df2a3d2d4930ba57ca3"", ""ce911898e2415e44a208f566f7af0a67b0bcfe474b41c30f77fab1ee9995a33b"", ""a52cdd7a01580e5acfc554b8d8ae96b956267930f1a892067b16eaf7dafd4ff0"", ""574589574a0be349c5f3db52b440ef64f9e6e85f25162f323f1cfac1d7634864"", ""496080a6c40326a9a72404a7d9b0cbf43ce0230b92fcdcdbf788d6c9b92bd5ab"", ""ae22a2afa3dfacdfc060bc0111122317b1e961ec16f39ba8bce9d49fb0bd3783"", ""20342e08f8093833bb00803efefe9ddc8905553b6e895c43bf3ce82be2ef8167"", ""a8299b0776b17dc098fd63b46bf86445284e3b34fb4141cb304991e0d46831ad"", ""dc98950e653633750c54de5385008b326d4b194961a7e96eff6676ef9327cde8"", ""cdc3a337d45f6c27d5894e26c8b1bd9641fcb1fa0f4cb8541e6b24141a413ca8"", ""67a7917acb87f5958e84a23321986ac0b51eb97c05b9b49b8bd59006d9148c6e"", ""be0c41a764e29418174910679c9dd6b4d99af715c2312071d52a189e983b2624"", ""6adee1b85986373b9043ba2147854a443c6f417cea898d619d8fee6f9a9f801a"", ""bf7c2f47c723363a7408b32b0d343e3f1f9452aea33346720a74e62bfe92e23f"", ""bc00ac560fe6e3796565f93cc63ddafc9e75854dbe84d978500e327c35a2d484"", ""6679dd636de158d5ba6b4820f6d6be37891b890c826f0ab25caf40c2b2961df7"", ""2940c4239949f5f0256a16476eaa9749f99946f68af84b306cb66f5d17dc604e"", ""b448afbe74aa2f721719ae71e874df0dd9dff6804cbc49b0b5b5e01a14df8537"", ""884327a82d18be98fa53bc9f070d8a4925b22c826d1331cfb3b11ed42d52a0ff"", ""aac76e6b890b3115654410cbb51a7de145a642fc131ea739b1e733aa243d170c"", ""c6b8f49618f1d291a0b7e3d4d54089b69cf982d35c69127e9647bba5a890ed54"", ""7687b8654827de05e53c1cde10dcb746ef38e7a26cf0be1a720bebd21fee5643"", ""29f5b698d9935f2d469c14298097d8597f1a92af333ea8d06b7e431d88fdff9b"", ""aa495f7a772ce5df07609f4f1a2692534e20d856ad3488a3b5b807df701c280a"", ""a8f6bdeedda9c74a97dc217a57b4230e3effa4a45641cbb8306a3a3d7275a7b6"", ""8ceeec96c92824bacc4cb872d1bef4fd19fa389bb644e97c28a1cbba12a501f0"", ""2cb621ba0b01c4d8cb9eeaca73e949c0dfcb402b197ca2750ee882c5ce15afbf"", ""d3d457253e062a18f32139a750af41c5dd3084c903b1f4ec52b84da745564288"", ""87aa3bee88a80d4339732ee1d262c026ca4bb4b41253aeba2efc677887cbaacc"", ""9a867ecf9c3707aa420fe17012ad2c60780ae3364a704ebe9228b59bd04a72c0"", ""a0e8263824382e93a8cfc353c681f9c25eb196799990da3a654221c2c1bceabc"", ""8f9bbdf23b8891e90c601422af04255cfd7c6a36fc73707f179e52a7b811b6a9"", ""c14416488926c974182673bdc61f56a7ea80502129e1a5fffefdcdb503ec64f1"", ""e99349426a641abc5b7165c351121c0c08a96fd4db19fb16290a04d48505b5a6"", ""b1474b262358f835d4eae9b5ab803c1fbf778e2242b029f3e3e22869373759f1"", ""fe90e30f66bc4db2f3b4c5d36f5fbde5181f02a0718d377c4508d01fce829922"", ""b1e69396d10ecfe6d851aa20533a55b492e46d0df266c5bfcaf97291e6541a66"", ""031a7f0599e9569b92e1660be74e40e98731631dd2d5c38663fcd21aa3c3740c"", ""8923ade1d8fcc6339d63b9e97a68c4b06006865fc1a593094fbdfe04a1fc8b8c"", ""b13c0e38fdf18bb0c4c1ac654eed107f990428fdfc512c10e81ea950ba0e710a"", ""2c9ed776570d1d4fa686e4489265864714e915d209cc564f9f44a1ff2a450850"", ""d075e088af51894c9ed0289d0cf2c41ba079532a96d1f85458d7215e5fa978f8"", ""6c7bbe27bc8177ef42740a2beebeb8a964253e0043a6872d4734842952ad8ab4"", ""7ca09a2bd4dc5b6b5ad0407855a8ac87dc17aa5efeb5b45bd7fc419177c6fcf7"", ""9b23d1040ee9dc5e6d0c49220680422a8d856c45eb9de0f64cc4b9c26f363843"", ""d8ab4dece3979d8be277c1226ae03780f15f8fe74b74b857e53e684c3ff56b50"", ""dfb6138c871764b63caf0b3f662f6515fb1d16a35ac10d7469cf3b5250f28a32"", ""ec0be9d2920c883d9687cc5f2febc301a6e79f115e710fafcc1f668fd558f82e"", ""2a4567c97958e58b5c99036c206ada30718fc4f83cba0fe25ef207fcc3f16be6"", ""6b40c21eb2612538617447c0c855d21b15796f6c23c8dbfd71137d0b61c2a5df"", ""0a0ec5077a714c191272108331fc54c507a53bb1d2a782ce78764151a41500e8"", ""ad551342bbe56446566edd0a91abf7d83fa9649eb7a1b863c9aee8df2ec8cc72"", ""9b7419bedb2e5a46a0f85587eb9e5060291c0dd117060da72fa16e16f13e1f99"", ""a69d93c6f877c2924e8fe0ee5403c4741424cfd4a5db022df40dcf721f4aa930"", ""0804797ae4c4212cba0c4f692a58286ea4ea8b72300f59f7b745802d5d131d13"", ""6989fecfa0e353e159fac86be9fb290476e3ab830997b3f44d843a457ec30bde"", ""32e5d1efe42e7edf45bb2083c0d47cc77893fb2101279fdf874e7db1cf2b3dca"", ""0efcd95467b0926a5c2d91014744ee2dc4a9059a3f429c9f13b16d902d35e80b"", ""c9e3dab8d7e0fa1c8fe01300a74f641402e992f0d429a6d27a82431bf75f145c"", ""198b755ec739ac18f293e8d48d5cc2470ed5519573ba9e6e62a90a23d612f6a4"", ""4072f26a1fe3ba24d53550d8fc872e247d67a884ff070d522796406df6d7b10e"", ""c72d459cf50fcc3a3a7524e8dae3dd3d09cefb1b635ed9fde9536d882bdc4bc8""]",320e2d056520660c49ad63c14e6cc00a67490327e6f2ada30e9809fdae1e6319,public_unauthenticated_yt_dlp_then_ffmpeg_2fps,external_private_cache
g_37ea874b3f403d3f,youtube,candidate,INSUFFICIENT_EVIDENCE,"[""exact_identity_or_complete_set_unresolved""]",2026-10-09,57.081,True,114,"[0.0, 0.5, 1.0, 1.5, 2.0, 2.5, 3.0, 3.5, 4.0, 4.5, 5.0, 5.5, 6.0, 6.5, 7.0, 7.5, 8.0, 8.5, 9.0, 9.5, 10.0, 10.5, 11.0, 11.5, 12.0, 12.5, 13.0, 13.5, 14.0, 14.5, 15.0, 15.5, 16.0, 16.5, 17.0, 17.5, 18.0, 18.5, 19.0, 19.5, 20.0, 20.5, 21.0, 21.5, 22.0, 22.5, 23.0, 23.5, 24.0, 24.5, 25.0, 25.5, 26.0, 26.5, 27.0, 27.5, 28.0, 28.5, 29.0, 29.5, 30.0, 30.5, 31.0, 31.5, 32.0, 32.5, 33.0, 33.5, 34.0, 34.5, 35.0, 35.5, 36.0, 36.5, 37.0, 37.5, 38.0, 38.5, 39.0, 39.5, 40.0, 40.5, 41.0, 41.5, 42.0, 42.5, 43.0, 43.5, 44.0, 44.5, 45.0, 45.5, 46.0, 46.5, 47.0, 47.5, 48.0, 48.5, 49.0, 49.5, 50.0, 50.5, 51.0, 51.5, 52.0, 52.5, 53.0, 53.5, 54.0, 54.5, 55.0, 55.5, 56.0, 56.5]","[""5badd2adde1f2976f6c8711b7135af51008cc9a5af47d3add84a2c502284fdcc"", ""f0fd27105f77eda9067f047d1ff6eb1ede3ab9640ea69735f772ada06d66867b"", ""6453e1fd7c2c9c9a245e88c22937ab096cb6280622b069e9a88367f14d6beb6b"", ""af5df2445a9b8d906670e2e09ff1e117abe6d24f7503828ee0a08249bc52f5d6"", ""603dd4ae4c64acc34bd23255651ca804322a5f2b5c307710ceb14a0fa59f9ee1"", ""633b82fe44c8079c2e65785fedbff7b00b61dcc456c3ca13e4df423d6aea3e1a"", ""a7cbfe77fcb768cbdf760b10120662225e485f15125a3b0ad2d6058a806ee4d1"", ""3b883df618e944ba92d70add12ed9da10da1133069ac38298e6d3eb67e302b6b"", ""2e3ff4a99ee00a38b2fa3a771efe8a32d2c2f1588b423610783da8552683e581"", ""075527f0f791480c0d65cc35909ea12b74861cc3ea4bb0b02278b2641865bc1e"", ""af5796830f034ba2e629dc79aa6e8944f3f9d755f3f5eab9df531b74009b5320"", ""84bd125cb454d29720852d8563a342ee1cee3b70f3853806252216246bc30f7f"", ""e3cda6ddc0d3b7dd3a587d2a8b12e1a8f43eb7c96a32bf49ef995c52b98b5d2d"", ""1f101a2c91b3e9e285d0a7c8a7b8ce2b43194d33db1694c2cea73567097bbd15"", ""eb8c7e7a4a736f564b1c0dd56ee7fc0726eb3cd6afe5b0530ee247884e66c6e1"", ""e9bf55dadbbdcef6a5a1eba493712de70cc528dd787ed6dcaa922e25ee4ce972"", ""213fe1dafb624e5449fd706dd319019dfe3b45b3b4d511d02543b87dd63f878c"", ""58329eb78cc2044060f61189562d99d0b692618fb805164169550529a403d028"", ""c04b2646ce82462a71e3ba8ed3b30389c0c9bde3de37b7228a81a90fe1128a38"", ""3f3dd359cd74fcf47e5843f06b872f83506a4cd42e2bebbc3e8e425365a42cae"", ""8936b2827628c081cc2b3b9dba00dc3979334ddbe70ed20f664f8fe5ce32ec00"", ""7deb9eee3ed4970b4c23e019882bb7747d4d22588ac6f3ebd77c275126073262"", ""2f43feb8827c364f76225e28b483534cb7b8c11209ef81cff8f7ba0d863110a1"", ""a8d8a7878750f6eabcf33ddae80ec745fa7e8e95c99515fe06365f7333ffa651"", ""b0850d5491940ab9ff6719002a490f8b10bdb8545a7dbf7a4a7f54603abbdef7"", ""28d0331cb8fc61963e5b04922159bdbbc2e3d2b8c94fef0e1e82b7c7dce2ea1a"", ""2998548df6842ff973c159d99459ff2afcd249eb818acd130eb756834dac3eed"", ""e33fb7b76bf15b0dea06fccc60756672cf51e8b7f2f011096072a1896bd3707b"", ""f4ea85148fee5ad73d20e3c2c1cc26219ee9698453c8e31ab9d61d9b9410161f"", ""94becb8c20921c203f84f2feb03f4071fcafab54b56d9a4eeace879757cd7b92"", ""28498df9949e676ab368f9087a3eadfb70bcfd5003055aa136ec091426ac9f22"", ""3fcb9e8badbfac7d11b03bbdce67f3c0d31a297df1cc27fd4a62fcc4e73b6b3f"", ""26c0b4ecc1f0a9432a9129184116475a59225fc931ea36884ed34745ab51f89d"", ""99a83f2f3ccd242ab10b1105b9653c57a9a0301c21471ba661a4f561674fe7b2"", ""748afc73b24717d9e0a7ea2f83483eb2bbefa62b782c4547a78eb408687eedbf"", ""771dcb425e4f531c3fa73fafa197d87caffaeb729ad1ee5866684d574587ec48"", ""d908926e6c1003a9edcb97f1fcee6d48f5a531da88056b38961f207ba9e03167"", ""73b842df6ec337d8c85defc3d1c56bdf3e42a5eda6b7cf95dc49306b4c638610"", ""d01e79be3c82169743e71d4ad397fee48d126f5045636c2a9b957aeb880c15cd"", ""908a36fd2bd3dbae6d9ddf8e1ea3c1b34f611c6ee5a5571df9faadcac40470da"", ""0e4470790a2549c4aec4c341934aceb46161b07bc8650f1fdbe48a76d5ea218e"", ""d2c3d13ae0003ffaa0df534e32b6e412530a7636ed887ede4e423248c155b184"", ""6abc2b23ce20dcd8714166efd6bb2614b01304b04c84cc6f3a21b3de3ea5c47f"", ""83bc3818add61f0ec3fe66621114ae2b1c59625045bfda09e1341e43b60b7bb4"", ""f1ac44f651b452e0f81c6ce214a0952459d2126361fb29ab5ade36efb42d08ce"", ""543029ae58d18285dc13063f7946ba4ad517833d4de9f3a3907176af5dcbaf0d"", ""24d222e7bb72f2976bd9c0be3c884ffc37de178ec56954fcb14c6c74d1a124c6"", ""abaf9ef05b28526322e701887cd6c150158aab1888214973fb1b3b0164ea273c"", ""78c4aed87b18bf8884f60045ef9641aa724f9ed3d9001b8357d79ee5b8e1ead3"", ""0dfe9fb52c07295a209121f867ab0244f9023318d1823e715505fcf7c350b55c"", ""97318188650acba21940ea77fa1be36d8b683cf5a5368682e7e406003240f731"", ""dd62cd4ed24ba78bfdfcd13ca1b69d6bf1fee27da6d82eb175d6f1ea316e5cfd"", ""678db35e87bdde17f98f8fdce361d8c4f1357c7636148446fd1b837f0b82ebbd"", ""c3438499217343b6d877f71110d18ab92ffa2e1215ffbc8cea0bc562a729f3c6"", ""69a49dd516aef6bda9120730fb942a510553c98e6cd980cbbc7e46ce75cce479"", ""7f261df4d07957380111241c41f16c561d24822d467a49048fbaaf7aa0a50bee"", ""c4017dd40cbce0a3ac0cf40850871c861b72b8eae5945e7a428c2112de435689"", ""a92ef30982805b09c6d28c63079898a6835f5c5bd18adb3d584f33e36f49b476"", ""179bf267ae09591826b7b2048700eadf320d15339546e7d7bf3e7378de062c37"", ""264a9cab9c1d0df6ac1442494c67a385b4083df12d08e300f6b7d4c1f6b7eeef"", ""b121e85f9032fc481c18cc4880bdbadc5934a424cead799f44a59834a115fb5e"", ""d9421e55e9d697183d927c4d24f0b4e150949bc40d8ea73881610f34dcf3c293"", ""90b8eb5020e795250b91da04b4279d681b5124cb0edeffbd0e3ef808f2f62dd4"", ""aecbf4f9abaa9e2a20603730985fa5ce6defe27b2ba0b7619eacac4b4980f65d"", ""780c571f3247835809e0ee214ca398def75fb3c2998b336dd50796f9887b2128"", ""4dc1ddee168ca1dd9b868f20fcdbfda5342bf9e3fc42259d253cecfd0da7c648"", ""5fcd93cb1a92cb33691311c18246185d2bb7b1c35db7724a09904ae8b2dc2d07"", ""d91c755ce743d60e3102200dfd2c8b96b4e731ab056d694fdc748abdae3340ec"", ""844f522c9c2a9af66def4775e928016d38b7fc40107e63e1162392d4085d8c2e"", ""f4d91c7d74ab35b984cc112ebaa20465195f3d6efae1af24ae7e5ac7910ab779"", ""353f4115c0259db42e581f1c1349e93b56bff1b050a1f3bc79226439c1a4b051"", ""31262cfeb584b742d7566ba9899c157756414e40d131d377ed69a53aefec7175"", ""58b4dac0650c334438bd3724e24953b598684749ebe1db00d2c80af3161ea0c2"", ""bff85de5f0365652dfdd7464b85501cc7fd8cfd7217e935f60f6b841c5b06883"", ""0e14fa70424e234ff6a7326bd8e5d0b19e5014701dd3e1c1839d10e69ecaa812"", ""0313beb925980ede639b40fa17be97b1b74ebbe2fbe0bfeec8b0b5fed9bfc94b"", ""223c548eaa9831b7e68d4510b5532354e89bbc5d2d95b976e313feaaa42b4a0b"", ""49331d6614d4f11c5fe4f75e9795ba1b49c43b3a61f88eddf3739ba6a3dc7e25"", ""4b2de0c73ac9ed07d265e592c6da8655c14151ebfe0390ed99ffbea3f6fcda1e"", ""03974603fd87b9b72d556546cf1ed50b699720abc512542ca65b04c87bb234d3"", ""2a512e2d626955c7be0dd704185954c0845afb9874b7b8a334310992d0643dda"", ""e475dc0b03cf814fd3911917dcae223a1d42f4c90144a984033a92e54e28f420"", ""1cb865098f023f5975b25ffe62497950f96d4db887b82ed0f81aa482a15be055"", ""7dd5013f0a69b6ac95e1e5deff7c82c9c64793a4a9f543e9da552c66d80f194d"", ""30d8367ae7e7f3a81a0c4e1965c88219463ef019f953ba82522f764abf374f2b"", ""42b0f64fa8816d1080bf311a4db9bd22be5fcf225bd613d488e94eb5aef8e9bd"", ""f41856cac37003bf78de6d3fbde7026b0bd3384a440c7cbb7fc41a66198c6f90"", ""aef442481074306dce19bb133950311a1c8230d84c5c5c904fc063338141f848"", ""40d991995a53cdb44f19cce7bc33bf40321d6d5504c701c7e396be6affc6a8a3"", ""25b1074b332dc69978683124942bc37c992822607220e10f4280ebb6224ca436"", ""d716fa4c56ea31ca245ea7315994968752e094614cd836c9b2327f089833e72b"", ""75e1718b9329bfc00ef5f6f54ee638329223e6fa7ce1a78c004988a884e89a5a"", ""bc746adec41e5abdc83ae6119e68018f9995475314b72faa7164bf59cd294007"", ""0e801698e1118a5082d0c96cd7c0f6c237ae504d549b5a92492c088785de7aaf"", ""5917a70ab59abd17e03aa1495bb2f307dd1227033df36f9104c8fce0aa521571"", ""ca7dd7d4886aef1ddeb985f31645e79febfa77a6a754c5e948ec09ded80f6073"", ""09ed3632817c95f9918e58c0fd2042ac951879319b2e47b9c5edaf5394da28a4"", ""ca05c31feaa09d1bb1701468b54cb7426b39c9d0d68e13dabbb5a4f830fd432a"", ""74e0444333dc32960127a188888b1dcaf3e44b46992291decbee57536282c257"", ""33d8ed76bf5aa899b304cc8c4a0970147bab23e2b323f008bed8164237bdcaed"", ""234d6a4240838f3060370aa2876c899d01f763c150852b7dbe1aa7002043a357"", ""26fdf815d7a5bc686f7681ccb823eae2f3884eb0c0402bf695abe4b6f05e271a"", ""9f9b44a803018dfb9a3677de0767e054663eba0f36d1118ed01f50a824207321"", ""06d9e5182af4392615e68f05b3be3b921289041399cc3ecd506c54202f7b0f50"", ""d01278e9ccf4def4aca09cc90fa7a95409fb310d1b70dc112ac467a63c6db865"", ""64c591c71633946f251ebdbd0df7f53a81ac3be98d78bd6e99870b59b89f07ff"", ""f3772e365332cb9284044ec0995647f2841ec3b9956097b0ab0da5360a3f590b"", ""73eeef1c2f270c392246efce9dac667da229560dd5f33249b3263d54758b31f0"", ""49e4743e6a64921cc1b00984f885f9aacadb118ea1c4b3b6ca4ee8efcb069fb9"", ""6bc39bc4972c82d19106031dada84ce45059948c7ec89491a5e2fad0cafca482"", ""1f67b20a48bbcc78225f890c22f062a08470297660f3b70e14ab120ebf94f18d"", ""30cc5fd79b10b9dbdfc3891deaf295c04df68d2d858ab1384ff64f1bd2689a24"", ""2cf4c7b8527cc0734ac8b3f508b9716f3dd8c142c2124bf9495daae7c6557807"", ""950d59d2c9ba7a706840c533644b8e762e7d963a67181c225916aaf0baaae27c""]",2d9e4abaa79d64c257978189d0231156fb725005529a9ee3d492fe8e7a8b3f60,public_unauthenticated_yt_dlp_then_ffmpeg_2fps,external_private_cache
g_abeaeb75cf75dff7,youtube,ready,READY,"[""full_timeline_review"", ""independent_adjudication_agreement"", ""hashed_visual_evidence""]",2026-10-09,8.741,True,17,"[0.0, 0.5, 1.0, 1.5, 2.0, 2.5, 3.0, 3.5, 4.0, 4.5, 5.0, 5.5, 6.0, 6.5, 7.0, 7.5, 8.0]","[""904fcc578767373c231629bb4810315095959e5dee245648e3881b7c8d4df97c"", ""2d57f1608aaf59982860a2ee77caf530dd02834e5181e62723c7202d8914966f"", ""2c0a30fc7befddb3993f5763840e9d74efde4a306ac28d927c0bf45760b7fdb7"", ""6241b31501681ca560878b27f45044a73eabba5e955dfcccf28df35d1e9690a7"", ""1bdc229854629ee1eec826018ae040b561fe02039da8888464eb433093a2ccc5"", ""7619223027ebda50d44ff1fedea7e0f89c6d87ecad4f9826fd13b3b81bd059db"", ""d051fc09013f6d4c7e9d1cbbb9e99a77aea61c54b605687d59eadb3c29edd0ff"", ""8b6a1d5e6e8eff1d58f8962cd784ab8560b71601c1c4a09f22ae12aaf7620962"", ""c4775fc82098815e39a26a92f293da3800581fe972e7384102e2e2e273a572c9"", ""31208e16d7392cf6b23e5c4c490c8c0e87c041b3197f6752e2bac689ed3a682f"", ""47e573ca606d30aa6f44ff30e2cc017e0b31941b88aacd757c0378474d0b9425"", ""6b8f9ce607e867bcf4dfb70a0f3ea2568b9d0f2450147fc5d8a1ac1b0b1491ff"", ""db642b0ceb3ee80f7c223956c8754090384820f602ed76e6d5856a4212c73627"", ""2fa05f1e775d5af3d7dbbaf88de20ac5e209c169c1f90acb20a3180c0044882b"", ""e9209c571c3c00288615edfd7856b724457a3bf0679565abb0b5c25c59a1c863"", ""79d7dfd1439d6265118de73fdafee6ccb81ad1ed40c23ad32b9764c461aee8d0"", ""d34ce2e4f18298118757bac881af09cfd91ecc9aa8cb81c38056c679cb36df64""]",a572f89477120994f6f5dbf09c9aba680c1a41c37768a6d9042d3aa6e272871f,public_unauthenticated_yt_dlp_then_ffmpeg_2fps,external_private_cache
g_76f62a8cfb450c7f,youtube,ready,READY,"[""full_timeline_review"", ""independent_adjudication_agreement"", ""hashed_visual_evidence""]",2026-10-09,4.261,True,8,"[0.0, 0.5, 1.0, 1.5, 2.0, 2.5, 3.0, 3.5]","[""f41209d37bc98be7d13b16859d23ac56887e1a09e67c531791593eb75416a303"", ""06a569b651bb0aa77c02513979cf3a0ad2de6c6bcd338434f2470b5913220660"", ""26066bbb046ada0412c9820dbc450c6138aaf90f4005b5a59e767f808afc9850"", ""4cf2fdec01384cfe366a7dc2f102bcd4c76f9aa8c534748897e2b14429080186"", ""dacb48a34c70da9c07c09885db38e03593f2b78b0ff96e6c929981baeb7c89ae"", ""ad905a7e08e7a97fe1aa3e38b9446020c2a870ba1e41ec00d241e4e93cfe8d3a"", ""89b9003e72aa582ec624eaf2d7ebb7e3181c806a9e6fb78ab4c19b89452f77e4"", ""979bb082df41a02e817744eb9735467916153300811a311412ffc5962106a420""]",a877b682177b9afee1eb907d8f46b8ce4dba56f94f2468100e9f1e1b5aca5a96,public_unauthenticated_yt_dlp_then_ffmpeg_2fps,external_private_cache
g_f2b33e95652f8411,youtube,candidate,INSUFFICIENT_EVIDENCE,"[""exact_identity_or_complete_set_unresolved""]",2026-10-09,7.641,True,15,"[0.0, 0.5, 1.0, 1.5, 2.0, 2.5, 3.0, 3.5, 4.0, 4.5, 5.0, 5.5, 6.0, 6.5, 7.0]","[""b0e3321dac5532ecb091c26e9e7e5d98429ddab6fcaf85884f18c06e8354407b"", ""9e2aae45427874e39fdec683bae419ee4799defb1b84feb983208bb167e64a14"", ""91f81c9dca3f9c8062f2d0e440a1f2d32dd86f2617ef3d3c526c8bdd39a7e2ae"", ""2148d832fd2429e60b7ddb07db91f956bd4dd824067150e28e73c9f9c8d65145"", ""d16ce67a296114cd271824c60c34a2d924ab88a348a7fe8d76feaa265075fbd2"", ""53ef6bf2f207efee90fce606d975f23c4f43e39f56718d6312a3ab9f99ef5411"", ""742f35628f3b52765e391a04549e95d28eaf33c7d82e0edd3a8831c3f7c5c9af"", ""693ad89be0b5c52bfcbb88f01c4426ea1bf6cb35fd106e4ae571a5a790dca3c5"", ""779515cadc97dd047da2d2c46c496950ca8739e7c3f6509aeaea930207ba3284"", ""5845432272145892eb9d0348f383b5c6e0fe3e68bcec58689e847b2a7a5eb8da"", ""0101f90b2920e4ba61bd69db7613ce40f4aa5ba87b2baeee476177d85a5c426c"", ""8ba1d67f96da35cad9ba6140bbc6d672aad498d06d9a3affa117b8337fff1c4b"", ""67cfe5f330d9ec6ec9091ee66b646d93f458a9cd0193a46870254eecd97ba66d"", ""15ccbb36108293d2603f44529f02e894ddb22b419431c164a64c5093b91c3097"", ""0b7054f1ad839db6b458c7772882bc1898be2ae585cca254604ed795198c5fc9""]",42eb70a38c247bb1d9083342e6e46dfb1b88000416b1f694bdfbdd879c755c85,public_unauthenticated_yt_dlp_then_ffmpeg_2fps,external_private_cache
g_d64ec6b2c1f79591,youtube,candidate,INSUFFICIENT_EVIDENCE,"[""exact_identity_or_complete_set_unresolved""]",2026-10-09,18.021,True,36,"[0.0, 0.5, 1.0, 1.5, 2.0, 2.5, 3.0, 3.5, 4.0, 4.5, 5.0, 5.5, 6.0, 6.5, 7.0, 7.5, 8.0, 8.5, 9.0, 9.5, 10.0, 10.5, 11.0, 11.5, 12.0, 12.5, 13.0, 13.5, 14.0, 14.5, 15.0, 15.5, 16.0, 16.5, 17.0, 17.5]","[""db24e1895430a4cd8a2e4fdc8506113c2d3f7eb03cf14b0f39ff1accdcd3e48b"", ""4ddd2d0263f7e96855ecd2a44a348db9d02b0dfe139c56d39390b009ddcea2a6"", ""cbac3c29b9f417f746ccbb46a1edae59b4535349b345525e9cd7335f0f440e4d"", ""4f0c5c31dd0cbd6d7f7f1d8befd52456f9c73595b0b3cba773f71ffbbde408cd"", ""acc87ab3b847b974e96ad38ceaf4bfa401b1b95b3937eae95afe1db4c6e56e1d"", ""03578d90fcf68121d2df1bd17b9252b7080eb937fe0c5225b771dfa172125cd9"", ""caf4ac3de3b5f9d72558c1283c68d3e94b50c3b90b2a3cc0aa463d54d10474c7"", ""333d901f220fe4d9168a556a6c4bb47c32a2c7863d1c7d530fd25c145e6e2d4d"", ""f6c51a9efd64d2fea8534f0cccc7329eea90f60f78969f6b089795d1212f060c"", ""78cf1cae15dda6229fa29d5d2332db966f5c977e1233244a9a7f972488fa4426"", ""9ce761cd85e8e8964bab76664eb77f8842eab6940c39e17c1185debb7b2a96e8"", ""9668b32689233726e2a4d3e7b3e1ca334c7be78e71bb9fce41a548034dcfe2c0"", ""136d491b7d604ddc44978d53ca18d2d553a7711cbb945bbf7d1c25d5112a1eae"", ""cf60cbd7c1eb790dce86bbbabe1b948aa16118ca65aae09907e30764e50851b6"", ""0eafac2954d037053b0601ffb5018e207faf54390126bbd2fb4ba2d9f9f784f1"", ""f54272be17a51ea7e1b004428d8b7a6adc0e3a42f956590daa10b4d86033cfc0"", ""471b6a9d452e8b0628ff174f1d11167594dc67be3285036708c093bbe691dcfb"", ""1cdc7d79c46d1548b3b0d46a636c7493000e5015b5a87140f252b9ee139be3ac"", ""ecf0173d56d2fb06f9d4cd25d54a37912d1d1fc5800456b0764ba0c08fc58115"", ""c11b5b5c0123df403764fb11a035d379d52696b049e636694131a7f9d15c3721"", ""117226e4616093eb73aadf8e6d13a40c5897ffce01df27ccdca9f5bf216a87be"", ""d8832f36f446078812e11121c7a2461bf9059cf8383039f98ed888de89621dc7"", ""945c8e69ff3806dd93e5eaceb3db39a7e15da58395fcfe95f4fe9a6c56e00c6f"", ""085f54b4687eb2c9493a67f6f477621fe951febf7b90583980daf3b15a6ae9c5"", ""6e0a344e3f58075df5cadf746bed4772fca552ad912954038a662f04cf9f6b28"", ""69c406143fc886a1aac9b01a71303845344efd9344003f90f3d9fbd1dd975cb1"", ""9991bf7286431110b76edc0c90f9a99abf711c9dcb69f62ce04d2ba4bde5a802"", ""8f4f038fc7a6a90254b7ac8263fe8fe7497ef47e607c014947686df519d61bec"", ""56bd0a3cc172c758e780b664671ba3af388c6b8e327bae3897ce500f61b76cb1"", ""7bae96fd54ae18f114956b499f27e00989a293d660f8f5f713f62812c80dd022"", ""6f1c3437b2fef58ab62cce003c6e6ff024c7c953bc4c58648392eddeccb1fd15"", ""77d2e2d4140a277a19d37f559865df0e68310ed9f05ad7cfb184daf63cc06ed8"", ""34910502ca72f2530cbedfd21c96e9fb99774c38a283a01b60fc2fde08e5b7a4"", ""91a89317ccb0cfcc0a1fd7ae4afb78e759031d1ac39a6519dd78e42ef7db3613"", ""5bbf5fc73d83d5c9c1a674f5066117b58f44fcf29ebfbe5d307c866800c02b31"", ""ff8bc86d08788544fcaf401a07bc316686b43c1c4bfcd51299e9b8dcd619c218""]",fadcf9286800b4853e98ceccfd75ba19a49d87330948ba690df0ddd0355bb0f5,public_unauthenticated_yt_dlp_then_ffmpeg_2fps,external_private_cache
g_36886b627a010fe8,youtube,candidate,INSUFFICIENT_EVIDENCE,"[""exact_identity_or_complete_set_unresolved""]",2026-10-09,25.161,True,50,"[0.0, 0.5, 1.0, 1.5, 2.0, 2.5, 3.0, 3.5, 4.0, 4.5, 5.0, 5.5, 6.0, 6.5, 7.0, 7.5, 8.0, 8.5, 9.0, 9.5, 10.0, 10.5, 11.0, 11.5, 12.0, 12.5, 13.0, 13.5, 14.0, 14.5, 15.0, 15.5, 16.0, 16.5, 17.0, 17.5, 18.0, 18.5, 19.0, 19.5, 20.0, 20.5, 21.0, 21.5, 22.0, 22.5, 23.0, 23.5, 24.0, 24.5]","[""763d7431eeb255fb1877bad6040c9be0d31c01666658b3a07bccb7c2f5036de2"", ""65693ca67c73d10d4b417794f4cfeb630e334a27e609b885d9903c1c64626381"", ""04a2cd1c5618e658540395d24dbe26e69d08318654c4ecc91cb0c2dd01a1495b"", ""c1547f26a30cecdb17c76f1ce32019a6c9424171108ab9790e1419b07635d583"", ""2715953e77cf7551740e9f03468e3d533fdbcba501c6a1433b0c47869768772e"", ""6ec19919308d61330f7d237cad11817c911eeb56c8084fc26be808328ab331ff"", ""bdbde5a2099e2debaa391c8f3dfc4f714c3ddec2caec2378786fb48a95d47f5a"", ""4323e6cb42a4d60a8688399fa114f0ceaa29e9edf48a5de1dc7e92d6764bc819"", ""0629d485c34186860169b48098edeca39f48e10b6a2df8cf89ba9958610cebef"", ""0e272350be3b65d4da66c74215a15a7a42b907f1b9d469e1bb9bd9e8388c5f96"", ""cfa1606950f01291465b55deda4b4313411093b3cc64e7c19c58faab0d3f03ef"", ""279fcaa99a42676f964b4875c9a45d9415d13d26e04a496d6ec277a07d333aeb"", ""2b3818786991d962c6785f6a0efc2942d097276793ee98306bfd5be69a7aa8e1"", ""0413bf9ca7136df23c7c1ebd946e90e9d097c922501c53cf48c49bffbdd64f6b"", ""76d849604ef0075dae8859479d4ea55e846f381a7c7e65b460f131bc699bef9a"", ""803e83e7b1e92005efa90b01bcfe589c8eba1dec4f958572c4edb697338d3309"", ""d4731f94b9c7378d007afb103f82ce1ad6d7172d097de5c52ccac528e430afd8"", ""8a81538939c09df534e847e9dd3bbee489ce5b425f2cf0c5b1371fac9a6dd239"", ""1d41bb5a86c02c447087915d979c272fb3df5dc5dafd315c39cf590e2e7826c7"", ""f3eecaa3207b9a723d868ee623f5fffc36313d44721adc0ce1edfa7c9b6e7223"", ""c9acf1eb8f6ebe1e7e6ecb8b496b01047d973b789948bfd7fee71908c6085b15"", ""55d465e7b5c52e6e11f95391a0dbc8159a78febb50a06cd5991023f31c4b53ae"", ""99db20c31e0a9d0cd9bc4ede18fc4146ed57a86909b372adcc37f218a0617bf7"", ""2ddf2266dc0b9fbf4ad2abcddfa1cfbbbb8d5af5f264666d004fd9a54831cc42"", ""27b5cbfbb99cb8a69c7f41cfc83176e35aa490018a7d2e0e7c16b92191234d64"", ""33a97357ad549ba05d037c075d10b608e33411705a2e90fec2bf4b2181062f4a"", ""fca8a37132387c06c789a5cb32e4d8921b07af14ac239fcf55d3b720027cd3bf"", ""0c195c2a5ae3b5c7112a34ef1a846043ceb94c3dd744b5aa8082321c5e6291a7"", ""a9994440f5d7c2455e40bbf14d6a28fa86fa6f66c287770cfcb65274ebb1e708"", ""dde7dc94bae1b899c7b18341f896c82753146de569c71440f953e0b2603ffbfc"", ""f68ee4f13c5dc1fd7219e41d496fd37396a0d080b84b179513572daa0ba865b5"", ""390e3c990aef09a54679ddef5bea4d7a9b2909610dc9ddbdf606a7ddf6970799"", ""0af05485099be6ce0e10f6ed5ad783d540a0bf4b01665647372fff0311dc1217"", ""1b76ab3d54b76fd0b60ddabf5f767fbf076ed31bdd82ff77278e36fca861fb1c"", ""8d216fe2f2ee11cd4d61c4257697fbd7e24946bb2f479a3af84dd077864866bd"", ""5a1ef0740f307ea46c2d96ad5f56b7946049aa401bd2f2b37f0a0bba99859f19"", ""6a3a4b2450b0b34e301d1138bf18d42f50f2738b6904a6315510b0abe174ac43"", ""7d43a77e6eb3a46228d1b39ef19c6f09b57cf3c5e10d1a17a082a305ebe22a15"", ""d36b8fd31501dee6eb06eec9331152a1de43576986b61fddc6fb681e290f010c"", ""314c3adf5155385e858c351e4021f5a88571071f81f4f797ad692b6ca4abc381"", ""2862593dce36c6a69846ad9d5da552007e05f6ffb3ea5be454ed8d64e31c79ba"", ""a6add34f16c4926f3ed11faa6fccbec89f5329a42a3acf216780348e85eddd60"", ""c389e9e9d46bdeea3a76a8a08769dd83e1052352fa641f3fe0e83af96d492fae"", ""3a16f085df7f986d63a8c7cdc8ca1d806792696d05cb6f7ba95465b850b87749"", ""75e86b3dab5baca1ca0a53bb42c7ef16fc870ddf563e4e7de97c7b746ec152d5"", ""afb43ed503ef7929ee2d9cc24a6d6f8e7f6f06a78aaca90e3e75ec0a394a27f8"", ""b8906800db31c8c6f9f2ede3de06e197f7f9e62cd9750259d6dcf7e94fff2ca1"", ""516191a69f7e51fe7602d1cfefe24e09812d757838cc94ddedddb5cec3b2ac0c"", ""a006172608837cd9169feb9ffa6c1f7f9d2be5fd5efaa938d1423dc8086ff5f5"", ""72ee2f667bf1f6e08c5d759a7969e6e2cce7001675b481ec964612a6177be7f0""]",56e09b7d5a59be2831062ac8b3762880026c7ae0138af9ff633130bc466ea6c1,public_unauthenticated_yt_dlp_then_ffmpeg_2fps,external_private_cache
g_716f25d70566bb36,youtube,candidate,INSUFFICIENT_EVIDENCE,"[""exact_identity_or_complete_set_unresolved""]",2026-10-09,15.866667,True,32,"[0.0, 0.5, 1.0, 1.5, 2.0, 2.5, 3.0, 3.5, 4.0, 4.5, 5.0, 5.5, 6.0, 6.5, 7.0, 7.5, 8.0, 8.5, 9.0, 9.5, 10.0, 10.5, 11.0, 11.5, 12.0, 12.5, 13.0, 13.5, 14.0, 14.5, 15.0, 15.5]","[""c790a0177063d2b2cb970c8b94d793724c3c475c728c24875aa78b60fcf907c3"", ""8cf5b851e4a9e230cd0bc1d9ce4ecba2d98d18b83fed53faad14c8312e7716c0"", ""7af0480910af24c7ead20237f4f4adf1e25e7ed5292c15fb31ad31debcc32af3"", ""53a3ac4e547b9692034f5f5e319b654e0e16f8f63330443b18659053c0c7524f"", ""8b40efab8d9760d3a5d65f0815d4c64a75a411025d2050b635c1b45f72de1ce9"", ""de23996b4fd073ea6e2db0b1994908f8c0d1aba27185f7a28eb1878b9c79543a"", ""ee016b6c9222466a8117d219eb5779b9240c9a6f135520b909d9e43f98578cb4"", ""adb53face88592dbbcff5570ee528e113d3f9e70067dc32d1cec16687d7f8cdf"", ""1515333d55ff93e79422d6f32ea8b51568abc8675f18c6fe869713f644bce2ab"", ""7af0c2379751f7b31db028f2ceaa7bc63c657982ad3631fdeba468f60590e02a"", ""481e9a13a3db3d58e504e7b9a1a3fab8f5f35df00c1f6834dcf36562e935448e"", ""72b5fc7b86b8843920a50624150049163b8c052423fdf0a5c9db9d02d92c59a4"", ""2b2a13382a73f5a9705f8fbc589dc325fa4ce1698e8cbf5571a8a6800e0cd92d"", ""070ba3e20d979b631ae567487722f9e6d0ad3596246ec22075f43e0673be77d1"", ""41a48a5ea24edd3ee4ea712c594ccb0a508a75f281f77519034a7cfc3a633d5e"", ""57615e39b5a2ccbf6d214a6331189135f58e3b0ae7e6313b1fb897c593ec68d9"", ""629d74ecf7407bfde852437eb1ff1777963b772188031990d523c83ac3869223"", ""10e769cfa1767bcb7c75f420e7d9bf167ff23f1a8b46b2a19e69a48185d55470"", ""6a7149846437d59a61dc35f413bbeff5866891413a70148be22800186df68a0f"", ""522d0a9596dba0567a782a480a1fd6e084ee79c6e39db004589ef0285cdb0dac"", ""deb84d1122146812880f9ccce03d25a1f38140e2b957132e16e5aa2cb3455d12"", ""6825522d48fde4af19cfc82fd456e879a63d6f8ef6932b25db1e0bcc25815071"", ""f6aef2f709d7d539a8e309b2803b93c1392c4052a88addd3060200d20bed3ad1"", ""4f3fd6ae0131876f2006a50f34720bcab57185823020e68b54fc177cf01f6fd9"", ""b0648d229a54cdd30657f6e112a752e961723fcf489b58aac8cdc210cb95105c"", ""44c0b3cf04d1ea1dd8c321684b61d72429ed99e11eb5a13febc1941db5426a9a"", ""4a9104b3c28e8e4657f024249c421f74077f2d77895bf6c970548352a5f7aa01"", ""a09f29f60c4f0f4680f242f616755b3548824b2961fa4d95e7bd3b9b77e54151"", ""72404e65f3b5c5206b20731b8556d5ace6dccb50fe4a3ab2ca0b05f6cd2fe9f1"", ""1bf3b7780b5d4e1db54c8a19f29a81e48701216ef87a111ce2588ba006775266"", ""156b0eeedeb44796c8ca6f1ea13e49f1c18aa8ab0a41105559fd29a4a8419ccf"", ""4b242b7083e3aa7b9c8118c8169c12ba8fdbe875dbbe94c512d33388cdd74c1b""]",73d30b2aae67e4c29c3e2883176b5d159fac945225db1d42c177b5ae335db95b,public_unauthenticated_yt_dlp_then_ffmpeg_2fps,external_private_cache
g_5eb922048e8862ae,youtube,candidate,INSUFFICIENT_EVIDENCE,"[""exact_identity_or_complete_set_unresolved""]",2026-10-09,10.021,True,20,"[0.0, 0.5, 1.0, 1.5, 2.0, 2.5, 3.0, 3.5, 4.0, 4.5, 5.0, 5.5, 6.0, 6.5, 7.0, 7.5, 8.0, 8.5, 9.0, 9.5]","[""d6b08a9c1346c4d07c421e7e147af1dc6ba41eb4ec2e4efee40d878cc8d5c894"", ""3717a703913a3c6f5b19af1553b72e37f9789df7399bf4b568a442b35ef350ad"", ""1ab24cfdc39325a0dd89239ddefbd23de414b8520235d897aac96e29ab142c15"", ""bbba51787eb9bdb92944a271398f9d313bf51689c5376e3569f73235e6acc798"", ""6888e5cf0399a547fefb518a727c1a93728155c9970c7384ee1f1dc12ed33e08"", ""17447fb0ead3160f5da5a912cde6d9e8f6b5e7884d4e96809f9627306ea14f42"", ""a9cfc4c0f3ac6fcad3eb96ef298ec5949eb3bae55aece30f2a6b54ba2ad20d9d"", ""b6ae3b2ad5c038fa9ccdafad77aed9f3b7edc3b64da9b1a8f42a17cbea3d40e3"", ""6f153193a02081e5f23ec5f8d2c0d0c6d2462b90c4d887d0bdd1241de12787a1"", ""0e0f4221fcdb1423277caaa072383d793f24455719e1c5937cbb53c53261fa44"", ""0d1542ec4f0af6b8f4e39ca831fbf5e026409e3da76e772e252893249d617623"", ""3c1e7f426a5ba05b9b49af10b4dd1d3b1794da7cfd532ea7e285fd61315ee49d"", ""4e03e6c294f0844c80f88eb3fb15792b8cb3eccad6212547d4e3766b78bdaf81"", ""237634ed5072c96117b5fca0b6789f726cb334245d3c564a46d2ba9276bfb729"", ""1bbe7e777c09d4aa2f264cd1e28e00fb24844768f69ea3b105f6c60c20e682aa"", ""c2c4ca879b3e9cd37d98e13715fa536040fefb94806fbe755371e66d65bd8950"", ""96ea257bb0de53f5f64c92a2c1352bbae9332af37c8d3bd9a03a332e116cffda"", ""c8aaad6243da579d4fda128228255e7581a850ebadaec9d01e9edf4d6640e6e7"", ""35d2cbf77187aa8bf7035227bfb5be9364a48f3fcae7bce9f580d1db3d3938d5"", ""be765449105446b62b20fa10d5f217c01430cdfde772cfd23b235b1b4ddb7a3b""]",b3b7992a7b91afeb39b20a284687adf9eeb371a59cbeb71bd2052fc63b392c94,public_unauthenticated_yt_dlp_then_ffmpeg_2fps,external_private_cache
g_ce4c402973b4436f,youtube,candidate,INSUFFICIENT_EVIDENCE,"[""exact_identity_or_complete_set_unresolved""]",2026-10-09,8.021,True,16,"[0.0, 0.5, 1.0, 1.5, 2.0, 2.5, 3.0, 3.5, 4.0, 4.5, 5.0, 5.5, 6.0, 6.5, 7.0, 7.5]","[""efc89f9bb8415bdde42c196f7fd122fb0f5fe9093386bb99f91cd68b657608d0"", ""fc9e138ab135d61c5bd9fc3637d37d17276f977383adf9ccad2cee01347e6a54"", ""f02b0d486b48a77fc0ea71746de678e45d5f7d8778d791c25e388f76bbcb4881"", ""59c412a6118cb28595d3502c3f0263bbe82bf98e35b1963990b6855521f14ec0"", ""46d2bd6c9c348fa90ee18f3d92c943bd87dbe9147c99f21e28190275f527376f"", ""aefa529204f420bf3e7f25bdf071bdf2a46ce1faba67ee4c3bb1fe4ca01c90ef"", ""915575fbdaffe4f12c440c36331c91bed923203f955e54a488c60aa6c75a1bb4"", ""c829d0b0cff3c25c0d5bfa549e72cdfec63c7f6c2ede6adc91a60fd5530047c3"", ""7cffaf856ab04ebf24f1dc9691b0e77a5848480a0a3abd9696493ead116bd725"", ""742e0f14385e9fe41fb65059eeb710f711392eae3b918d628a2b0e5fe05223b6"", ""3197fdbe9f91d32b555151a861d7898bd198599ff2cc65136bb9913ee508b9b8"", ""27d2a5213e7fe10733a02154e061ba339002442040e61d3dabcf7be3897cb7ca"", ""9dd995a968b19904590014fc7fd6c6cfcd4492fb44e86d06d59be118d327d02d"", ""603794202969fd5678da332b06a0a5129442c5c0237027eed2c97eeb7bfdb2d3"", ""a6662b5cc6137773f3f6f78e0b3c1737e54fd6a40df4c13e0a272d5e0d3c84c2"", ""3c8ba3adffe4098a1dcb75703a665a508c45abd8ce30aaeaf17d9683405b758f""]",0178f7c8648f858a01e07d565ce99f2e75fb625e7a5e808ee1b9f5b94ac3a058,public_unauthenticated_yt_dlp_then_ffmpeg_2fps,external_private_cache
g_f184c58af03ab3f4,youtube,candidate,INSUFFICIENT_EVIDENCE,"[""exact_identity_or_complete_set_unresolved""]",2026-10-09,12.121,True,24,"[0.0, 0.5, 1.0, 1.5, 2.0, 2.5, 3.0, 3.5, 4.0, 4.5, 5.0, 5.5, 6.0, 6.5, 7.0, 7.5, 8.0, 8.5, 9.0, 9.5, 10.0, 10.5, 11.0, 11.5]","[""d35749ea4e18e589ca27e730eb69b92e4d547cebc147cc5f818f05dcce6f59b3"", ""f7d920eee4e267a90ff09ee6b0b78451976741b6f1075b3df9d866fea0f16628"", ""5daff6f2741d07ed505becc0af442d1a4818f080f561eedcd28b61c493816a40"", ""abf9fd6ec1b4d7d85bcecfe5dd783df7767de28000d8a2232f93ea8bfd563c3f"", ""67eea33a76805a22cf61d2d05ecbab008b09dc03daf2d27388c962435a49df65"", ""b7b0f8c4f3cfdbb2302f3d167ab6cb86606d3e4154f5732c8c6d83a8c2835d5c"", ""2c08b7f96ea52ca4bccb6de69a290c1051e9b0476471ea814e309bba79518e8c"", ""5b0accc65db00a95c22f98d47280174039df6bd2bf27f88e9fa9f57c81c7418f"", ""f463593ddc94c8593b1dded3be8693dea41e15ab3041cef75e15b40f566f5635"", ""a40620723ceb96889eb2927ee921db88e91d40b0a686e6398571dc13ca6ad0b3"", ""182b37b46854a645d18370e20c6f6f67431f0a6f153c5dd6fbbf33f61fc35461"", ""a105693de66eb08be12c72d8b6eb2e7a4bd0b431d66dc01e08f46d726d15d4c6"", ""66ddbea837cc23568aa591666e6c9239d597fa249e4a5e6f5077b835ac2323c5"", ""5cd6d6e4e357b27aa8f603af56ee8a839b3907afccea86b82ba26c0ee030b322"", ""00740fc9b3ccc584e6cc1492b3f32ac4a50b84c3e7c20b7665cfe4a4791eae80"", ""ba7786cc06ce73fcf7e61f2d4d779fdaa6c69fd3aeeffa324b8b94ad1fd02e43"", ""7785a3a140dcac9b059f5a4eec611b85b04c864b6b5fb6c93ef0c54ab21adccf"", ""63d0fa50beb918eaa0252387641dd9f815f5b25dca0c95867959a5dcb62a6adc"", ""dd6cc7796605b523e05b69b4872127dde747b497a861ded3c056ecf6e95a86e7"", ""fbcab1cc113c141e8c5d88b646be949bfd45390a499de11e2da1141617382c6c"", ""a0e37cb6e202fb03944b52c14e880966365f447b971cdac8bb3e35fed9140b63"", ""e1a4eb974e5460ee423cf0a4165532b9a5e5b5c23465cdda547d8349e8c66dcb"", ""d375d09f177ed435c902aa6cdaf9a5e81a88d2ecbe03813a8d893cefed7da739"", ""43345b9b36a28e1c411191930af5c66a12d2bb0b8faf7b7cd60004d2b51dbb2e""]",5ca059c5222dafd8be8f135034aadc8faeef09e54e2dbdb5cc40c6e2464973ef,public_unauthenticated_yt_dlp_then_ffmpeg_2fps,external_private_cache
g_97b4862d9cab5318,youtube,ready,READY,"[""full_timeline_review"", ""independent_adjudication_agreement"", ""hashed_visual_evidence""]",2026-10-09,14.781,True,5,"[0.5, 3.695, 7.391, 11.086, 14.281]","[""32472a265719a7a25ec99bc16dd8cc6e6f7f01cdc93bd04d9e9e3124551b9602"", ""a857bdc69534249f1599a96b4b17197cc07b2026ac8a128fd192a5ca9f40eafa"", ""978c62d740991763796d6f8123df4f7b86025d5940999ad37723b40c9d8cbfae"", ""b517112ab90fad3f44e5c828ecd8f0742d2cb0e4289a79d88abff40303fa443d"", ""ad86c5fc1a9c63cac3b0be04351a60c28391502e2ee0a54b76da957a1c83a6a4""]",63f0f8036c807db845cca43895189312e3ccaa1a580f2accc7aebf2e926e53c4,yt-dlp_public_source_no_browser_cookies_bounded_720p,external_private_cache
g_dcaef52c29b48f98,youtube,ready,READY,"[""full_timeline_review"", ""independent_adjudication_agreement"", ""hashed_visual_evidence""]",2026-10-09,15.341,True,5,"[0.5, 3.835, 7.67, 11.506, 14.841]","[""b9ec3e0df95f940271298dad81c01c576c32e6713389b76b4134136effe6f0bb"", ""50375e6df99a41d5fb09c82f78c14ce43f9b3672f879c09532d4d45c4c294a3d"", ""c04a1f8056275bec03fcbe7409962b8959b00929e37db2a02906b035b5da1df3"", ""395def0d106f84d6f9fa23f64105119d77de0c5b05de62bb2ae0a1093e27431d"", ""280be1348d5f31f6c2d3693a2f26d7fc97571164a2a12dec2e5f40fedc17d84b""]",ac9a9d80f8c3f437439bd2921910cff62da788eb22bb6e7b08c1ebb8a62fbc3b,yt-dlp_public_source_no_browser_cookies_bounded_720p,external_private_cache
g_669bfccc012aa40d,youtube,ready,READY,"[""full_timeline_review"", ""independent_adjudication_agreement"", ""hashed_visual_evidence""]",2026-10-09,15.001,True,5,"[0.5, 3.75, 7.5, 11.251, 14.501]","[""510a444ad24957a2edb9302b3941364b1898ff9b52d8ab5a6be422cc000e5897"", ""7521f723fd9399959ed55a633979e991419d70e47076ed58f3d94b1816f08022"", ""7cc85e8adb689d8bd2ff9244c0e48835e34858b5b2f2493b04192e5026e7578c"", ""1d0438d93d70683c726659491b2161b606a2579f324b982551ecd2710d792d74"", ""bb70294485fd0e760a94476912d2e1d092f20a29e41b64d68d6f35342eedfda8""]",d2aedab059bf2f002a9c9badfb55f64ead13f2f1fcd56ec29fdb9ec52a005f73,yt-dlp_public_source_no_browser_cookies_bounded_720p,external_private_cache
g_d89486f4cde5e92f,youtube,ready,READY,"[""full_timeline_review"", ""independent_adjudication_agreement"", ""hashed_visual_evidence""]",2026-10-09,15.081,True,5,"[0.5, 3.77, 7.54, 11.311, 14.581]","[""55a969ffba0dc883b0085b8009cc2bfbf20038277a9d9025df941a1709d353f3"", ""692c96358c35b4a25225f4f137d9cbc2bcb9ae10b31e9d39c325ca06c0c1645c"", ""67d2594bbebf61d1020f2a5e3ae61a23bdcefdd61bc91b64994249298cebc145"", ""6a56cb05c61d77c9e23e3a9279b47d1d7c681572e018726a5ce47cae607a49c9"", ""32dc679e92ca16be7b0f8214db0949fd861b5ade717e9c78e387bace2d5695d5""]",59415c5613579996136ab927bbb405cdc1f035bd8f0e720b2e2b7bf24ca768ce,yt-dlp_public_source_no_browser_cookies_bounded_720p,external_private_cache
g_f6a98519d54228a4,youtube,ready,READY,"[""full_timeline_review"", ""independent_adjudication_agreement"", ""hashed_visual_evidence""]",2026-10-09,15.641,True,5,"[0.5, 3.91, 7.821, 11.731, 15.141]","[""9e53fd4bfa12c8c2e6fbdb81cdc25848da8f6140a5299618ac363e71031a68f8"", ""c85ccab1cd42d04f585f3021ce367fded92084b3a40aa4008864156671f29706"", ""68e7c5082397470fc8b799f79ebc2260f25f3a2d5ccafeaaf923b1c3bb2c409d"", ""69e289d4aae82c6388c42cd8b8dc101c815a34de34e67197c9da470e34f9a0c7"", ""8717453d20a627432f6bb454a4128481b59377373ae9896001ebadeb73b2f3d9""]",5f297e170179612f16efc12e8fb327b6cc1e438fb4ac4dd53bde0c599b71e8cb,yt-dlp_public_source_no_browser_cookies_bounded_720p,external_private_cache
g_7a70d08c36123282,youtube,ready,READY,"[""full_timeline_review"", ""independent_adjudication_agreement"", ""hashed_visual_evidence""]",2026-10-09,15.061,True,5,"[0.5, 3.765, 7.53, 11.296, 14.561]","[""67b2251758c3d781afa84d9b6e7f3fb8611d472c06ddcb924b9afe84a7e9603c"", ""ff2214f4d0cde264a3c871b0956dc842d06ff35084879931de03db01b34b2cea"", ""a0bdf56ead7b587afcc5655760772935e1b32e618472c84136600e8a89e43533"", ""3a4e23f3b6498db90efbef59649ce3283ddfa43718361fafc15499896d12cc4f"", ""6f555c9d625aa5dd0adf8ab04b957e0e8499970068b783299777e728396b5187""]",74833f0f78dffeb293df9a7369328f57712cf7e8615c52b4ce41244eed61daec,yt-dlp_public_source_no_browser_cookies_bounded_720p,external_private_cache
g_3b417f0ceb65f442,youtube,ready,READY,"[""full_timeline_review"", ""independent_adjudication_agreement"", ""hashed_visual_evidence""]",2026-10-09,18.661,True,5,"[0.5, 4.665, 9.331, 13.996, 18.161]","[""a953059bde05c38fa9a003c45484e1e31f1cebbdcb249b309190eab587dcc367"", ""efe16e9bc64fd52191ebc9c7986dc2fb6087614468ab6fd0a6c08f59f1f56715"", ""26865e9e94db59a5044ba82ff9d105db9780cf92fdec085af72123f4ea9474c8"", ""44bd4c43ada984352406c6c9919094af46c3876d9fd6d1a814da465cdd720cdf"", ""b65f918731fce3ad22ae291419d7fb80aca0dc761395794ece4a18e7a94c507e""]",6b8d16bce86087bb0131d6d8436677f9911edcf73ed992a5c0277aff6f1f959a,yt-dlp_public_source_no_browser_cookies_bounded_720p,external_private_cache
g_8ca89a8907c8b630,youtube,ready,READY,"[""full_timeline_review"", ""independent_adjudication_agreement"", ""hashed_visual_evidence""]",2026-10-09,13.841,True,5,"[0.5, 3.46, 6.92, 10.381, 13.341]","[""d872c4f6d86344ef3c607c5e1ee0f229a5397843764b1c3e0a6dd3892532fd85"", ""b835d3b52a19c08b98767e2e21a416a60d57753eec406b133dee38ea33fa4872"", ""bcf989bc328781a4695e2a2984c232133807637217d60af94ee8d4933daf4ca5"", ""cecef5458b6615174a3487011b40b9aabd133db32b8bf5b2cbbb315e290e8b9a"", ""7112ca592ffc12182319240a0dc2218e7987e7b991fb2911ca33e3376180f2a0""]",aeccc7a00d8134f414479c58c6c80921960d31c5c32ed449c34912342b9bbe0e,yt-dlp_public_source_no_browser_cookies_bounded_720p,external_private_cache
g_0f6cc7ab840aa0ce,youtube,ready,READY,"[""full_timeline_review"", ""independent_adjudication_agreement"", ""hashed_visual_evidence""]",2026-10-09,15.961,True,5,"[0.5, 3.99, 7.981, 11.971, 15.461]","[""d5e46bd87af5f7e27b49883c7612ca6ef3efe29ecea61e5a899b92fe3d589fc6"", ""b39dcf67329b0652ce099f7e9a03ce998fb7f3311e59f1287599264bc75b3240"", ""7a40d579000e2b2077d5a6166cdb2814053ac1430888ef2b557dde8796add258"", ""57692eaa924e7249fe3d3a0e6c67e270432c4de4c85b334d90e02049e0aa9788"", ""b2ab7059c3bb24b9774b38693b6ce675f2edf931d51ba72ce8e15c0fd315df0e""]",65a0fc847aec883417ebc578f866c8c2af27958487aad11fd7ec5ce150065f41,yt-dlp_public_source_no_browser_cookies_bounded_720p,external_private_cache
g_ee562cdafb76e4d6,youtube,ready,READY,"[""full_timeline_review"", ""independent_adjudication_agreement"", ""hashed_visual_evidence""]",2026-10-09,15.781,True,5,"[0.5, 3.945, 7.891, 11.836, 15.281]","[""595b0a9105dc93fa16fa521efc2bc72623c9c47d3bec0b646b11a23fc379f3c4"", ""e212bfaca295c06f4012a6a94b582a57daf05e1a99f624be260182837ec4276f"", ""0bd0dcad043a610430c97c66fafdce02d8d4aa07681b1b05c1b62881319a2739"", ""d120e0fccc8f9cda59fdb6d33399c3878c1a2f914ae4da085d4dccce1b75bb9c"", ""2a8718e01b8a2e0b6649c607e5612949cc5b79b21f016b6f8d3ab83847b2bb69""]",e6d0f6e33015f9e9a07cfc95bd867268115a7f775dde74854a5edf0ba33acb6f,yt-dlp_public_source_no_browser_cookies_bounded_720p,external_private_cache
g_67e0a683a1890ea6,youtube,ready,READY,"[""full_timeline_review"", ""independent_adjudication_agreement"", ""hashed_visual_evidence""]",2026-10-09,15.181,True,5,"[0.5, 3.795, 7.59, 11.386, 14.681]","[""2cf33e13ad15cb321de278ee6fe494672a2b5cd9589ac792ec16fe6beb49a1d3"", ""9c79a06cf9dc04af711fc684543ac78350237d8d7683ecbe634d3f81e20606f4"", ""6af9443d7584e8ee2ee0d26f4a475801987f1d160830c77bb9af04424504b1b5"", ""3258a2584889844b8b48744318397a5f9307e1c0ac3e6b51d2e5d2bc63279b8f"", ""16376fb8359f385e8fd7628032882a4b46c6eac88e5fb3745ef8242c82815c4c""]",7e4a875375c54c12b29b85ca95edc4de4bccacbfd84f3007dcf092370ccd458f,yt-dlp_public_source_no_browser_cookies_bounded_720p,external_private_cache
g_98be21698209bd53,youtube,ready,READY,"[""full_timeline_review"", ""independent_adjudication_agreement"", ""hashed_visual_evidence""]",2026-10-09,14.666667,True,5,"[0.5, 3.667, 7.333, 11.0, 14.167]","[""618ab84030b117a2472fcda55a90863cea03f57de9eecbdc8635e298982b473c"", ""72e38316f44272706c44a416a70cd9675a814eca6cbaa93d30b560d267c0b76c"", ""c96d63b3c9465807bc0bdab5e422fe6e885fe4262c292a78bde88fe652874d05"", ""06aca07fadc466d39250aff6486279a9ce7d466283f7cd1b61534c9ccc39d08a"", ""2113b80becf6660d0f3fe6681be128c08835ec7527f4c0e127ca02b4688cc715""]",04c58cea3496dcbc3937238051dcc969f3db74cc651e1a3e923734af088248c3,yt-dlp_public_source_no_browser_cookies_bounded_720p,external_private_cache
g_2a54b0b629c794d5,youtube,ready,READY,"[""full_timeline_review"", ""independent_adjudication_agreement"", ""hashed_visual_evidence""]",2026-10-09,15.081,True,5,"[0.5, 3.77, 7.54, 11.311, 14.581]","[""ca07d38c3e81ef4fce1b33b03e1946b5bd6dffd3cd182e9ebb2a9b9afd3b6c9f"", ""912eea02a2bde31533a6d8d1bd16481f78bcd74fe6b6aae06fc987febb544ba3"", ""2564cbfefbe3b23e6678fef81b5850e02b91667cb5d49b2e5b5836c4b206f6ba"", ""139b4fb92643a64f2880ceb6e66c7faf60ee35f6b6162cbf5d860274742740f4"", ""73df20885f80fbd2aa8269136d9cf8ad0bf49f8fe9a1b1d0c82d81609590ce1c""]",3b20e30c5091efc5f140a88c59e876005c92cbf9146f8636ba450f7805a3f2d0,yt-dlp_public_source_no_browser_cookies_bounded_720p,external_private_cache
g_c4c6c729b3c44b5d,youtube,ready,READY,"[""full_timeline_review"", ""independent_adjudication_agreement"", ""hashed_visual_evidence""]",2026-10-09,14.201,True,5,"[0.5, 3.55, 7.101, 10.651, 13.701]","[""4843dd89ee784f669dccf4128d70bbb6c1d0a4a31c246f3ca704183c6a5f1e2a"", ""972b62879ee0d2dbb63c165dbdc8c390e5f257e961de8f18577b285bf779dd5b"", ""00c033a916de9d5080e5d956e0b3af20740cf9626da984d6c64ed2412e2e393d"", ""dbcc9ab02271a9a989e72173c6d8b4d63471e1419cfbd7d2064c5026456aad74"", ""06a354779e63545891f7fd8104bc30fa99898aacedfd41eb38ff9e7b1ffe165f""]",aa8e4e744e2ac7225c88fb6eea71dfb227973c10ca32973609e2e2a14322b7f5,yt-dlp_public_source_no_browser_cookies_bounded_720p,external_private_cache
g_98ae560e9d355a97,youtube,ready,READY,"[""full_timeline_review"", ""independent_adjudication_agreement"", ""hashed_visual_evidence""]",2026-10-09,15.301,True,5,"[0.5, 3.825, 7.651, 11.476, 14.801]","[""32b588a3907aee3e9f09ef0ccdda1754e638da4de4dd0bbda17fa56ef4a1b5de"", ""2a597881447178d8834cfa2a76bbc80a6f9adebc11814f64d2199b6b19a16b59"", ""6e91e9c10cc1ae39ce8cb8287c2fc513051ed04fc21ad8d0708f43fa2b50be10"", ""998675741681c9a169b38045947e11a5f6b98c7ce22287d32fa94ec35696c20b"", ""06fd41d6f589f01932d4c17735f7646889ad807a3ce2faa442032e4d1bbfe123""]",bf333c7187fd4e4b9df3b0bc11be6085e47679892406291b5e612e69f599559f,yt-dlp_public_source_no_browser_cookies_bounded_720p,external_private_cache
g_c0d550d645521d78,youtube,ready,READY,"[""full_timeline_review"", ""independent_adjudication_agreement"", ""hashed_visual_evidence""]",2026-10-09,10.301,True,5,"[0.5, 2.575, 5.151, 7.726, 9.801]","[""8f1fd5e9cd31e49d1de2e77e1726ea8c1c2255cf3b6370716381890c680f99f9"", ""686c3779becfe547c089430a66783a6bc9d969f99b32aae5abc631d7e0c22ec8"", ""2e16a47d60e907e080fd2506e8a861bd1d868f85afcf988014c7694c79e3d0e3"", ""aa60eb2091f2163707bfca5de0972882fb55d68a668ee7c0ecc2fc53551a445c"", ""f19618ba13b201cb8ea61a7ec2cf6857ced80963b433816571387e56502d230b""]",81ac3a837190e8e179af99d8e828f81151a1ae3c013fbc978a488f3c7535892f,yt-dlp_public_source_no_browser_cookies_bounded_720p,external_private_cache
g_f2a777607c8d71b7,youtube,ready,READY,"[""full_timeline_review"", ""independent_adjudication_agreement"", ""hashed_visual_evidence""]",2026-10-09,13.781,True,5,"[0.5, 3.445, 6.891, 10.336, 13.281]","[""137428df45a89160fe21d7585ccf9ff21ca9584e54701d7807a77e4668eb1871"", ""f3eab2efc9435e2dd652e9b6534b9a7853245c1018ffa61753c9fb095c7a8c24"", ""a3c99a78f787c33e8f24b7a00c560d47fcac6ca711e97726a11bb8501166ccd2"", ""a9a7da6e974bdd5b67b7f39bcca4e9a5611d76133486c627c2c62b056fa276e8"", ""595fa947ad196904ac3d7104c9acd53aff090ad95b30b92a824b88ff2152b1f2""]",73176d8d18921851369b80152abfd8ff923a3c99b42db1b0a90b5b77bd4f3094,yt-dlp_public_source_no_browser_cookies_bounded_720p,external_private_cache
g_9df4b590dea6bf82,youtube,ready,READY,"[""full_timeline_review"", ""independent_adjudication_agreement"", ""hashed_visual_evidence""]",2026-10-09,13.181,True,5,"[0.5, 3.295, 6.59, 9.886, 12.681]","[""f6e6439aa47f7b35ab24a20c38a742330849b5d77541ce2eab65f5cfc6dfd1b3"", ""f27ad3da15e48d0a344bb39d6c09ce358a2391ec279212e20d2171268f4518f6"", ""27959468bd84acdcf1d0b322acab39dc027fe10e8513334a50c2e8667a0d7789"", ""d3dbbea1e6285a3145b3d7be715ee2e651433766643461233985c38438baf62d"", ""f08bae687c0d7be6c91035dce5dd33a0151ba5aff29057f19adfc27b74236503""]",eb5cb6417942efaecae243d3384c85a13ddd6a2f501aa7dc4a09d8d204a13f39,yt-dlp_public_source_no_browser_cookies_bounded_720p,external_private_cache
g_3bee4d66486f968c,youtube,ready,READY,"[""full_timeline_review"", ""independent_adjudication_agreement"", ""hashed_visual_evidence""]",2026-10-09,13.401,True,5,"[0.5, 3.35, 6.7, 10.051, 12.901]","[""7d0625358af0c1ff3d436cd3e0a4fb1228d704108de1520bccff49932a853bd1"", ""b7db8a645ff73603bc6b7e560788694581e14e2cf79e52a1bfa6c76643e76adb"", ""d275cf815e70333e2f84d545a2e3f799a089c020f91f68d340037c5e00f482c4"", ""7edddeb9266e0f949438fb8739572dcdf3c30fa126a9e790134604d0ec6f7a57"", ""8bc967cc2c20d4977e08724550992206f58dd4ba1f02fc4353a0de8a118534be""]",af2bb3e40f03c02eb904f4908724b14495a7ee5ac9edf590669e81e496e933e4,yt-dlp_public_source_no_browser_cookies_bounded_720p,external_private_cache
g_a8692b2f4ab87eef,youtube,ready,READY,"[""full_timeline_review"", ""independent_adjudication_agreement"", ""hashed_visual_evidence""]",2026-10-09,16.821,True,5,"[0.5, 4.205, 8.411, 12.616, 16.321]","[""d6534e3186bd04b1d37cec420dd1918afca2ab85ae3dbc770c09522f3a596649"", ""1b8b195a47bc4a8d1e9c8af1bab1dc024ccaf1208054d00b16a6798f4adbcc39"", ""3e382e4fcec068f78b5ea235b8d5814e3769ec27e633e5cb34497af2dfe4cf74"", ""e09f2219dda557f6a33c9a3176976ae7dec1ea02e2afae91b6eca8792f81256b"", ""82459d5d758d68af4c6f5fb6b65698b5337f66b6a67b1427c30eea7405de3525""]",88e6bebe3ea6f1b6e278028ba57f509f88a8ecea6c6bcc4366875c3b005e9143,yt-dlp_public_source_no_browser_cookies_bounded_720p,external_private_cache
g_53e494b236bd6ab5,youtube,ready,READY,"[""full_timeline_review"", ""independent_adjudication_agreement"", ""hashed_visual_evidence""]",2026-10-09,14.741,True,5,"[0.5, 3.685, 7.37, 11.056, 14.241]","[""c4475ba0212b4d0e38e3421596869fd46333ae12299ce7e60b4fe648606de38c"", ""f57aca32d0d520d73da7fc5824d0e3122af579963600043aba34e4ebfabd284a"", ""235b9258b7f4a78d49a0acd97cc54aaa97e0ef4f8b8d834857dff00125211661"", ""5ae180fa29cab59000a4317e77f0446ec61aa09979455be318d1cda0d161f5a3"", ""455cb1f13aacf3323c9e40e85fd3bc9aae3327e0cb8d5383fde222964a295c1f""]",3be1bed0c7d7641142950d9940ad32a05a7b01b2a4967c66ad15b75f9a4114c1,yt-dlp_public_source_no_browser_cookies_bounded_720p,external_private_cache
g_87ec299fdc1734ec,youtube,ready,READY,"[""full_timeline_review"", ""independent_adjudication_agreement"", ""hashed_visual_evidence""]",2026-10-09,24.621,True,5,"[0.5, 6.155, 12.31, 18.466, 24.121]","[""3d4f6c8b620ab5f30f8df2346342d6192ad849845c9700e6a704365880fee0f2"", ""2888b3a8c09cdbaf96cf3ddb630c7851f26f822686a36506355938ac42bddaf2"", ""99da52e1645972213ed6624a987be296d57727c535d61b70d98389d1c50fb0a7"", ""ab00125751331157bff9d3ce22305eacee56bff469521e1f0ae39b7f04d42062"", ""7530db160ca2bfd8b281623c565beeeb7528a56a79130a447ffa23810e018926""]",4dea20a444adb2f700d9e3e0acd71e73f08dcdc34b8c4bf6027f861074590cf0,yt-dlp_public_source_no_browser_cookies_bounded_720p,external_private_cache
g_8509ca0e067ad9de,youtube,ready,READY,"[""full_timeline_review"", ""independent_adjudication_agreement"", ""hashed_visual_evidence""]",2026-10-09,14.533333,True,5,"[0.5, 3.633, 7.267, 10.9, 14.033]","[""e3ec47f1eec42794ea4da899ec1c3759d8cebe2c10d7f188af2a450dcd84d815"", ""5b1f8686d3f6650a25a6a07f8d33a32953868283a296a334301922f7975e845d"", ""ea7fc86f655ed83e97ea964948054d0593c573f9cbb09deae7e21816bb6907ab"", ""3a3a925d77f32356c42dd749bfa6079e62661d163ca803ca706a3d34766c785b"", ""b4d11f6f70966617b336d9fe3cb5165348c592de0bc7723c898cd12351549ba2""]",e22b77f35094edfd10051bfeaad6499f9eb71c1898434bdc427e925ded50ef13,yt-dlp_public_source_no_browser_cookies_bounded_720p,external_private_cache
g_65aea594c4d819bc,youtube,ready,READY,"[""full_timeline_review"", ""independent_adjudication_agreement"", ""hashed_visual_evidence""]",2026-10-09,16.761,True,5,"[0.5, 4.19, 8.38, 12.571, 16.261]","[""ca594722d961cd315505954262aa1d5d3de9ec3017e2f0d3f268c56380b5aa69"", ""01c83ab5a77d67f543c83ccda1d6d308b223128e0a9c842b515b86ac266e792c"", ""1ff486e74a8ab453722b0bb6f514b46ad12e15a0bc1b627e6c7de51d91ae990f"", ""0249607782b60393de2ea0f40c27246c96d5ad7f203a25bd4338e9805ea6bb50"", ""af48488e335010ccccd4f67733e61fa1a3592108ade479bed5154045c281c8d1""]",584afbde6962520aad9df5120883af13a3a633e2b73399d0a967a2632a4b563e,yt-dlp_public_source_no_browser_cookies_bounded_720p,external_private_cache
g_009757c5e881b906,youtube,ready,READY,"[""full_timeline_review"", ""independent_adjudication_agreement"", ""hashed_visual_evidence""]",2026-10-09,19.621,True,5,"[0.5, 4.905, 9.81, 14.716, 19.121]","[""9c44b84c7dab99cf837f4e7ab322495eb6710bab24cfde23c5f52663a0a15e9b"", ""0fd71462ecbc74911c5fec298d7ada20eac0cecf1241f721be69e3ae296e74a9"", ""3c42beee95606640f557b4cbcf3731a8f427f77168b2f286d379c732da93f53d"", ""26dbfa9ac42be28e6280fe5bfd8c8dc19ca73ca5879d18e1ad3427ae6804f954"", ""f5a7f267335f7d9fa062b553f50257b3f749613ab4431d9c650580e6e1b35e30""]",28cf62169056b702d1f6521eb38bf71a8d8fbee30789afe427130cb4b22dd777,yt-dlp_public_source_no_browser_cookies_bounded_720p,external_private_cache
g_b7eb93353b0de598,youtube,ready,READY,"[""full_timeline_review"", ""independent_adjudication_agreement"", ""hashed_visual_evidence""]",2026-10-09,21.321,True,5,"[0.5, 5.33, 10.661, 15.991, 20.821]","[""9d5078b930d2e2b671495467965fdee218c456fcc9e23d0398df853344af631c"", ""d92dbebe39e4f0789fdeac17c847434fed147fcaf5a1663e069b556b83f4fc18"", ""264268b2659a47df2a039f035554be501caa2ed5b8ebf8497b6112ac9f7d4887"", ""5de745201e672da0e4d1525af3bc088835a733ba96ae089a324e054391e3b2f8"", ""974f8552a18b8766774d323551c61324316ace62e61d38eabed0defbde981cc7""]",1dc116f942085bfb2f20d7ddbc633cf7402f22eac3fdeda861e16c9bed0ca2cb,yt-dlp_public_source_no_browser_cookies_bounded_720p,external_private_cache
g_45fb5a777f169725,youtube,ready,READY,"[""full_timeline_review"", ""independent_adjudication_agreement"", ""hashed_visual_evidence""]",2026-10-09,19.981,True,5,"[0.5, 4.995, 9.991, 14.986, 19.481]","[""de59a264b392be19185c886b59d2b34422204a9825773e6f2ea1df22654a9417"", ""3183387175c8e9743d9520e1f9d4210848c520c56f5f4f2512462a7f3ceeff4d"", ""baaa05eda85e585ec6f6a37f4711c46dc8ee9929ea5f42614d220b46a6ea755f"", ""bfdb2a572cd8527211c6cc9452cfc65f44433fad11c38fdd117038cc350aa4ca"", ""a68fa45bd6390e7c97ed06582eda298439a8ac2dd3f5eaae9ebe2d43bb106d8a""]",6299ad1349fe80eec3415851f14b951dfdd71407a0840d4cacd0434f518c4936,yt-dlp_public_source_no_browser_cookies_bounded_720p,external_private_cache
g_be273ff7f2b3e6e4,youtube,ready,READY,"[""full_timeline_review"", ""independent_adjudication_agreement"", ""hashed_visual_evidence""]",2026-10-09,20.721,True,5,"[0.5, 5.18, 10.361, 15.541, 20.221]","[""147859408eaf72927cab45983fc3d9370a55d18ab8976cfee9aff0f8408bcd2d"", ""136892dea4360ba2dadedcb5cf6460192b8d11c86d94815cf9e50dd0535fb542"", ""96c008baf3a38c1d3d2c0889110ddad2d46f110f52a42350b3be07c112c06bc8"", ""2f4d435dc2dfe200613972e4f5b69b850c9447897ad82d5f0e3a01224d3d8491"", ""882d4e4b7cfeadd86d7675db50e11aa96e1546eef34a209df07ee3aabf7ef472""]",efa4fc00381c4a66b5e14356cdc31a54f814c4518b4230846d22537042213e18,yt-dlp_public_source_no_browser_cookies_bounded_720p,external_private_cache
g_3182f1d161726f8d,youtube,ready,READY,"[""full_timeline_review"", ""independent_adjudication_agreement"", ""hashed_visual_evidence""]",2026-10-09,19.866667,True,5,"[0.5, 4.967, 9.933, 14.9, 19.367]","[""76cdb227b922c7337017915a22f5f3e7524cc05f10235f4428143e139432b8a1"", ""478441657d4ad056d44037f5712da8d9cd0eac62bf1f280e278fcf1d633182e5"", ""be81391ef1f03b0a86f45b3905faeec0078a050c11700063c5cd98f25e129760"", ""2f73e45b20e1f47d271043a4f74a2038422998bd2c115b0012c4be637ec6cbf8"", ""80437b89d8568f36773757064e496570cadd1e1b4c414f2046b42ca1ab763b49""]",b541e41cc0a28e2c53c3de1b24b1390b7043bd72bb4db42225afe92117629172,yt-dlp_public_source_no_browser_cookies_bounded_720p,external_private_cache
g_676940dafd8919ae,youtube,ready,READY,"[""full_timeline_review"", ""independent_adjudication_agreement"", ""hashed_visual_evidence""]",2026-10-09,16.555828,True,5,"[0.5, 4.139, 8.278, 12.417, 16.056]","[""faa6af7f0e3dd5050685d103b89bb0b5e8889d4d7b9853309f6e86475e7ff312"", ""ea78d66203ee373fc08a4a94d5e3ede5dbb19ee79735f3e2a1e5dc1336e04129"", ""1a3580796d917898fb374f0d80e5075a474f6fd28cb0b5885d89ae1c0eee15cf"", ""dc5c6ef08ed2cd6bf3bbb475753b5e28d146a12b935f5f5a805ae14941360f26"", ""f619eac3176049d2ad08670eb709652e3f32d8fcf4f4f0c74e03845062a5c0cd""]",b5014226170b4fad47cfdfd01926588a190808e1b65d1f71ee06862dba436ed4,yt-dlp_public_source_no_browser_cookies_bounded_720p,external_private_cache
g_3238b86109a29f98,youtube,ready,READY,"[""full_timeline_review"", ""independent_adjudication_agreement"", ""hashed_visual_evidence""]",2026-10-09,15.041,True,5,"[0.5, 3.76, 7.521, 11.281, 14.541]","[""7737a13d01af158ed61c1f6aa7b567d2214020cd786308d2e18000786718ece9"", ""225374582d9272f592fd7c9bc61776d23074a460f1c5d61eda9ede67ed7a562f"", ""ec8f5c91f8bbe33d2d76b4bfc8941e2ae10583c5be14b47299c333f57b6195f2"", ""2c19b988aff2014ded9df761b0902a9187ae55ce9f2076007529302607e15837"", ""7cf199d88bc54c9034e1f62f75b48b1de297b3a6686bacc6a8ef006dddd2dab9""]",d23c00f33165dd2e93e43e833f5c7d63d2d80bf56d3bed85e6fba9af9dc72833,yt-dlp_public_source_no_browser_cookies_bounded_720p,external_private_cache
g_c1403ea4a2096a61,youtube,ready,READY,"[""full_timeline_review"", ""independent_adjudication_agreement"", ""hashed_visual_evidence""]",2026-10-09,26.331429,True,5,"[0.5, 6.583, 13.166, 19.749, 25.831]","[""6e1946e571ef73dbf1bc40d2719f4a3853adfed82771b8deb0e307d78fa8ac1e"", ""3c47f80dc34284a254d5d9e2640839a6dabdd9f3992c964e7aef689e370f7ca1"", ""b2e7e7064137ff0d91b34868eaffa034eb786af423ca9677f7b254e0af3ba10d"", ""864babea332736cc42d68c138f6877e369ac61d5c70c617bbde757b2d8e71836"", ""1f045fe2afb619451e00f727ea2b9224044ade89ffa39fb5baabf5e2ef509e4e""]",b3402672af548b0b475d914d05bab3a2615d4da30c8a7f397ca52bfbd9a9e7cf,yt-dlp_public_source_no_browser_cookies_bounded_720p,external_private_cache
g_d0fab22cc7786900,youtube,ready,READY,"[""full_timeline_review"", ""independent_adjudication_agreement"", ""hashed_visual_evidence""]",2026-10-09,15.069751,True,5,"[0.5, 3.767, 7.535, 11.302, 14.57]","[""da1c574350c2e4a0daa080157e913e5b7d65979a86f3bdc5a3d6e860cf14cc94"", ""c26a565e60a7f7f41e536e011d3e40f276a8219ba6fef460537b6b534dea6ec1"", ""946ad164987af5f2c76ff4a0f41b9efea44d35687126c4da9048cdb67f979ebd"", ""fc14df5f5a0ada911403829943fd863e07f18b420b8efbba69ab7a654b22896f"", ""3a4d13b3f4337c6cb2ef1617cbe5811904c53d8f36ffda9cf20d7bfb9731bfc2""]",57a65309fde98ae1e768725e3b1490721b131fcd54b550af0f105a21803077a1,yt-dlp_public_source_no_browser_cookies_bounded_720p,external_private_cache
g_6955593c82afb3f6,tiktok,ready,READY,"[""full_timeline_review"", ""independent_adjudication_agreement"", ""hashed_visual_evidence""]",2026-10-09,22.313991,True,5,"[0.5, 5.578, 11.157, 16.735, 21.814]","[""40af0fc2ffc3b9c94261b37fb7f9fb7cd1a575eba7b1b153596548464cc876b3"", ""f9438e34f552b6e6c70c7ae0404df97ca4f0cfeef691db469475eb5acf008bc1"", ""439645c9c47fa08babbda7917f506295156649a020b354ee21d8a6373c7a4fb2"", ""7508f40fa8c6914702825be5a200a3c86ea5be4732b1596ce98e401b5371f631"", ""8c17312e1c5d89d91ef26a3a8be176385d135e3e9a44d93bc7f9d8f15a17bcbd""]",1cbb7b3b51c7e200fa18ef4afb545cc0163df0f3501c6570c3ebc4f6ca789d6a,yt-dlp_public_source_no_browser_cookies,external_private_cache
g_1f512476b5d3eb9c,tiktok,ready,READY,"[""full_timeline_review"", ""independent_adjudication_agreement"", ""hashed_visual_evidence""]",2026-10-09,31.0,True,5,"[0.5, 7.75, 15.5, 23.25, 30.5]","[""b72d547f0695ae71d1932ee3a9a6e31876874538b489d4f595f2fe527eae2928"", ""c32920779ef8c7b8b2ec82a20564f78d9d870d5900edbde90b874e2f577d5d99"", ""cec732319fd73f6bce884a68766f86cd3a0a70acdd43e08ce347274399e253eb"", ""6f5296d264ad0edb5766a781766fe124a85ac753a0e8557a72d3339b5bec97d8"", ""ea9f06a951ebbfd0856794fe7693e77105e6954ed967056dd5583d71557936a0""]",71d07a0797af9cc2e3f5823ba2e58032dc75a4b63a0d1e12ea883ac98a4217fe,yt-dlp_public_source_no_browser_cookies,external_private_cache
g_4a826873b125a700,tiktok,ready,READY,"[""full_timeline_review"", ""independent_adjudication_agreement"", ""hashed_visual_evidence""]",2026-10-09,15.571995,True,5,"[0.5, 3.893, 7.786, 11.679, 15.072]","[""ca6dabfd47b054fc7d9185dc9401dc2420d42438846c576b4f0b9633ad039bfd"", ""a395deadf056f329ba97f7071cdbdc2a69c991d06fa6e74bace6c302365a89e0"", ""473160ba02163a89f8fbef8ee3cbed70ece09c71301672b692f6819ce10ca6a6"", ""5f658f6284c2da1b6772a6695dbaf5cc45dfb4665bbb8f4ba298bf2ba533c40e"", ""d808a38216f5d702581a038098c2e1b26c4eb9a429aeb0181ab7815fa423dda0""]",88896efce10a7c9120d5c78a2d0e369aca7e5c3ea007191cac5fc18c8f30b2cf,yt-dlp_public_source_no_browser_cookies,external_private_cache
g_a63c24e49b074140,tiktok,ready,READY,"[""full_timeline_review"", ""independent_adjudication_agreement"", ""hashed_visual_evidence""]",2026-10-09,34.341995,True,5,"[0.5, 8.585, 17.171, 25.756, 33.842]","[""50915f98048e648f576292e0608181ca17bdd8cbdaf1cbd2d9cb9bb544c5a41e"", ""38bf82c704e226920ebb0d8bcba342fff8f1f52733f9968975aaefba37c6ee9c"", ""7e7c0f52b15dd5a1fe5f6b6b52d5a8c764d53e0c8ad44be4b7504df283623685"", ""8dce00f8ca664cc533bef7c81a0e9732cb9c3dd60c696ed53a775e5fdede7d8f"", ""3d95f72ff51c726d979209b13d24417444351fa25aee5276f921870aff77d3a9""]",db8e0bb2c3755c29707e4867ecbd688065006672079dfb14edede177bbc06476,yt-dlp_public_source_no_browser_cookies,external_private_cache
g_8cf7531db28f90f0,tiktok,ready,READY,"[""full_timeline_review"", ""independent_adjudication_agreement"", ""hashed_visual_evidence""]",2026-10-09,10.033333,True,5,"[0.5, 2.508, 5.017, 7.525, 9.533]","[""09fc14505900be49d3c4ab89c803d8eebd26096c8f9107c6c6dbe0bda1519b6c"", ""dd7a84051c07f9f15dcf9400bbd43369da818bd470b528ebccd20fb08cfac07e"", ""2ac3b0c6ac2862db2fcf3e608479631c52ced704796917ca02b0b9dc100ffaa1"", ""18598548f569cf2fe9a89f5f019726b7f0f3f04a3e7aefb11e05f8c7ac442fc9"", ""8fa59e9eee87f206de34ed2c619365c21deaab1c15411b9d37115944fb6b6345""]",30f17f5ac0583ac10a84385625e88deb5d1d1c378914d0550f395c1fdb6a5687,yt-dlp_public_source_no_browser_cookies,external_private_cache
